family,category,primary_script,level,closest,best_looseness,shape_error,kerned_error,sidebearing_error,kern_r,kern_sign,evenness,quality_spacing_suggestion,baseline,file,url,reasons
ABeeZee,Sans Serif,,INFO,standard,-0.035,19,26.2,11,0.654,0.789,35,70,2026-10-08-0604-1115,ABeeZee-Regular.ttf,https://fonts.gstatic.com/s/abeezee/v23/esDR31xSG-6AGleN6tKukbcHCpE.ttf,
Abel,Sans Serif,,INFO,standard,0.23,16.2,18.8,8.5,0.72,0.668,59,70,2026-10-08-0604-1115,Abel-Regular.ttf,https://fonts.gstatic.com/s/abel/v18/MwQ5bhbm2POE6VhLPJp6qGI.ttf,
Abhaya Libre,Serif,Sinh,INFO,standard,0.031,18.2,,11.2,,,61,,2026-10-08-0604-1115,AbhayaLibre-Regular.ttf,https://fonts.gstatic.com/s/abhayalibre/v18/e3tmeuGtX-Co5MNzeAOqinEge0PWovdU4w.ttf,
Aboreto,Display,,INFO,standard,0.078,23.7,31.8,14.1,0.751,0.902,29,70,2026-10-08-0604-1115,Aboreto-Regular.ttf,https://fonts.gstatic.com/s/aboreto/v2/5DCXAKLhwDDQ4N8blKTeA2yuxSY.ttf,
Abril Fatface,Display,,INFO,standard,0.132,20.5,23.7,10.8,0.777,0.617,44,70,2026-10-08-0604-1115,AbrilFatface-Regular.ttf,https://fonts.gstatic.com/s/abrilfatface/v25/zOL64pLDlL1D99S8g8PtiKchm-BsjOLhZBY.ttf,
Abyssinica SIL,Serif,Ethi,WARN,loose,0.309,24.7,124.8,13.6,,0,16,,2026-10-08-0604-1115,AbyssinicaSIL-Regular.ttf,https://fonts.gstatic.com/s/abyssinicasil/v9/oY1H8ezOqK7iI3rK_45WKoc8J6UZBFOVAXuI.ttf,"WARN spacing/pairs: 21 pairs are spaced far from how Serif fonts usually compare with the model (units per 1000 em, + looser): ?l +138, ?t +133, ?b +144, ?! +221, ?i +130, ?h +124, !g +156, ?f +126, ?u +131, ?k +123."
Aclonica,Sans Serif,,INFO,standard,-0.036,11.2,13.1,6.4,0.62,0.588,93,90,2026-10-08-0604-1115,Aclonica-Regular.ttf,https://fonts.gstatic.com/s/aclonica/v25/K2FyfZJVlfNNSEBXGb7TCI6oBjLz.ttf,
Acme,Sans Serif,,INFO,loose,0.359,16.6,,12.4,,,55,70,2026-10-08-0604-1115,Acme-Regular.ttf,https://fonts.gstatic.com/s/acme/v29/RrQfboBx-C5_bx3Lb23lzLk.ttf,
Actor,Sans Serif,,INFO,standard,0.051,12.3,16.1,7.8,0.691,0.669,89,80,2026-10-08-0604-1115,Actor-Regular.ttf,https://fonts.gstatic.com/s/actor/v18/wEOzEBbCkc5cO3ekXygtUMIO.ttf,
Adamina,Serif,,INFO,standard,-0.126,16,19.1,9.3,0.781,0.847,82,80,2026-10-08-0604-1115,Adamina-Regular.ttf,https://fonts.gstatic.com/s/adamina/v22/j8_r6-DH1bjoc-dwu-reETl4Bno.ttf,
ADLaM Display,Display,Adlm,INFO,loose,0.388,16.8,20.3,10.4,0.615,0.368,62,,2026-10-08-0604-1115,ADLaMDisplay-Regular.ttf,https://fonts.gstatic.com/s/adlamdisplay/v1/KFOhCnGXkPOLlhx6jD8_b1ZECsHYkYBPY3o.ttf,
Advent Pro,Sans Serif,,WARN,tight,-0.753,26.4,25.7,18.2,0.613,0.18,7,60,2026-10-08-0604-1115,"AdventPro-VariableFont_wdth,wght.ttf",https://fonts.gstatic.com/s/adventpro/v33/V8mAoQfxVT4Dvddr_yOwtT2nKb5ZFtI.ttf,WARN spacing/instances: 1 location of the designspace is spaced far from the norms or from its neighbours: wdth 200 (max) (shape error 38.3).
Afacad,Sans Serif,,INFO,standard,0.228,21.3,28.9,12.9,0.862,0.889,22,60,2026-10-08-0604-1115,Afacad-VariableFont_wght.ttf,https://fonts.gstatic.com/s/afacad/v3/6NUX8FKMIQOGaw6qhqYLvO0cyA.ttf,
Afacad Flux,Sans Serif,,INFO,standard,0.251,21.8,29.9,12.8,0.867,0.883,21,60,2026-10-08-0604-1115,"AfacadFlux-VariableFont_slnt,wght.ttf",https://fonts.gstatic.com/s/afacadflux/v4/9oRKNYYQryMlneUPykRmTvvzM83LHq0O.ttf,
Agbalumo,Display,,INFO,standard,0.271,17.5,17.9,14.7,0.678,0.408,59,70,2026-10-08-0604-1115,Agbalumo-Regular.ttf,https://fonts.gstatic.com/s/agbalumo/v6/55xvey5uMdT2N37KZcMFirl08KDJ.ttf,
Agdasima,Sans Serif,,INFO,tight,-0.278,13.8,,6.6,,,80,80,2026-10-08-0604-1115,Agdasima-Regular.ttf,https://fonts.gstatic.com/s/agdasima/v5/PN_zRfyxp2f1fUCgAMg6rzjb_-Da.ttf,
Agu Display,Display,,INFO,standard,0.439,19.1,19.9,15.4,0.576,0.317,52,70,2026-10-08-0604-1115,AguDisplay-Regular-VariableFont_MORF.ttf,https://fonts.gstatic.com/s/agudisplay/v3/iJWABXKbbi6BeMC1_RX7qEXexox2ztOU.ttf,
Aguafina Script,Handwriting,,INFO,tight,-6,84.7,107.6,90.3,-0.036,0.351,,,2026-10-08-0604-1115,AguafinaScript-Regular.ttf,https://fonts.gstatic.com/s/aguafinascript/v24/If2QXTv_ZzSxGIO30LemWEOmt1bHqs4pgicOrg.ttf,
Akatab,Sans Serif,Tfng,INFO,standard,0.129,16.9,,10.7,,,52,,2026-10-08-0604-1115,Akatab-Regular.ttf,https://fonts.gstatic.com/s/akatab/v9/VuJwdNrK3Z7gqJEPWIz5NIh-YA.ttf,
Akaya Kanadaka,Display,Knda,INFO,standard,0.288,21.9,28.3,11.4,0.828,0.438,37,,2026-10-08-0604-1115,AkayaKanadaka-Regular.ttf,https://fonts.gstatic.com/s/akayakanadaka/v18/N0bM2S5CPO5oOQqvazoRRb-8-PfRS5VBBSSF.ttf,
Akaya Telivigala,Display,Telu,INFO,standard,0.288,21.9,28.3,11.4,0.828,0.438,37,,2026-10-08-0604-1115,AkayaTelivigala-Regular.ttf,https://fonts.gstatic.com/s/akayatelivigala/v28/lJwc-oo_iG9wXqU3rCTD395tp0uifdLdsIH0YH8.ttf,
Akronim,Display,,INFO,tight,-1.011,22.1,31.5,15.9,0.655,0.96,36,70,2026-10-08-0604-1115,Akronim-Regular.ttf,https://fonts.gstatic.com/s/akronim/v23/fdN-9sqWtWZZlHRp-gBxkFYN-a8.ttf,
Akshar,Sans Serif,Deva,INFO,loose,0.506,13.9,13.5,7,0.603,0.344,80,,2026-10-08-0604-1115,"Akshar-VariableFont_CTRS,wght.ttf",https://fonts.gstatic.com/s/akshar/v20/Yq6V-LyHWTfz9rGyoxRktOdClg.ttf,
Akt,Sans Serif,,INFO,standard,0.267,18,26.7,9.7,0.749,0.708,42,70,2026-10-08-0604-1115,Akt-VariableFont_wght.ttf,https://fonts.gstatic.com/s/akt/v2/d6lEkaygQdnyiG4u5SIXyA.ttf,
Aladin,Display,,INFO,tight,-0.402,18.3,21.4,13,0.795,0.622,55,70,2026-10-08-0604-1115,Aladin-Regular.ttf,https://fonts.gstatic.com/s/aladin/v26/ZgNSjPJFPrvJV5f16Sf4pGT2Ng.ttf,
Alan Sans,Sans Serif,,INFO,standard,0.011,12.1,12.3,6.7,0.814,0.367,91,90,2026-10-08-0604-1115,AlanSans-VariableFont_wght.ttf,https://fonts.gstatic.com/s/alansans/v7/zOL-4pbDmq5Eu6ebjMSr6e5As-FeiQ.ttf,
Alata,Sans Serif,,INFO,standard,0.238,19.3,19.3,15.6,0.657,0.335,33,70,2026-10-08-0604-1115,Alata-Regular.ttf,https://fonts.gstatic.com/s/alata/v12/PbytFmztEwbIofe6xKcRQEOX.ttf,
Alatsi,Sans Serif,,INFO,loose,0.648,17.2,17.6,15.6,0.611,0.288,47,70,2026-10-08-0604-1115,Alatsi-Regular.ttf,https://fonts.gstatic.com/s/alatsi/v14/TK3iWkUJAxQ2nLNGHjUHte5fKg.ttf,
Albert Sans,Sans Serif,,INFO,standard,-0.024,24,18.6,13,0.832,0.894,12,60,2026-10-08-0604-1115,AlbertSans-VariableFont_wght.ttf,https://fonts.gstatic.com/s/albertsans/v4/i7dOIFdwYjGaAMFtZd_QA2ZcalayGhyV.ttf,
Aldrich,Sans Serif,,INFO,loose,0.391,16.9,28.3,8.8,0.691,0.986,52,70,2026-10-08-0604-1115,Aldrich-Regular.ttf,https://fonts.gstatic.com/s/aldrich/v22/MCoTzAn-1s3IGyJMZaAS3pP5H_E.ttf,
Alef,Sans Serif,Hebr,INFO,loose,0.32,27.4,,16.4,,,7,,2026-10-08-0604-1115,Alef-Regular.ttf,https://fonts.gstatic.com/s/alef/v24/FeVfS0NQpLYgrjJbC5FxxbU.ttf,
Alegreya,Serif,,INFO,loose,0.37,22.7,24.8,15.9,0.71,0.64,24,70,2026-10-08-0604-1115,Alegreya-VariableFont_wght.ttf,https://fonts.gstatic.com/s/alegreya/v41/4UaBrEBBsBhlBjvfkRLmzanB44N1.ttf,
Alegreya Sans,Sans Serif,,INFO,standard,0.108,18,20.5,11.3,0.708,0.489,42,70,2026-10-08-0604-1115,AlegreyaSans-Regular.ttf,https://fonts.gstatic.com/s/alegreyasans/v28/5aUz9_-1phKLFgshYDvh6Vwt3V1nvEVXlm4.ttf,
Alegreya Sans SC,Sans Serif,,INFO,standard,-0.01,19,26,11.2,0.608,0.533,35,70,2026-10-08-0604-1115,AlegreyaSansSC-Regular.ttf,https://fonts.gstatic.com/s/alegreyasanssc/v26/mtGh4-RGJqfMvt7P8FUr0Q1j-Hf1Nk5v9ixALYs.ttf,
Alegreya SC,Serif,,INFO,loose,0.404,23.3,26.3,17.1,0.617,0.635,20,60,2026-10-08-0604-1115,AlegreyaSC-Regular.ttf,https://fonts.gstatic.com/s/alegreyasc/v28/taiOGmRtCJ62-O0HhNEa-a6o05E5abe_.ttf,
Aleo,Serif,,INFO,standard,-0.026,15.3,23.9,8,0.577,0.898,89,80,2026-10-08-0604-1115,Aleo-VariableFont_wght.ttf,https://fonts.gstatic.com/s/aleo/v16/c4mv1nF8G8_s8ArD0D1ogoY.ttf,
Alex Brush,Handwriting,,INFO,tight,-6,74.1,,59.6,,,,,2026-10-08-0604-1115,AlexBrush-Regular.ttf,https://fonts.gstatic.com/s/alexbrush/v23/SZc83FzrJKuqFbwMKk6EtUL57DtOmCc.ttf,
Alexandria,Sans Serif,Arab,INFO,standard,-0.142,17.6,22.8,12.2,0.601,0.695,45,,2026-10-08-0604-1115,Alexandria-VariableFont_wght.ttf,https://fonts.gstatic.com/s/alexandria/v6/UMBXrPdDqW66y0Y2usFeWirXArM58BY.ttf,
Alfa Slab One,Display,,INFO,loose,0.353,14,27,5.4,0.895,0.932,77,80,2026-10-08-0604-1115,AlfaSlabOne-Regular.ttf,https://fonts.gstatic.com/s/alfaslabone/v21/6NUQ8FmMKwSEKjnm5-4v-4Jh6dVretWvYmE.ttf,
Alice,Serif,,INFO,standard,0.21,18.6,20.3,11.6,0.748,0.64,56,70,2026-10-08-0604-1115,Alice-Regular.ttf,https://fonts.gstatic.com/s/alice/v21/OpNCnoEEmtHa6FcJpA_chzJ0.ttf,
Alien Block,Display,,SKIP,,,,,,,,,,,AlienBlock-Regular.ttf,https://fonts.gstatic.com/s/alienblock/v2/JIA3UVFjdXpFsgA7S8BAOxOiPzUveSxy.ttf,"SKIP spacing/monospaced: Skipped: every letter has the same advance width, so the spacing is set by the width, not by sidebearings and kerning."
Alike,Serif,,INFO,standard,-0.094,15.1,18.2,9.3,0.765,0.833,90,90,2026-10-08-0604-1115,Alike-Regular.ttf,https://fonts.gstatic.com/s/alike/v22/HI_EiYEYI6BIoEjBSZXAQ4-d.ttf,
Alike Angular,Serif,,INFO,standard,-0.046,17.3,20.2,10,0.669,0.783,70,80,2026-10-08-0604-1115,AlikeAngular-Regular.ttf,https://fonts.gstatic.com/s/alikeangular/v27/3qTrojWunjGQtEBlIcwMbSoI3kM6bB7FKjE.ttf,
Alkalami,Serif,Arab,INFO,loose,0.56,24.7,,13.6,,,16,,2026-10-08-0604-1115,Alkalami-Regular.ttf,https://fonts.gstatic.com/s/alkalami/v8/zOL_4pfDmqRL95WXi5eLw8BMuvhH.ttf,
Alkatra,Display,,INFO,tight,-0.46,17.1,23.7,14.3,0.723,0.738,61,70,2026-10-08-0604-1115,Alkatra-VariableFont_wght.ttf,https://fonts.gstatic.com/s/alkatra/v5/r05bGLZA5qhCYsyJdOuD5jokU8E.ttf,
Allan,Display,,WARN,tight,-1.379,29.5,33.3,26.1,0.261,0.789,13,60,2026-10-08-0604-1115,Allan-Regular.ttf,https://fonts.gstatic.com/s/allan/v26/ea8XadU7WuTxEtb2P9SF8nZE.ttf,"WARN spacing/glyph-sides: 4 glyph sides are spaced far from the norms of Display fonts (units per 1000 em against their median): , right +115, ' left +103, ! right -97, "" left +105."
Allerta,Sans Serif,,INFO,loose,0.941,21.5,30.2,12.9,0.278,0.538,22,60,2026-10-08-0604-1115,Allerta-Regular.ttf,https://fonts.gstatic.com/s/allerta/v19/TwMO-IAHRlkbx940UnEdSQqO5uY.ttf,
Allerta Stencil,Sans Serif,,INFO,loose,0.795,22.1,30.7,13.7,0.272,0.538,19,60,2026-10-08-0604-1115,AllertaStencil-Regular.ttf,https://fonts.gstatic.com/s/allertastencil/v24/HTx0L209KT-LmIE9N7OR6eiycOeF-zz313DuvQ.ttf,
Allison,Handwriting,,INFO,tight,-6,70.6,58,66.8,0.057,0.467,,,2026-10-08-0604-1115,Allison-Regular.ttf,https://fonts.gstatic.com/s/allison/v13/X7nl4b88AP2nkbvZOCaQ4MTgAgk.ttf,
Allkin,Display,,SKIP,,,,,,,,,,,Allkin-Regular.ttf,https://fonts.gstatic.com/s/allkin/v10/ieV_2Y5KIGmGKpnzLXRuIUsGCA.ttf,SKIP spacing/not-latin: Skipped: the core Latin letters are not all there (52 missing: ABCDEFGHIJKL…). The check covers fonts with the basic Latin alphabet.
Allura,Handwriting,,INFO,tight,-6,76.5,65.5,68.8,0.192,0.182,,,2026-10-08-0604-1115,Allura-Regular.ttf,https://fonts.gstatic.com/s/allura/v23/9oRPNYsQpS4zjuAPjAIXPtrrGA.ttf,
Almarai,Sans Serif,Arab,INFO,standard,-0.197,18.6,,9.2,,,39,,2026-10-08-0604-1115,Almarai-Regular.ttf,https://fonts.gstatic.com/s/almarai/v19/tsstApxBaigK_hnnc1qPonC3vqc.ttf,
Almendra,Serif,,INFO,standard,-0.019,22.2,17.7,15.9,0.935,0.941,27,70,2026-10-08-0604-1115,Almendra-Regular.ttf,https://fonts.gstatic.com/s/almendra/v28/H4ckBXKAlMnTn0CskyY6wr-wg763.ttf,
Almendra Display,Display,,WARN,standard,-0.18,27.2,,14.6,,,17,60,2026-10-08-0604-1115,AlmendraDisplay-Regular.ttf,https://fonts.gstatic.com/s/almendradisplay/v33/0FlPVOGWl1Sb4O3tETtADHRRlZhzXS_eTyer338.ttf,"WARN spacing/pairs: 31 pairs are spaced far from how Display fonts usually compare with the model (units per 1000 em, + looser): FI -287, TL -298, TI -300, FL -284, Rf -261, TR -294, FP -280, TP -295, EL -209, FR -281."
Almendra SC,Serif,,FAIL,standard,-0.67,50.8,,31.7,,,0,20,2026-10-08-0604-1115,AlmendraSC-Regular.ttf,https://fonts.gstatic.com/s/almendrasc/v31/Iure6Yx284eebowr7hbyTZZJprVA4XQ0.ttf,"WARN spacing/tightness: Overall tightness: Looseness -0.67 is at the 0th percentile of Serif fonts (median +0.14, robust z -3.8). | FAIL spacing/evenness: Shape error 50.8 units per 1000 em (gaps that depart from even spacing of these shapes): 100th percentile of Serif fonts (median 19.5, robust z +7.5). | WARN spacing/glyph-sides: 1 sidebearing is far outside the norms of Serif fonts (units per 1000 em against their median): W left -150. | WARN spacing/pairs: 176 pairs are spaced far from how Serif fonts usually compare with the model (units per 1000 em, + looser): CW -176, ZV -192, CV -174, ZW -193, KH -191, KK -192, CN -145, cN -137, CU -144, KF -190."
Alumni Sans,Sans Serif,,INFO,standard,0.104,14.6,22.5,7.5,0.737,0.486,74,80,2026-10-08-0604-1115,AlumniSans-VariableFont_wght.ttf,https://fonts.gstatic.com/s/alumnisans/v20/nwpQtKqkOwdO2aOIwhWudF-i5QwyYdrc.ttf,
Alumni Sans Collegiate One,Sans Serif,,FAIL,tight,-2.963,9.7,14.1,5.7,0.754,0.412,97,90,2026-10-08-0604-1115,AlumniSansCollegiateOne-Regular.ttf,https://fonts.gstatic.com/s/alumnisanscollegiateone/v7/MQpB-XChK8G5CtmK_AuGxQrdNvPSXkn0RM-XqjWWhjdayDiPw2ta.ttf,"FAIL spacing/tightness: Overall tightness: Looseness -2.96 is at the 0th percentile of Sans Serif fonts (median +0.03, robust z -10.1)."
Alumni Sans Inline One,Display,,INFO,tight,-0.113,18.8,29.1,10,0.803,0.243,53,70,2026-10-08-0604-1115,AlumniSansInlineOne-Regular.ttf,https://fonts.gstatic.com/s/alumnisansinlineone/v7/RrQBbpJx9zZ3IXTBOASKp5gJAetBdaihcjbpD3AZcr7xbYw.ttf,
Alumni Sans Pinstripe,Sans Serif,,INFO,tight,-0.305,17,21.2,9.7,0.561,0.557,50,70,2026-10-08-0604-1115,AlumniSansPinstripe-Regular.ttf,https://fonts.gstatic.com/s/alumnisanspinstripe/v8/ZgNNjOFFPq_AUJD1umyS30W-Xub8zD1ObhezYrVIpcDA5w.ttf,
Alumni Sans SC,Sans Serif,,INFO,standard,0.104,19.7,27.2,7.5,0.846,0.491,31,70,2026-10-08-0604-1115,AlumniSansSC-VariableFont_wght.ttf,https://fonts.gstatic.com/s/alumnisanssc/v3/Y4GSYaxzVjArrOeNFYbCvkZ8C3UD6pzxRwYB.ttf,
Alyamama,Serif,Arab,INFO,loose,0.33,16.9,17.7,10.8,0.436,0.467,75,,2026-10-08-0604-1115,Alyamama-VariableFont_wght.ttf,https://fonts.gstatic.com/s/alyamama/v2/snfps0a6-txy62q5QrgKFN10wYKa.ttf,
Amarante,Display,,INFO,loose,0.606,30.2,,20.7,,,12,60,2026-10-08-0604-1115,Amarante-Regular.ttf,https://fonts.gstatic.com/s/amarante/v30/xMQXuF1KTa6EvGx9bq-3C3rAmD-b.ttf,
Amaranth,Sans Serif,,INFO,standard,0.014,15.8,18.4,8.3,0.772,0.507,64,70,2026-10-08-0604-1115,Amaranth-Regular.ttf,https://fonts.gstatic.com/s/amaranth/v19/KtkuALODe433f0j1zPnCF9GqwnzW.ttf,
Amarna,Sans Serif,,INFO,standard,0.193,19.1,35.5,10.8,0.734,0.72,35,70,2026-10-08-0604-1115,Amarna-VariableFont_wght.ttf,https://fonts.gstatic.com/s/amarna/v2/MCoSzAj-18jIHCAERYo80prgBg.ttf,
Amatic SC,Handwriting,,INFO,loose,0.843,14,22.9,9.5,0.808,1,96,,2026-10-08-0604-1115,AmaticSC-Regular.ttf,https://fonts.gstatic.com/s/amaticsc/v28/TUZyzwprpvBS1izr_vO0De6ecZQf1A.ttf,
Amethysta,Serif,,INFO,loose,0.263,21.6,,16.1,,,33,70,2026-10-08-0604-1115,Amethysta-Regular.ttf,https://fonts.gstatic.com/s/amethysta/v17/rP2Fp2K15kgb_F3ibfWIGDWCBl0O8Q.ttf,
Amiko,Sans Serif,Deva,INFO,loose,0.606,22.3,29.4,14.5,0.681,0.97,17,,2026-10-08-0604-1115,Amiko-Regular.ttf,https://fonts.gstatic.com/s/amiko/v15/WwkQxPq1DFK04tqlc17MMZgJ.ttf,
Amiri,Serif,Arab,INFO,standard,0.217,13.8,16.1,12,0.82,0.874,94,,2026-10-08-0604-1115,Amiri-Regular.ttf,https://fonts.gstatic.com/s/amiri/v30/J7aRnpd8CGxBHqUpvrIw74NL.ttf,
Amiri Quran,Serif,Arab,INFO,standard,0.217,21.1,19.7,12,0.764,0.779,34,,2026-10-08-0604-1115,AmiriQuran-Regular.ttf,https://fonts.gstatic.com/s/amiriquran/v19/_Xmo-Hk0rD6DbUL4_vH8Zq5t7Cycsu-2.ttf,
Amita,Handwriting,Deva,INFO,standard,-0.069,19.7,20.3,11.3,0.562,0.45,89,,2026-10-08-0604-1115,Amita-Regular.ttf,https://fonts.gstatic.com/s/amita/v20/HhyaU5si9Om7PQlvAfSKEZZL.ttf,
Anaheim,Sans Serif,,INFO,standard,0.051,14.7,17,8.1,0.614,0.746,73,80,2026-10-08-0604-1115,Anaheim-VariableFont_wght.ttf,https://fonts.gstatic.com/s/anaheim/v17/8vII7w042Wp87g4G0UTUEE5eK_w.ttf,
Ancizar Sans,Sans Serif,,INFO,standard,0.26,17,18.9,10,0.668,0.283,50,70,2026-10-08-0604-1115,AncizarSans-VariableFont_wght.ttf,https://fonts.gstatic.com/s/ancizarsans/v8/fC1mPYtHY2vX3wj8IbE7PxeMVwLBplm9aw.ttf,
Ancizar Serif,Serif,,INFO,loose,0.329,16.9,17.7,10.8,0.436,0.467,75,80,2026-10-08-0604-1115,AncizarSerif-VariableFont_wght.ttf,https://fonts.gstatic.com/s/ancizarserif/v8/PN_2RfmxrmD9dEi_Qbtf91W13vjxynMix4Y.ttf,
Andada Pro,Serif,,INFO,loose,0.816,22.4,25.7,14.5,0.553,0.66,25,70,2026-10-08-0604-1115,AndadaPro-VariableFont_wght.ttf,https://fonts.gstatic.com/s/andadapro/v26/HhyRU5Qi9-SuOEhPe4LtMI5gSbkI5_E.ttf,
Andika,Sans Serif,,INFO,loose,0.381,25.4,,14.8,,,9,60,2026-10-08-0604-1115,Andika-Regular.ttf,https://fonts.gstatic.com/s/andika/v27/mem_Ya6iyW-LwqgAbbwRWrwGVA.ttf,
Anek Bangla,Sans Serif,Beng,WARN,tight,-0.232,15,16.8,8.9,0.783,0.425,71,,2026-10-08-0604-1115,"AnekBangla-VariableFont_wdth,wght.ttf",https://fonts.gstatic.com/s/anekbangla/v16/_gP81R38qTExHg-17BhM6mSxYPp7oSNy.ttf,WARN spacing/instances: 2 locations of the designspace are spaced far from the norms or from their neighbours: wdth 125 (max) (shape error 22.6); wght 100 · wdth 125 (shape error 39.9).
Anek Devanagari,Sans Serif,Deva,WARN,tight,-0.232,15,16.8,8.9,0.783,0.425,71,,2026-10-08-0604-1115,"AnekDevanagari-VariableFont_wdth,wght.ttf",https://fonts.gstatic.com/s/anekdevanagari/v17/jVyS7nP0CGrUsxB-QiRgw0NlLaV39ifscRzoQA.ttf,WARN spacing/instances: 2 locations of the designspace are spaced far from the norms or from their neighbours: wdth 125 (max) (shape error 22.6); wght 100 · wdth 125 (shape error 39.9).
Anek Gujarati,Sans Serif,Gujr,WARN,tight,-0.232,15,16.8,8.9,0.783,0.425,71,,2026-10-08-0604-1115,"AnekGujarati-VariableFont_wdth,wght.ttf",https://fonts.gstatic.com/s/anekgujarati/v17/l7gZbj5oysqknvkCo2T_8FuiOxtiArlM4k8.ttf,WARN spacing/instances: 2 locations of the designspace are spaced far from the norms or from their neighbours: wdth 125 (max) (shape error 22.6); wght 100 · wdth 125 (shape error 39.9).
Anek Gurmukhi,Sans Serif,Guru,WARN,tight,-0.232,15,16.8,8.9,0.783,0.424,71,,2026-10-08-0604-1115,"AnekGurmukhi-VariableFont_wdth,wght.ttf",https://fonts.gstatic.com/s/anekgurmukhi/v13/0QImMXRO_YSkA0quVLY79JnH07z8_ApHqqk.ttf,WARN spacing/instances: 2 locations of the designspace are spaced far from the norms or from their neighbours: wdth 125 (max) (shape error 22.6); wght 100 · wdth 125 (shape error 39.9).
Anek Kannada,Sans Serif,Knda,WARN,tight,-0.232,15,16.8,8.9,0.783,0.425,71,,2026-10-08-0604-1115,"AnekKannada-VariableFont_wdth,wght.ttf",https://fonts.gstatic.com/s/anekkannada/v15/rax6HiCNvNMKe1CKFsINYFl6m2Dc-T-EKQ.ttf,WARN spacing/instances: 2 locations of the designspace are spaced far from the norms or from their neighbours: wdth 125 (max) (shape error 22.6); wght 100 · wdth 125 (shape error 39.9).
Anek Latin,Sans Serif,,WARN,tight,-0.232,15,16.8,8.9,0.783,0.425,71,80,2026-10-08-0604-1115,"AnekLatin-VariableFont_wdth,wght.ttf",https://fonts.gstatic.com/s/aneklatin/v11/co3DmWZulTRoU4a8dqrWk6Pjp3Di8U0.ttf,WARN spacing/instances: 2 locations of the designspace are spaced far from the norms or from their neighbours: wdth 125 (max) (shape error 22.6); wght 100 · wdth 125 (shape error 39.9).
Anek Malayalam,Sans Serif,Mlym,WARN,tight,-0.232,15,16.8,8.9,0.783,0.425,71,,2026-10-08-0604-1115,"AnekMalayalam-VariableFont_wdth,wght.ttf",https://fonts.gstatic.com/s/anekmalayalam/v18/6qLZKZActRTs_mZAJUZWWkhke1PTSRciY1M1.ttf,WARN spacing/instances: 2 locations of the designspace are spaced far from the norms or from their neighbours: wdth 125 (max) (shape error 22.6); wght 100 · wdth 125 (shape error 39.9).
Anek Odia,Sans Serif,Orya,WARN,tight,-0.232,15,16.8,8.9,0.785,0.422,71,,2026-10-08-0604-1115,"AnekOdia-VariableFont_wdth,wght.ttf",https://fonts.gstatic.com/s/anekodia/v17/TK3hWkoJARApz5UCd34jvcVDI5S01g.ttf,WARN spacing/instances: 2 locations of the designspace are spaced far from the norms or from their neighbours: wdth 125 (max) (shape error 22.6); wght 100 · wdth 125 (shape error 40.0).
Anek Tamil,Sans Serif,Taml,WARN,tight,-0.232,15,16.8,8.9,0.783,0.425,71,,2026-10-08-0604-1115,"AnekTamil-VariableFont_wdth,wght.ttf",https://fonts.gstatic.com/s/anektamil/v18/XLYjIZH2bYJHGYtPGSbUHcloon8vVXg.ttf,WARN spacing/instances: 2 locations of the designspace are spaced far from the norms or from their neighbours: wdth 125 (max) (shape error 22.6); wght 100 · wdth 125 (shape error 39.9).
Anek Telugu,Sans Serif,Telu,WARN,tight,-0.232,15,16.8,8.9,0.783,0.42,71,,2026-10-08-0604-1115,"AnekTelugu-VariableFont_wdth,wght.ttf",https://fonts.gstatic.com/s/anektelugu/v13/LhWhMVrUNvsddMtYGCx4Fd9dGNWQg_am.ttf,WARN spacing/instances: 2 locations of the designspace are spaced far from the norms or from their neighbours: wdth 125 (max) (shape error 22.7); wght 100 · wdth 125 (shape error 39.9).
Angkor,Display,Khmr,INFO,loose,0.899,18.5,25.8,11,0.785,0.735,54,,2026-10-08-0604-1115,Angkor-Regular.ttf,https://fonts.gstatic.com/s/angkor/v35/H4cmBXyAlsPdnlb-8iw-4Lqggw.ttf,
Annapurna SIL,Serif,Deva,INFO,standard,0.304,24.7,,13.5,,,16,,2026-10-08-0604-1115,AnnapurnaSIL-Regular.ttf,https://fonts.gstatic.com/s/annapurnasil/v2/yYLv0hDY0f2iu9tPmRWtllid8NN9dZT_PZs.ttf,
Annie Use Your Telescope,Handwriting,,INFO,tight,-0.512,24.8,,13.3,,,77,,2026-10-08-0604-1115,AnnieUseYourTelescope-Regular.ttf,https://fonts.gstatic.com/s/annieuseyourtelescope/v20/daaLSS4tI2qYYl3Jq9s_Hu74xwktnlKxH6osGVGjlDfB3UUVZA.ttf,
Anonymous Pro,Monospace,,SKIP,,,,,,,,,,,AnonymousPro-Regular.ttf,https://fonts.gstatic.com/s/anonymouspro/v22/rP2Bp2a15UIB7Un-bOeISG3pLlw89CH98Ko.ttf,"SKIP spacing/monospaced: Skipped: every letter has the same advance width, so the spacing is set by the width, not by sidebearings and kerning."
Anta,Sans Serif,,INFO,standard,-0.064,19.5,17.6,10.5,0.664,0.698,32,70,2026-10-08-0604-1115,Anta-Regular.ttf,https://fonts.gstatic.com/s/anta/v1/gyBzhwQ3KsIyZFwxPFimIo0.ttf,
Antic,Sans Serif,,WARN,standard,0.22,38,31.3,20.6,0.557,0.281,2,40,2026-10-08-0604-1115,Antic-Regular.ttf,https://fonts.gstatic.com/s/antic/v20/TuGfUVB8XY5DRaZLodgzydtk.ttf,"WARN spacing/evenness: Shape error 38.0 units per 1000 em (gaps that depart from even spacing of these shapes): 98th percentile of Sans Serif fonts (median 17.0, robust z +4.7)."
Antic Didone,Serif,,WARN,standard,0.173,36.2,31.4,20.8,0.526,0.35,1,40,2026-10-08-0604-1115,AnticDidone-Regular.ttf,https://fonts.gstatic.com/s/anticdidone/v17/RWmPoKKX6u8sp8fIWdnDKqDiqYsGBGBzCw.ttf,"WARN spacing/evenness: Shape error 36.2 units per 1000 em (gaps that depart from even spacing of these shapes): 99th percentile of Serif fonts (median 19.5, robust z +4.0)."
Antic Slab,Serif,,WARN,standard,0.458,35.1,30.4,20,0.406,0.334,2,40,2026-10-08-0604-1115,AnticSlab-Regular.ttf,https://fonts.gstatic.com/s/anticslab/v17/bWt97fPFfRzkCa9Jlp6IWcJWXW5p5Qo.ttf,"WARN spacing/evenness: Shape error 35.1 units per 1000 em (gaps that depart from even spacing of these shapes): 98th percentile of Serif fonts (median 19.5, robust z +3.8)."
Anton,Sans Serif,,INFO,loose,0.658,6.5,7.7,3.8,0.755,1,100,100,2026-10-08-0604-1115,Anton-Regular.ttf,https://fonts.gstatic.com/s/anton/v27/1Ptgg87LROyAm0K08i4gS7lu.ttf,
Anton SC,Sans Serif,,INFO,loose,0.658,7,6.5,3.8,0.8,1,100,100,2026-10-08-0604-1115,AntonSC-Regular.ttf,https://fonts.gstatic.com/s/antonsc/v1/4UaBrEBBsgltGn71sxLmzanB44N1.ttf,
Antonio,Sans Serif,,INFO,loose,0.984,13.2,17.5,9.2,0.844,0.909,84,80,2026-10-08-0604-1115,Antonio-VariableFont_wght.ttf,https://fonts.gstatic.com/s/antonio/v22/gNMEW3NwSYq_9WD3-HMoFIez5MI.ttf,
Anuphan,Sans Serif,Thai,INFO,standard,0.134,13.3,16.2,8.2,0.772,0.724,83,,2026-10-08-0604-1115,Anuphan-VariableFont_wght.ttf,https://fonts.gstatic.com/s/anuphan/v6/2sDeZGxYgY7LkLT0qW0Ja029G7w.ttf,
Anybody,Display,,WARN,tight,-0.41,24,22.2,17.3,0.604,0.65,27,70,2026-10-08-0604-1115,"Anybody-VariableFont_wdth,wght.ttf",https://fonts.gstatic.com/s/anybody/v13/VuJxdNvK2Ib2ppdWeKbXOIFneRo.ttf,WARN spacing/instances: 3 locations of the designspace are spaced far from the norms or from their neighbours: Black (spacing jumps against its neighbours); wdth 150 (max) (shape error 44.4); wdth 150 · wght 100 (shape error 65.5).
Aoboshi One,Serif,Hira,INFO,standard,0.217,22.7,,10.8,,,24,,2026-10-08-0604-1115,AoboshiOne-Regular.ttf,https://fonts.gstatic.com/s/aoboshione/v13/Gg8xN5kXaAXtHQrFxwl10ysLBmZX_UEg.ttf,
AR One Sans,Sans Serif,,INFO,standard,-0.016,17,19.3,10.7,0.663,0.342,50,70,2026-10-08-0604-1115,"AROneSans-VariableFont_ARRR,wght.ttf",https://fonts.gstatic.com/s/aronesans/v6/TUZ0zwhrmbFp0Srr_tH6fuSaU5EP1H3r.ttf,
Arapey,Serif,,INFO,standard,-0.049,17.4,40.3,10.8,0.736,0.918,68,80,2026-10-08-0604-1115,Arapey-Regular.ttf,https://fonts.gstatic.com/s/arapey/v17/-W__XJn-UDDA2RC6Z9AcZkIzeg.ttf,
Arbutus,Serif,,INFO,loose,0.835,24,,17.4,,,17,60,2026-10-08-0604-1115,Arbutus-Regular.ttf,https://fonts.gstatic.com/s/arbutus/v30/NaPYcZ7dG_5J3poob9JtryO8fMU.ttf,
Arbutus Slab,Serif,,INFO,loose,0.31,25.2,,16,,,13,60,2026-10-08-0604-1115,ArbutusSlab-Regular.ttf,https://fonts.gstatic.com/s/arbutusslab/v17/oY1Z8e7OuLXkJGbXtr5ba7ZVa68dJlaFAQ.ttf,
Architects Daughter,Handwriting,,INFO,tight,-0.415,27.8,,14.2,,,70,,2026-10-08-0604-1115,ArchitectsDaughter-Regular.ttf,https://fonts.gstatic.com/s/architectsdaughter/v20/KtkxAKiDZI_td1Lkx62xHZHDtgO_Y-bvfY5q4szgE-Q.ttf,
Archivo,Sans Serif,,WARN,standard,-0.154,19,25,10.3,0.741,0.749,35,70,2026-10-08-0604-1115,"Archivo-VariableFont_wdth,wght.ttf",https://fonts.gstatic.com/s/archivo/v25/k3kQo8UDI-1M0wlSTd7iL0nAMaM.ttf,WARN spacing/instances: 1 location of the designspace is spaced far from the norms or from its neighbours: Black (spacing jumps against its neighbours).
Archivo Black,Sans Serif,,INFO,loose,0.937,17.2,29,11.7,0.777,0.652,47,70,2026-10-08-0604-1115,ArchivoBlack-Regular.ttf,https://fonts.gstatic.com/s/archivoblack/v23/HTxqL289NzCGg4MzN6KJ7eW6OYuP_x7yx3A.ttf,
Archivo Narrow,Sans Serif,,INFO,standard,0.057,14,19.7,8.5,0.844,0.909,79,80,2026-10-08-0604-1115,ArchivoNarrow-VariableFont_wght.ttf,https://fonts.gstatic.com/s/archivonarrow/v35/tss0ApVBdCYD5Q7hcxTE1ArZ0Yb3g31S2s8p.ttf,
Are You Serious,Handwriting,,WARN,tight,-1.528,56.8,45.4,36.7,0.287,0.605,21,,2026-10-08-0604-1115,AreYouSerious-Regular.ttf,https://fonts.gstatic.com/s/areyouserious/v14/ll8kK2GVSSr-PtjQ5nONVcNn4306hT9nCGRayg.ttf,"WARN spacing/glyph-sides: 3 glyph sides are spaced far from the norms of Handwriting fonts (units per 1000 em against their median): : left +161, . left +145, ; left +134."
Aref Ruqaa,Serif,Arab,INFO,tight,-0.351,20,17.3,10.1,,1,46,,2026-10-08-0604-1115,ArefRuqaa-Regular.ttf,https://fonts.gstatic.com/s/arefruqaa/v26/WwkbxPW1E165rajQKDulEIAiVNo5xNY.ttf,
Aref Ruqaa Ink,Serif,Arab,INFO,tight,-0.351,18.2,10.7,10.1,0.694,1,61,,2026-10-08-0604-1115,ArefRuqaaInk-Regular.ttf,https://fonts.gstatic.com/s/arefruqaaink/v11/1q2fY5WOGUFlt84GTOkP6Kdx72ThVIGpgnxL.ttf,
Arima,Display,,INFO,standard,0.041,19.6,18.9,11.2,0.739,0.488,49,70,2026-10-08-0604-1115,Arima-VariableFont_wght.ttf,https://fonts.gstatic.com/s/arima/v7/neIFzCqmt4Aup-CP9IGON7Ez.ttf,
Arimo,Sans Serif,,INFO,standard,-0.134,18,22.9,10.1,0.851,0.946,42,70,2026-10-08-0604-1115,Arimo-VariableFont_wght.ttf,https://fonts.gstatic.com/s/arimo/v36/P5sMzZCDf9_T_20eziBMjI-u.ttf,
Arizonia,Handwriting,,INFO,tight,-6,84.9,102,70.1,0.119,0.496,,,2026-10-08-0604-1115,Arizonia-Regular.ttf,https://fonts.gstatic.com/s/arizonia/v23/neIIzCemt4A5qa7mv6WGHK06UY30.ttf,
Armata,Sans Serif,,INFO,standard,0.227,23.3,,14.8,,,13,60,2026-10-08-0604-1115,Armata-Regular.ttf,https://fonts.gstatic.com/s/armata/v21/gokvH63_HV5jQ-E9lD53Q2u_mQ.ttf,
Arsenal,Sans Serif,,INFO,standard,0.009,18.1,27.5,11.1,0.601,0.837,41,70,2026-10-08-0604-1115,Arsenal-Regular.ttf,https://fonts.gstatic.com/s/arsenal/v13/wXKrE3kQtZQ4pF3D11_WAewrhXY.ttf,
Arsenal SC,Sans Serif,,INFO,standard,0.008,21.2,32.7,11.1,0.559,0.891,23,60,2026-10-08-0604-1115,ArsenalSC-Regular.ttf,https://fonts.gstatic.com/s/arsenalsc/v1/x3dlckLHea6e5BEtsfxiXNossybsHQI.ttf,
Artifika,Serif,,INFO,loose,0.281,13,15.7,7,0.753,0.885,95,90,2026-10-08-0604-1115,Artifika-Regular.ttf,https://fonts.gstatic.com/s/artifika/v22/VEMyRoxzronptCuxu6Wt5jDtreOL.ttf,
Arvo,Serif,,INFO,loose,0.265,24.9,56.9,16.7,0.68,1,15,60,2026-10-08-0604-1115,Arvo-Regular.ttf,https://fonts.gstatic.com/s/arvo/v23/tDbD2oWUg0MKmSAa7Lzr7vs.ttf,
Arya,Sans Serif,Deva,INFO,standard,-0.022,16.6,29.5,11.6,0.591,0.933,55,,2026-10-08-0604-1115,Arya-Regular.ttf,https://fonts.gstatic.com/s/arya/v21/ga6CawNG-HJd9Ub1-beqdFE.ttf,
Asap,Sans Serif,,INFO,standard,0.12,17.4,17.8,11.1,0.809,0.856,46,70,2026-10-08-0604-1115,"Asap-VariableFont_wdth,wght.ttf",https://fonts.gstatic.com/s/asap/v34/KFOoCniXp96a-zwU4UROGzY.ttf,
Asap Condensed,Sans Serif,,INFO,standard,0.174,16.6,17.7,11.8,0.784,0.811,55,70,2026-10-08-0604-1115,AsapCondensed-Regular.ttf,https://fonts.gstatic.com/s/asapcondensed/v18/pxidypY1o9NHyXh3WvSbGSggdNeLYk1Mq3ap.ttf,
Asap Sharp,Sans Serif,,INFO,standard,0.089,18,18.1,12,0.805,0.876,42,70,2026-10-08-0604-1115,"AsapSharp-VariableFont_wdth,wght.ttf",https://fonts.gstatic.com/s/asapsharp/v2/70lWu7krNGUqE1Gpzv8r4n3kPpuAXE4.ttf,
Asar,Serif,Deva,INFO,standard,0.197,28.4,,18,,,7,,2026-10-08-0604-1115,Asar-Regular.ttf,https://fonts.gstatic.com/s/asar/v24/sZlLdRyI6TBIXkYQDLlTW6E.ttf,
Asimovian,Sans Serif,,INFO,standard,0.178,21.3,19.3,12.9,0.628,0.256,22,60,2026-10-08-0604-1115,Asimovian-Regular.ttf,https://fonts.gstatic.com/s/asimovian/v2/oY1c8evOub78P2XN94MXCv5xY4QBLw.ttf,
Asset,Display,,INFO,standard,0.446,21.1,21.1,18.9,0.766,0.486,40,70,2026-10-08-0604-1115,Asset-Regular.ttf,https://fonts.gstatic.com/s/asset/v30/SLXGc1na-mM4cWImRJqExst1.ttf,
Assistant,Sans Serif,Hebr,INFO,standard,0.089,16.2,22.1,10.5,0.622,0.722,59,,2026-10-08-0604-1115,Assistant-VariableFont_wght.ttf,https://fonts.gstatic.com/s/assistant/v24/2sDcZGJYnIjSi6H75xkDb2-4C7wFZQ.ttf,
Asta Sans,Sans Serif,Kore,INFO,standard,0.007,18,15.8,9.2,0.824,0.406,42,,2026-10-08-0604-1115,AstaSans-VariableFont_wght.ttf,https://fonts.gstatic.com/s/astasans/v3/XoHk2Y74XaWovvhMb0ctv_0tnjvw8Q.ttf,
Astloch,Display,,INFO,tight,-0.477,20.7,25,11.1,0.637,0.477,42,70,2026-10-08-0604-1115,Astloch-Regular.ttf,https://fonts.gstatic.com/s/astloch/v27/TuGRUVJ8QI5GSeUjq9wRzMtkH1Q.ttf,
Asul,Serif,,INFO,loose,0.243,26.2,28.1,19,0.716,0.713,10,60,2026-10-08-0604-1115,Asul-Regular.ttf,https://fonts.gstatic.com/s/asul/v22/VuJ-dNjKxYr46fMFXK78JIg.ttf,
Athiti,Sans Serif,Thai,INFO,standard,0.272,22.6,27,12.5,0.592,0.741,16,,2026-10-08-0604-1115,Athiti-Regular.ttf,https://fonts.gstatic.com/s/athiti/v14/pe0vMISdLIZIv1w4DBhWCtaiAg.ttf,
Atkinson Hyperlegible,Sans Serif,,INFO,standard,-0.152,18.3,16.8,10.5,0.83,0.765,40,70,2026-10-08-0604-1115,AtkinsonHyperlegible-Regular.ttf,https://fonts.gstatic.com/s/atkinsonhyperlegible/v12/9Bt23C1KxNDXMspQ1lPyU89-1h6ONRlW45GE5ZgpewSSbQ.ttf,
Atkinson Hyperlegible Mono,Sans Serif,,SKIP,,,,,,,,,,,AtkinsonHyperlegibleMono-VariableFont_wght.ttf,https://fonts.gstatic.com/s/atkinsonhyperlegiblemono/v8/tss4AoFBci4C4gvhPXrt3wjT1MqSzhA4t7IIcncBizKqjl2hHT0i.ttf,"SKIP spacing/monospaced: Skipped: every letter has the same advance width, so the spacing is set by the width, not by sidebearings and kerning."
Atkinson Hyperlegible Next,Sans Serif,,INFO,standard,-0.114,16.3,16.7,9.9,0.822,0.749,58,70,2026-10-08-0604-1115,AtkinsonHyperlegibleNext-VariableFont_wght.ttf,https://fonts.gstatic.com/s/atkinsonhyperlegiblenext/v7/NaPNcYPdHfdVxJw0IfIP0lvYFqijb-UxCtm5_wdGsdiOlXuWpVZ-.ttf,
Atma,Display,Beng,INFO,standard,-0.037,16.2,16,10.4,0.757,0.387,65,,2026-10-08-0604-1115,Atma-Regular.ttf,https://fonts.gstatic.com/s/atma/v19/uK_84rqWc-Eom25bDj8WIv4.ttf,
Atomic Age,Display,,INFO,loose,0.668,35.1,13.2,27.1,,0,8,60,2026-10-08-0604-1115,AtomicAge-Regular.ttf,https://fonts.gstatic.com/s/atomicage/v29/f0Xz0eug6sdmRFkYZZGL58Ht9a8GYeA.ttf,
Aubrey,Display,,INFO,standard,0.048,10.1,12.4,6.2,0.699,0.394,94,90,2026-10-08-0604-1115,Aubrey-Regular.ttf,https://fonts.gstatic.com/s/aubrey/v29/q5uGsou7NPBw-p7vugNsCxVEgA.ttf,
Audiowide,Display,,INFO,tight,-0.531,20,30.9,10.7,0.709,0.665,46,70,2026-10-08-0604-1115,Audiowide-Regular.ttf,https://fonts.gstatic.com/s/audiowide/v22/l7gdbjpo0cum0ckerWCtkQXPExpQBw.ttf,
Autour One,Display,,INFO,loose,0.292,25.8,,15.9,,,20,60,2026-10-08-0604-1115,AutourOne-Regular.ttf,https://fonts.gstatic.com/s/autourone/v25/UqyVK80cP25l3fJgbdfbk5lWVscxdKE.ttf,
Average,Serif,,INFO,standard,0.103,20.1,50.3,10.8,0.789,0.937,45,70,2026-10-08-0604-1115,Average-Regular.ttf,https://fonts.gstatic.com/s/average/v19/fC1hPYBHe23MxA7rIeJwVWytTyk.ttf,
Average Sans,Sans Serif,,INFO,standard,-0.065,17.6,25.5,10.7,0.831,0.933,45,70,2026-10-08-0604-1115,AverageSans-Regular.ttf,https://fonts.gstatic.com/s/averagesans/v17/1Ptpg8fLXP2dlAXR-HlJJNJPBdqazVoK4A.ttf,
Averia Gruesa Libre,Display,,INFO,loose,0.674,14.8,17,9.4,0.74,0.423,73,80,2026-10-08-0604-1115,AveriaGruesaLibre-Regular.ttf,https://fonts.gstatic.com/s/averiagruesalibre/v22/NGSov4nEGEktOaDRKsY-1dhh8eEtIx3ZUmmJw0SLRA8.ttf,
Averia Libre,Display,,INFO,loose,0.654,14.2,15.6,8.7,0.733,0.426,76,80,2026-10-08-0604-1115,AveriaLibre-Regular.ttf,https://fonts.gstatic.com/s/averialibre/v16/2V0aKIcMGZEnV6xygz7eNjEiAqPJZ2Xx8w.ttf,
Averia Sans Libre,Display,,INFO,loose,0.574,14.8,16.8,8.8,0.704,0.404,73,80,2026-10-08-0604-1115,AveriaSansLibre-Regular.ttf,https://fonts.gstatic.com/s/averiasanslibre/v20/ga6XaxZG_G5OvCf_rt7FH3B6BHLMEeVJGIMYDo_8.ttf,
Averia Serif Libre,Display,,INFO,loose,0.614,12.9,14.3,7.8,0.771,0.546,84,80,2026-10-08-0604-1115,AveriaSerifLibre-Regular.ttf,https://fonts.gstatic.com/s/averiaseriflibre/v19/neIWzD2ms4wxr6GvjeD0X88SHPyX2xY-pQGOyYw2fw.ttf,
Azeret Mono,Monospace,,SKIP,,,,,,,,,,,AzeretMono-VariableFont_wght.ttf,https://fonts.gstatic.com/s/azeretmono/v21/3XFuErsiyJsY9O_Gepph-EHmb_jU3eRL.ttf,"SKIP spacing/monospaced: Skipped: every letter has the same advance width, so the spacing is set by the width, not by sidebearings and kerning."
B612,Sans Serif,,INFO,loose,0.613,25.5,33.2,16,0.265,0.655,9,60,2026-10-08-0604-1115,B612-Regular.ttf,https://fonts.gstatic.com/s/b612/v13/3JnySDDxiSz32jm4GDigUXw.ttf,
B612 Mono,Monospace,,SKIP,,,,,,,,,,,B612Mono-Regular.ttf,https://fonts.gstatic.com/s/b612mono/v16/kmK_Zq85QVWbN1eW6lJl1wTcquRTtg.ttf,"SKIP spacing/monospaced: Skipped: every letter has the same advance width, so the spacing is set by the width, not by sidebearings and kerning."
Babylonica,Handwriting,,INFO,tight,-6,67.9,54.8,53.7,0.444,0.6,,,2026-10-08-0604-1115,Babylonica-Regular.ttf,https://fonts.gstatic.com/s/babylonica/v7/5aUw9_i2qxWVCAE2aHjTqDJ0-VVMoEw.ttf,
Bacasime Antique,Serif,,INFO,standard,0.038,20.8,,12.2,,,35,70,2026-10-08-0604-1115,BacasimeAntique-Regular.ttf,https://fonts.gstatic.com/s/bacasimeantique/v1/tDbX2pGXkFYEykldjZSrmI6T_XWZOwStSUrV_BE.ttf,
Bad Script,Handwriting,Latn,INFO,standard,-0.389,41.1,70.9,31,0.647,0.671,45,,2026-10-08-0604-1115,BadScript-Regular.ttf,https://fonts.gstatic.com/s/badscript/v18/6NUT8F6PJgbFWQn47_x7lOwuzd1AZtw.ttf,
Badeen Display,Display,Arab,WARN,tight,-3.262,5.5,,3.3,,,100,,2026-10-08-0604-1115,BadeenDisplay-Regular.ttf,https://fonts.gstatic.com/s/badeendisplay/v1/pxidypY2sdZSjFU4cPmNBzckadeLYk1Mq3ap.ttf,"WARN spacing/tightness: Overall tightness: Looseness -3.26 is at the 0th percentile of Display fonts (median +0.04, robust z -6.1)."
Bagel Fat One,Display,Kore,INFO,standard,0.013,18.7,26.9,7.9,0.887,0.264,53,,2026-10-08-0604-1115,BagelFatOne-Regular.ttf,https://fonts.gstatic.com/s/bagelfatone/v2/hYkPPucsQOr5dy02WmQr5Zkd0B5mvv0dSbM.ttf,
Bahiana,Display,,INFO,loose,0.935,13.7,,8.7,,,80,80,2026-10-08-0604-1115,Bahiana-Regular.ttf,https://fonts.gstatic.com/s/bahiana/v25/uU9PCBUV4YenPWJU7xPb3vyHmlI.ttf,
Bahianita,Display,,INFO,loose,0.895,14.4,13.6,9.6,0.807,0.602,75,80,2026-10-08-0604-1115,Bahianita-Regular.ttf,https://fonts.gstatic.com/s/bahianita/v23/yYLr0hTb3vuqqsBUgxWtxTvV2NJPcA.ttf,
Bai Jamjuree,Sans Serif,Thai,INFO,tight,-0.258,18.9,19.2,11.5,0.844,0.807,36,,2026-10-08-0604-1115,BaiJamjuree-Regular.ttf,https://fonts.gstatic.com/s/baijamjuree/v13/LDI1apSCOBt_aeQQ7ftydoaMWcjKm7sp8g.ttf,
Bakbak One,Display,Deva,INFO,loose,0.632,16.3,26.2,10.7,0.752,0.9,65,,2026-10-08-0604-1115,BakbakOne-Regular.ttf,https://fonts.gstatic.com/s/bakbakone/v11/zOL54pXAl6RI-p_ardnuycRuv-hHkOs.ttf,
Ballet,Handwriting,,INFO,tight,-6,163.6,,116.5,,,,,2026-10-08-0604-1115,Ballet-Regular-VariableFont_opsz.ttf,https://fonts.gstatic.com/s/ballet/v30/QGYvz_MYZA-HM4N5s0Frc4H0ng.ttf,
Baloo 2,Display,Deva,INFO,standard,0.027,17.2,20.7,10.2,0.73,0.535,60,,2026-10-08-0604-1115,Baloo2-VariableFont_wght.ttf,https://fonts.gstatic.com/s/baloo2/v23/wXKrE3kTposypRyd11_WAewrhXY.ttf,
Baloo Bhai 2,Display,Gujr,INFO,standard,0.027,17.2,20.7,10.2,0.73,0.535,60,,2026-10-08-0604-1115,BalooBhai2-VariableFont_wght.ttf,https://fonts.gstatic.com/s/baloobhai2/v30/sZlDdRSL-z1VEWZ4YNA7Y5I3cdTmiH1gFQ.ttf,
Baloo Bhaijaan 2,Display,Arab,INFO,standard,0.027,17.3,20.6,10.2,0.729,0.52,60,,2026-10-08-0604-1115,BalooBhaijaan2-VariableFont_wght.ttf,https://fonts.gstatic.com/s/baloobhaijaan2/v21/zYX9KUwuEqdVGqM8tPDdAA_Y-_bMMIZmdd_qFmo.ttf,
Baloo Bhaina 2,Display,Orya,INFO,standard,0.03,16.7,19.7,10.2,0.736,0.537,63,,2026-10-08-0604-1115,BalooBhaina2-VariableFont_wght.ttf,https://fonts.gstatic.com/s/baloobhaina2/v29/qWczB6yyq4P9Adr3RtoX1q6yShz7mDUoupoI.ttf,
Baloo Chettan 2,Display,Mlym,INFO,standard,0.027,17.2,20.7,10.2,0.73,0.535,60,,2026-10-08-0604-1115,BalooChettan2-VariableFont_wght.ttf,https://fonts.gstatic.com/s/baloochettan2/v23/vm8udRbmXEva26PK-NtuX4ynWEzf4P17OpYDlg.ttf,
Baloo Da 2,Display,Beng,INFO,standard,0.027,17.2,20.7,10.2,0.73,0.538,60,,2026-10-08-0604-1115,BalooDa2-VariableFont_wght.ttf,https://fonts.gstatic.com/s/balooda2/v26/2-ci9J9j0IaUMQZwAJyJcu7XoZFDf2Q.ttf,
Baloo Paaji 2,Display,Guru,INFO,standard,0.027,17.2,20.7,10.2,0.73,0.535,60,,2026-10-08-0604-1115,BalooPaaji2-VariableFont_wght.ttf,https://fonts.gstatic.com/s/baloopaaji2/v29/i7dMIFFzbz-QHZUdV9_UGWZuYFKQHwyVd3U.ttf,
Baloo Tamma 2,Display,Knda,INFO,standard,0.03,16.7,19.7,10.2,0.736,0.537,63,,2026-10-08-0604-1115,BalooTamma2-VariableFont_wght.ttf,https://fonts.gstatic.com/s/balootamma2/v20/vEFX2_hCAgcR46PaajtrYlBbT0g21tqeR7c.ttf,
Baloo Tammudu 2,Display,Telu,INFO,standard,0.027,17.2,20.7,10.2,0.73,0.535,60,,2026-10-08-0604-1115,BalooTammudu2-VariableFont_wght.ttf,https://fonts.gstatic.com/s/balootammudu2/v27/1Pt2g8TIS_SAmkLguUdFP8UaJcK-xXEW6aGXHw.ttf,
Baloo Thambi 2,Display,Taml,INFO,standard,0.027,17.2,20.7,10.2,0.73,0.535,60,,2026-10-08-0604-1115,BalooThambi2-VariableFont_wght.ttf,https://fonts.gstatic.com/s/baloothambi2/v22/cY9cfjeOW0NHpmOQXranrbDyu4hHBJOxZQPp.ttf,
Balsamiq Sans,Display,,INFO,standard,-0.035,19.1,26,11.4,0.753,0.695,52,70,2026-10-08-0604-1115,BalsamiqSans-Regular.ttf,https://fonts.gstatic.com/s/balsamiqsans/v15/P5sEzZiAbNrN8SB3lQQX7Pnc8dkdIYdNHzs.ttf,
Balthazar,Serif,,INFO,loose,0.326,18.7,30.4,13.8,0.875,0.857,55,70,2026-10-08-0604-1115,Balthazar-Regular.ttf,https://fonts.gstatic.com/s/balthazar/v18/d6lKkaajS8Gm4CVQjFEvyRTo39l8hw.ttf,
Bangers,Display,,INFO,tight,-6,22.5,30.8,54.8,0.12,0.547,,,2026-10-08-0604-1115,Bangers-Regular.ttf,https://fonts.gstatic.com/s/bangers/v25/FeVQS0BTqb0h60ACL5la2bxii28.ttf,
Barlow,Sans Serif,,INFO,loose,0.249,23.1,23.2,12.9,0.668,0.644,14,60,2026-10-08-0604-1115,Barlow-Regular.ttf,https://fonts.gstatic.com/s/barlow/v13/7cHpv4kjgoGqM7EPC8E46HsxnA.ttf,
Barlow Condensed,Sans Serif,,INFO,loose,0.403,15.7,17,9.3,0.625,0.531,65,70,2026-10-08-0604-1115,BarlowCondensed-Regular.ttf,https://fonts.gstatic.com/s/barlowcondensed/v13/HTx3L3I-JCGChYJ8VI-L6OO_au7B2xbZ23n3pKg.ttf,
Barlow Semi Condensed,Sans Serif,,INFO,loose,0.311,18.3,18.7,9.9,0.655,0.562,40,70,2026-10-08-0604-1115,BarlowSemiCondensed-Regular.ttf,https://fonts.gstatic.com/s/barlowsemicondensed/v16/wlpvgxjLBV1hqnzfr-F8sEYMB0Yybp0mudRnf4CrCEo4gg.ttf,
Barriecito,Display,,INFO,standard,-0.127,14.9,20.9,8.8,0.831,0.716,71,80,2026-10-08-0604-1115,Barriecito-Regular.ttf,https://fonts.gstatic.com/s/barriecito/v18/WWXXlj-CbBOSLY2QTuY_KdUiYwTO0MU.ttf,
Barrio,Display,,INFO,standard,-0.006,17.7,,10.3,,,58,70,2026-10-08-0604-1115,Barrio-Regular.ttf,https://fonts.gstatic.com/s/barrio/v20/wEO8EBXBk8hBIDiEdQYhWdsX1Q.ttf,
Basic,Sans Serif,,INFO,standard,0.015,17.6,,11.4,,,45,70,2026-10-08-0604-1115,Basic-Regular.ttf,https://fonts.gstatic.com/s/basic/v18/xfu_0WLxV2_XKQN34lDVyR7D.ttf,
Baskervville,Serif,,INFO,standard,0.008,20.4,29.3,12.7,0.717,0.794,40,70,2026-10-08-0604-1115,Baskervville-VariableFont_wght.ttf,https://fonts.gstatic.com/s/baskervville/v20/YA9Ur0yU4l_XOrogbkun3kQgt5OohvbJ9A.ttf,
Baskervville SC,Serif,,INFO,standard,0.008,20.6,21.7,12.7,0.772,0.955,38,70,2026-10-08-0604-1115,BaskervvilleSC-VariableFont_wght.ttf,https://fonts.gstatic.com/s/baskervvillesc/v4/X7n94bc_DeKlh6bBbk_WiKnBSUvR71R3tiSx0g.ttf,
Battambang,Display,Khmr,INFO,loose,0.259,15.7,18.8,8.2,0.819,0.825,68,,2026-10-08-0604-1115,Battambang-Regular.ttf,https://fonts.gstatic.com/s/battambang/v26/uk-mEGe7raEw-HjkzZabDnWj4yxx7o8.ttf,
Baumans,Display,,INFO,standard,-0.194,21.1,,13.4,,,40,70,2026-10-08-0604-1115,Baumans-Regular.ttf,https://fonts.gstatic.com/s/baumans/v18/-W_-XJj9QyTd3QfpR_oyaksqY5Q.ttf,
Bayon,Sans Serif,Khmr,INFO,standard,0.242,10.2,32.5,6.1,0.633,0.597,95,,2026-10-08-0604-1115,Bayon-Regular.ttf,https://fonts.gstatic.com/s/bayon/v36/9XUrlJNmn0LPFl-pOhYEd2NJ.ttf,
BBH Bartle,Sans Serif,,WARN,tight,-0.658,16.6,25.4,6.6,0.904,0.614,55,60,2026-10-08-0604-1115,BBHBartle-Regular.ttf,https://fonts.gstatic.com/s/bbhbartle/v1/zYXjKVYuMYMaN-IMqP3RSm6Tkd7_CIc.ttf,"WARN spacing/pairs: 18 pairs are spaced far from how Sans Serif fonts usually compare with the model (units per 1000 em, + looser): ly -247, lY -248, lt -198, lT -205, ay -159, ya -160, Lt -216, av -121, va -123, Ay -156."
BBH Bogle,Sans Serif,,INFO,standard,0.028,10,15.7,6,0.778,0.581,95,90,2026-10-08-0604-1115,BBHBogle-Regular.ttf,https://fonts.gstatic.com/s/bbhbogle/v1/GFDoWA58rVDJf-fOV9ALq5hcOA0hUA.ttf,
BBH Hegarty,Sans Serif,,INFO,standard,0.037,14,19.6,7.6,0.851,0.524,79,80,2026-10-08-0604-1115,BBHHegarty-Regular.ttf,https://fonts.gstatic.com/s/bbhhegarty/v1/yYLt0hbb_dvjg8talgb5vDHR-tdfcIT_.ttf,
Be Vietnam Pro,Sans Serif,,INFO,standard,0.171,24.1,16.4,13.6,0.81,0.739,11,60,2026-10-08-0604-1115,BeVietnamPro-Regular.ttf,https://fonts.gstatic.com/s/bevietnampro/v12/QdVPSTAyLFyeg_IDWvOJmVES_EwwD3s6ZKAi.ttf,
Beau Rivage,Handwriting,,INFO,tight,-6,84.8,89.2,60.8,0.323,0.499,,,2026-10-08-0604-1115,BeauRivage-Regular.ttf,https://fonts.gstatic.com/s/beaurivage/v2/UcCi3FIgIG2bH4mMNWJUlmg3NZp8K2sL.ttf,
Bebas Neue,Sans Serif,,INFO,standard,0.228,6.7,11.3,3.3,0.912,0.494,100,100,2026-10-08-0604-1115,BebasNeue-Regular.ttf,https://fonts.gstatic.com/s/bebasneue/v16/JTUSjIg69CK48gW7PXooxW5rygbi49c.ttf,
Beiruti,Sans Serif,Arab,INFO,standard,0.196,16.6,18.3,11,0.815,0.603,55,,2026-10-08-0604-1115,Beiruti-VariableFont_wght.ttf,https://fonts.gstatic.com/s/beiruti/v5/JTUXjIU69Cmr9FGceA9n4WZA1g8.ttf,
Belanosima,Sans Serif,,INFO,standard,0.068,16.3,,7.7,,,58,70,2026-10-08-0604-1115,Belanosima-Regular.ttf,https://fonts.gstatic.com/s/belanosima/v4/3y9k6bI8ejDo_3MfCDSLxABbF3JBg54.ttf,
Belgrano,Serif,,INFO,loose,0.453,18.2,24.2,10.6,0.719,0.915,61,70,2026-10-08-0604-1115,Belgrano-Regular.ttf,https://fonts.gstatic.com/s/belgrano/v19/55xvey5tM9rwKWrJZcMFirl08KDJ.ttf,
Bellefair,Serif,,INFO,loose,0.809,21,27.6,13.6,0.835,0.787,35,70,2026-10-08-0604-1115,Bellefair-Regular.ttf,https://fonts.gstatic.com/s/bellefair/v15/kJExBuYY6AAuhiXUxG19__A2pOdvDA.ttf,
Belleza,Sans Serif,,INFO,standard,0.064,20.2,23.9,12.4,0.816,0.981,28,70,2026-10-08-0604-1115,Belleza-Regular.ttf,https://fonts.gstatic.com/s/belleza/v18/0nkoC9_pNeMfhX4BtcbyawzruP8.ttf,
Bellota,Display,,INFO,standard,-0.047,18.5,21.1,8.6,0.689,0.617,54,70,2026-10-08-0604-1115,Bellota-Regular.ttf,https://fonts.gstatic.com/s/bellota/v17/MwQ2bhXl3_qEpiwAGJJRtGs-lbA.ttf,
Bellota Text,Display,,INFO,standard,0.047,16.9,22.7,8.5,0.647,0.589,62,70,2026-10-08-0604-1115,BellotaText-Regular.ttf,https://fonts.gstatic.com/s/bellotatext/v20/0FlTVP2VnlWS4f3-UE9hHXMB-dMOdS7sSg.ttf,
BenchNine,Sans Serif,,INFO,loose,0.443,11.8,9.7,7.2,0.681,0.608,92,90,2026-10-08-0604-1115,BenchNine-Regular.ttf,https://fonts.gstatic.com/s/benchnine/v17/ahcbv8612zF4jxrwMosrV8N1jU2gog.ttf,
Benne,Serif,Knda,INFO,standard,0.11,19.8,,11.3,,,47,,2026-10-08-0604-1115,Benne-Regular.ttf,https://fonts.gstatic.com/s/benne/v24/L0xzDFAhn18E6Vjxlt6qTDBN.ttf,
Bentham,Serif,,INFO,loose,0.486,23.6,,16.7,,,20,60,2026-10-08-0604-1115,Bentham-Regular.ttf,https://fonts.gstatic.com/s/bentham/v20/VdGeAZQPEpYfmHglKWw7CJaK_y4.ttf,
Berkshire Swash,Handwriting,,INFO,standard,-0.114,36.1,34.1,20.9,0.6,0.69,52,,2026-10-08-0604-1115,BerkshireSwash-Regular.ttf,https://fonts.gstatic.com/s/berkshireswash/v22/ptRRTi-cavZOGqCvnNJDl5m5XmNPrcQybX4pQA.ttf,
Besley,Serif,,INFO,standard,-0.021,22.7,25.7,10.9,0.795,0.713,24,70,2026-10-08-0604-1115,Besley-VariableFont_wght.ttf,https://fonts.gstatic.com/s/besley/v22/PlI8FlO1MaNwaNGMWw2G-H1cnA.ttf,
Betania Patmos,Handwriting,,INFO,standard,0.127,57.1,40.6,43.2,0.513,0.884,20,,2026-10-08-0604-1115,BetaniaPatmos-Regular.ttf,https://fonts.gstatic.com/s/betaniapatmos/v2/9oRXNYMTrDYnkuhOrHhyQracaunDNbEH8qpU.ttf,
Betania Patmos GDL,Handwriting,,INFO,tight,-6,22.5,68.4,15.4,0.135,0,,,2026-10-08-0604-1115,BetaniaPatmosGDL-Regular.ttf,https://fonts.gstatic.com/s/betaniapatmosgdl/v2/-nFhOHE6_uoR4VYoynWSh_bKTCFIT7tx1_r352np3Q.ttf,
Betania Patmos In,Handwriting,,INFO,standard,0.126,57.6,45.9,43.2,0.537,0.884,20,,2026-10-08-0604-1115,BetaniaPatmosIn-Regular.ttf,https://fonts.gstatic.com/s/betaniapatmosin/v2/t5t6IQYdPp6dFAyhcz3W2MuHvhmmxLuGUBsTrn5P.ttf,
Betania Patmos In GDL,Handwriting,,INFO,tight,-6,23.2,73.7,15.4,0.11,0,,,2026-10-08-0604-1115,BetaniaPatmosInGDL-Regular.ttf,https://fonts.gstatic.com/s/betaniapatmosingdl/v2/va9Y4lzJyMBdF8kOQbYe5MWhMhe2GnyJ0wb2HVPMgLIQTg.ttf,
Beth Ellen,Handwriting,,INFO,tight,-6,78.8,,64.6,,,,,2026-10-08-0604-1115,BethEllen-Regular.ttf,https://fonts.gstatic.com/s/bethellen/v22/WwkbxPW2BE-3rb_JNT-qEIAiVNo5xNY.ttf,
Bevan,Serif,,INFO,loose,0.644,16,18,8.5,0.67,0.598,82,80,2026-10-08-0604-1115,Bevan-Regular.ttf,https://fonts.gstatic.com/s/bevan/v26/4iCj6KZ0a9NXjF8aUir7tlSJ.ttf,
BhuTuka Expanded One,Serif,Guru,WARN,standard,-0.17,35.7,,24.1,,,2,,2026-10-08-0604-1115,BhuTukaExpandedOne-Regular.ttf,https://fonts.gstatic.com/s/bhutukaexpandedone/v9/SLXXc0jZ4WUJcClHTtv0t7IaDRsBsWRiJCyX8pg_RVH1.ttf,"WARN spacing/evenness: Shape error 35.7 units per 1000 em (gaps that depart from even spacing of these shapes): 98th percentile of Serif fonts (median 19.5, robust z +3.9)."
Big Shoulders,Display,,INFO,loose,0.367,9.7,16,5.3,0.706,0.462,95,90,2026-10-08-0604-1115,"BigShoulders-VariableFont_opsz,wght.ttf",https://fonts.gstatic.com/s/bigshoulders/v4/qFdC35CPh40oITJ69S3GFqy54h8ij1I7LLE.ttf,
Big Shoulders Inline,Display,,INFO,standard,-0.189,10.8,13,5.5,0.645,0.474,92,90,2026-10-08-0604-1115,"BigShouldersInline-VariableFont_opsz,wght.ttf",https://fonts.gstatic.com/s/bigshouldersinline/v4/bx6aNwSCkev-8u0YNXAF6gArLyznvspgMYrXvDo3SQY1.ttf,
Big Shoulders Stencil,Display,,INFO,standard,0.269,9.7,16.3,5.4,0.705,0.491,95,90,2026-10-08-0604-1115,"BigShouldersStencil-VariableFont_opsz,wght.ttf",https://fonts.gstatic.com/s/bigshouldersstencil/v4/TwMQ-JIEQ1Je5sI6Bx1TKHD83rT3u3NSCfbfzYRDT8Yy-w.ttf,
Bigelow Rules,Display,,INFO,standard,-0.112,12.8,15.4,7.3,0.598,0.834,85,80,2026-10-08-0604-1115,BigelowRules-Regular.ttf,https://fonts.gstatic.com/s/bigelowrules/v31/RrQWboly8iR_I3KWSzeRuN0zT4cCH8WAJVk.ttf,
Bigshot One,Display,,INFO,loose,0.652,18.3,34.3,10.6,0.674,0.759,55,70,2026-10-08-0604-1115,BigshotOne-Regular.ttf,https://fonts.gstatic.com/s/bigshotone/v31/u-470qukhRkkO6BD_7cM_gxuUQJBXv_-.ttf,
Bilbo,Handwriting,,INFO,tight,-0.44,45.3,40.1,34.5,0.718,0.626,38,,2026-10-08-0604-1115,Bilbo-Regular.ttf,https://fonts.gstatic.com/s/bilbo/v21/o-0EIpgpwWwZ210hpIRz4wxE.ttf,
Bilbo Swash Caps,Handwriting,,INFO,tight,-6,53.8,37.8,43.5,0.316,0.667,,,2026-10-08-0604-1115,BilboSwashCaps-Regular.ttf,https://fonts.gstatic.com/s/bilboswashcaps/v23/zrf-0GXbz-H3Wb4XBsGrTgq2PVmdqAPopiRfKp8.ttf,
BioRhyme,Serif,,WARN,standard,0.238,20.4,20.2,11.5,0.736,0.496,40,70,2026-10-08-0604-1115,"BioRhyme-VariableFont_wdth,wght.ttf",https://fonts.gstatic.com/s/biorhyme/v21/1cXwaULHBpDMsHYW_HxGpVWIgNit.ttf,WARN spacing/instances: 1 location of the designspace is spaced far from the norms or from its neighbours: wdth 125 (max) (shape error 33.5).
BioRhyme Expanded,Serif,,WARN,standard,-0.093,35.3,34,23.9,0.633,0.502,2,40,2026-10-08-0604-1115,BioRhymeExpanded-Regular.ttf,https://fonts.gstatic.com/s/biorhymeexpanded/v23/i7dQIE1zZzytGswgU577CDY9LjbffySURXCPYsje.ttf,"WARN spacing/evenness: Shape error 35.3 units per 1000 em (gaps that depart from even spacing of these shapes): 98th percentile of Serif fonts (median 19.5, robust z +3.8)."
Birthstone,Handwriting,,INFO,tight,-6,46.5,75.5,53.7,0.557,0.533,,,2026-10-08-0604-1115,Birthstone-Regular.ttf,https://fonts.gstatic.com/s/birthstone/v16/8AtsGs2xO4yLRhy87sv_HLn5jRfZHzM.ttf,
Birthstone Bounce,Handwriting,,INFO,tight,-6,71,102.7,60.7,0.049,0.339,,,2026-10-08-0604-1115,BirthstoneBounce-Regular.ttf,https://fonts.gstatic.com/s/birthstonebounce/v13/ga6XaxZF43lIvTWrktHOTBJZGH7dEeVJGIMYDo_8.ttf,
Biryani,Sans Serif,Deva,INFO,loose,0.231,17.5,,7.8,,,45,,2026-10-08-0604-1115,Biryani-Regular.ttf,https://fonts.gstatic.com/s/biryani/v15/hv-WlzNxIFoO84YdTUwZPTh5T-s.ttf,
Bitcount,Display,,SKIP,,,,,,,,,,,"Bitcount-VariableFont_CRSV,ELSH,ELXP,slnt,wght.ttf",https://fonts.gstatic.com/s/bitcount/v3/ijwWs53kQsE1Y5J-lJd7m2dJXYP7.ttf,"SKIP spacing/monospaced: Skipped: every letter has the same advance width, so the spacing is set by the width, not by sidebearings and kerning."
Bitcount Grid Double,Display,,SKIP,,,,,,,,,,,"BitcountGridDouble-VariableFont_CRSV,ELSH,ELXP,slnt,wght.ttf",https://fonts.gstatic.com/s/bitcountgriddouble/v3/WBL6rFjbakJVFOargiWSKQysDITG_S0VtHc6_qJY3QPQ.ttf,"SKIP spacing/monospaced: Skipped: every letter has the same advance width, so the spacing is set by the width, not by sidebearings and kerning."
Bitcount Grid Double Ink,Display,,SKIP,,,,,,,,,,,"BitcountGridDoubleInk-VariableFont_CRSV,ELSH,ELXP,SZP1,SZP2,XPN1,XPN2,YPN1,YPN2,slnt,wght.ttf",https://fonts.gstatic.com/s/bitcountgriddoubleink/v2/55x_ez5tP8L0NH7JfsNC0tQY0fynXgYg-YY2JqgqdEYE1Ubx_A.ttf,"SKIP spacing/monospaced: Skipped: every letter has the same advance width, so the spacing is set by the width, not by sidebearings and kerning."
Bitcount Grid Single,Display,,SKIP,,,,,,,,,,,"BitcountGridSingle-VariableFont_CRSV,ELSH,ELXP,slnt,wght.ttf",https://fonts.gstatic.com/s/bitcountgridsingle/v3/cY9afi2OU1tLpjaqQveNvbC2qfsuQPDVATvobxLCBJkS.ttf,"SKIP spacing/monospaced: Skipped: every letter has the same advance width, so the spacing is set by the width, not by sidebearings and kerning."
Bitcount Grid Single Ink,Display,,SKIP,,,,,,,,,,,"BitcountGridSingleInk-VariableFont_CRSV,ELSH,ELXP,SZP1,SZP2,XPN1,XPN2,YPN1,YPN2,slnt,wght.ttf",https://fonts.gstatic.com/s/bitcountgridsingleink/v2/NaPLcYHeAOhfxZo1O_IA2ULZRJevZus_A5zQ3wkexdKKt36GpQ.ttf,"SKIP spacing/monospaced: Skipped: every letter has the same advance width, so the spacing is set by the width, not by sidebearings and kerning."
Bitcount Ink,Display,,SKIP,,,,,,,,,,,"BitcountInk-VariableFont_CRSV,ELSH,ELXP,SZP1,SZP2,XPN1,XPN2,YPN1,YPN2,slnt,wght.ttf",https://fonts.gstatic.com/s/bitcountink/v2/CHykV-zVFUj9azIqslTrFzEuNlAghmBIYQ.ttf,"SKIP spacing/monospaced: Skipped: every letter has the same advance width, so the spacing is set by the width, not by sidebearings and kerning."
Bitcount Prop Double,Display,,WARN,standard,0.349,33.4,41,55.8,0.751,0.515,9,60,2026-10-08-0604-1115,"BitcountPropDouble-VariableFont_CRSV,ELSH,ELXP,slnt,wght.ttf",https://fonts.gstatic.com/s/bitcountpropdouble/v3/K2FufY5Wn-tBSVxaDL6DUOXQJ26dEAnh68U4EoporSHH.ttf,"WARN spacing/glyph-sides: 18 glyph sides are spaced far from the norms of Display fonts (units per 1000 em against their median): m left -78, n left -78, ' right +128, r left -78, i left -80, ; right +124, , right +124, : right +121. | WARN spacing/instances: 1 location of the designspace is spaced far from the norms or from its neighbours: CRSV 1 (max) (spacing jumps against its neighbours)."
Bitcount Prop Double Ink,Display,,WARN,standard,0.349,33.4,41,55.8,0.751,0.515,9,60,2026-10-08-0604-1115,"BitcountPropDoubleInk-VariableFont_CRSV,ELSH,ELXP,SZP1,SZP2,XPN1,XPN2,YPN1,YPN2,slnt,wght.ttf",https://fonts.gstatic.com/s/bitcountpropdoubleink/v2/Y4GYYbpwUzElrfvDMsf8vwlfaBFstfqVIz5JD-B-oNRyiOmDZQ.ttf,"WARN spacing/glyph-sides: 18 glyph sides are spaced far from the norms of Display fonts (units per 1000 em against their median): m left -78, n left -78, ' right +128, r left -78, i left -80, ; right +124, , right +124, : right +121. | WARN spacing/instances: 14 locations of the designspace are spaced far from the norms or from their neighbours: ELSH 100 (max) (spacing jumps against its neighbours); CRSV 1 (max) (spacing jumps against its neighbours); SZP1 0 (min) (spacing jumps against its neighbours); SZP1 100 (max) (spacing jumps against its neighbours); XPN1 -100 (min) (spacing jumps against its neighbours); XPN1 100 (max) (spacing jumps against its neighbours); YPN1 -100 (min) (spacing jumps against its neighbours); YPN1 100 (max) (spacing jumps against its neighbours); and 6 more."
Bitcount Prop Single,Display,,FAIL,standard,-0.001,38.5,34.7,70.5,0.213,0.158,5,40,2026-10-08-0604-1115,"BitcountPropSingle-VariableFont_CRSV,ELSH,ELXP,slnt,wght.ttf",https://fonts.gstatic.com/s/bitcountpropsingle/v3/-W_hXIv9SyXT0xz0E9pIHCxbW8ZMGEVdhyQegDsC0Np2.ttf,"FAIL spacing/glyph-sides: 3 sidebearings are far outside the norms of Display fonts (units per 1000 em against their median): S right +157, C right +153, P right +160."
Bitcount Prop Single Ink,Display,,FAIL,standard,-0.001,38.5,34.7,70.5,0.213,0.158,5,40,2026-10-08-0604-1115,"BitcountPropSingleInk-VariableFont_CRSV,ELSH,ELXP,SZP1,SZP2,XPN1,XPN2,YPN1,YPN2,slnt,wght.ttf",https://fonts.gstatic.com/s/bitcountpropsingleink/v4/wXK4E2YTrpM-pUnBg3-sd4tavSRa27--66omsDmF7FUIszQijA.ttf,"FAIL spacing/glyph-sides: 3 sidebearings are far outside the norms of Display fonts (units per 1000 em against their median): S right +157, C right +153, P right +160."
Bitcount Single,Display,,SKIP,,,,,,,,,,,"BitcountSingle-VariableFont_CRSV,ELSH,ELXP,slnt,wght.ttf",https://fonts.gstatic.com/s/bitcountsingle/v3/or36Q6T72-iP2RY6OLSkb95a817GhmARZeDtag.ttf,"SKIP spacing/monospaced: Skipped: every letter has the same advance width, so the spacing is set by the width, not by sidebearings and kerning."
Bitcount Single Ink,Display,,SKIP,,,,,,,,,,,"BitcountSingleInk-VariableFont_CRSV,ELSH,ELXP,SZP1,SZP2,XPN1,XPN2,YPN1,YPN2,slnt,wght.ttf",https://fonts.gstatic.com/s/bitcountsingleink/v4/FwZH7_80w0kk_0u-PN7ToaLMySaevcGosWKGP6kvdPA.ttf,"SKIP spacing/monospaced: Skipped: every letter has the same advance width, so the spacing is set by the width, not by sidebearings and kerning."
Bitter,Serif,,INFO,standard,0.127,19.7,20.2,10.3,0.719,0.478,47,70,2026-10-08-0604-1115,Bitter-VariableFont_wght.ttf,https://fonts.gstatic.com/s/bitter/v42/rax8HiqOu8IVPmnLeIZoDDlCmg.ttf,
BIZ UDGothic,Sans Serif,Jpan,SKIP,,,,,,,,,,,BIZUDGothic-Regular.ttf,https://fonts.gstatic.com/s/bizudgothic/v12/daafSTouBF7RUjnbt8p3LuKttQN98z_MbQ.ttf,"SKIP spacing/monospaced: Skipped: every letter has the same advance width, so the spacing is set by the width, not by sidebearings and kerning."
BIZ UDMincho,Serif,Jpan,SKIP,,,,,,,,,,,BIZUDMincho-Regular.ttf,https://fonts.gstatic.com/s/bizudmincho/v11/EJRRQgI6eOxFjBdKs38yhtW1dwT7rcpY8Q.ttf,"SKIP spacing/monospaced: Skipped: every letter has the same advance width, so the spacing is set by the width, not by sidebearings and kerning."
BIZ UDPGothic,Sans Serif,Jpan,WARN,standard,0.019,32.2,,17.7,,,3,,2026-10-08-0604-1115,BIZUDPGothic-Regular.ttf,https://fonts.gstatic.com/s/bizudpgothic/v16/hES36X5pHAIBjmS84VL0Bue83nUMQWkMUAk.ttf,"WARN spacing/glyph-sides: 1 sidebearing is far outside the norms of Sans Serif fonts (units per 1000 em against their median): ’ right +220. | WARN spacing/pairs: 45 pairs are spaced far from how Sans Serif fonts usually compare with the model (units per 1000 em, + looser): ’x +207, ’v +201, ’I +214, ’i +221, ’l +220, ’j +247, ’y +227, ’X +218, ’S +207, ’G +222."
BIZ UDPMincho,Serif,Jpan,WARN,standard,-0.026,32.9,,18.1,,,4,,2026-10-08-0604-1115,BIZUDPMincho-Regular.ttf,https://fonts.gstatic.com/s/bizudpmincho/v11/ypvfbXOBrmYppy7oWWTg1_58nhhYtUb0gZk.ttf,"WARN spacing/glyph-sides: 1 sidebearing is far outside the norms of Serif fonts (units per 1000 em against their median): ’ right +222. | WARN spacing/pairs: 48 pairs are spaced far from how Serif fonts usually compare with the model (units per 1000 em, + looser): ’Z +223, ’S +219, ’u +238, ’U +187, ’i +208, ’l +218, ’X +210, ’I +206, ’w +216, ’f +226."
BJCree,Serif,Cans,INFO,standard,0.037,17.2,,10.5,,,71,,2026-10-08-0604-1115,BJCree-Regular.ttf,https://fonts.gstatic.com/s/bjcree/v3/QldPNTVAjTwa8_Q6PDOVQXhGxw.ttf,
Black And White Picture,Display,Kore,INFO,tight,-1.113,19.1,,12.7,,,52,,2026-10-08-0604-1115,BlackAndWhitePicture-Regular.ttf,https://fonts.gstatic.com/s/blackandwhitepicture/v30/TwMe-JAERlQd3ooUHBUXGmrmioKjjnRSFO-NqI5HbcMi-yWY.ttf,
Black Han Sans,Sans Serif,Kore,INFO,loose,0.971,20.3,,13.9,,,28,,2026-10-08-0604-1115,BlackHanSans-Regular.ttf,https://fonts.gstatic.com/s/blackhansans/v24/ea8Aad44WunzF9a-dL6toA8r8nqVIXSkH-Hc.ttf,
Black Ops One,Display,,INFO,loose,0.824,16,15.7,15.8,0.543,0.208,67,80,2026-10-08-0604-1115,BlackOpsOne-Regular.ttf,https://fonts.gstatic.com/s/blackopsone/v21/qWcsB6-ypo7xBdr6Xshe96H3WDzRtjkho4M.ttf,
Blaka,Display,Arab,INFO,loose,0.441,9,23.3,4.1,0.957,0.667,97,,2026-10-08-0604-1115,Blaka-Regular.ttf,https://fonts.gstatic.com/s/blaka/v8/8vIG7w8722p_6kdr20D2FV5e.ttf,
Blaka Hollow,Display,Arab,INFO,standard,0.188,10.5,,5.2,,,93,,2026-10-08-0604-1115,BlakaHollow-Regular.ttf,https://fonts.gstatic.com/s/blakahollow/v8/MCoUzAL91sjRE2FsKsxUtezYB9oFyW_-oA.ttf,
Blaka Ink,Display,Arab,INFO,loose,0.458,8.9,23.6,4.1,0.956,0.667,98,,2026-10-08-0604-1115,BlakaInk-Regular.ttf,https://fonts.gstatic.com/s/blakaink/v10/AlZy_zVVtpj22Znag2chdXf4XB0Tow.ttf,
Blinker,Sans Serif,,INFO,tight,-0.323,9.7,13.6,5.9,0.751,0.849,97,90,2026-10-08-0604-1115,Blinker-Regular.ttf,https://fonts.gstatic.com/s/blinker/v14/cIf9MaFatEE-VTaPxCmrYGkHgIs.ttf,
Bodoni Moda,Serif,,INFO,standard,0.201,23,24.7,10.9,0.719,0.698,23,60,2026-10-08-0604-1115,"BodoniModa-VariableFont_opsz,wght.ttf",https://fonts.gstatic.com/s/bodonimoda/v28/aFTQ7PxzY382XsXX63LUYKSNQqn0X0BO.ttf,
Bodoni Moda SC,Serif,,INFO,standard,0.201,26.6,33.1,10.9,0.598,0.659,10,60,2026-10-08-0604-1115,"BodoniModaSC-VariableFont_opsz,wght.ttf",https://fonts.gstatic.com/s/bodonimodasc/v3/LYjbdGTykkIgA8197UwkzHp8F__fcpC69i6N.ttf,
Bokor,Display,Khmr,INFO,loose,0.241,26.3,38.5,17.3,0.279,0.336,19,,2026-10-08-0604-1115,Bokor-Regular.ttf,https://fonts.gstatic.com/s/bokor/v32/m8JcjfpeeaqTiR2WdInbcaxE.ttf,
Boldonse,Display,,INFO,loose,0.477,14.3,22.7,6,0.818,0.773,76,80,2026-10-08-0604-1115,Boldonse-Regular.ttf,https://fonts.gstatic.com/s/boldonse/v1/ZgNQjPxGPbbJUZemjC38hmHmNpCO.ttf,
Bona Nova,Serif,,INFO,loose,0.289,24.8,31.6,15.1,0.527,0.689,15,60,2026-10-08-0604-1115,BonaNova-Regular.ttf,https://fonts.gstatic.com/s/bonanova/v12/B50NF7ZCpX7fcHfvIUBJi6hqHK-CLA.ttf,
Bona Nova SC,Serif,,INFO,loose,0.289,27.8,33.5,15.1,0.648,0.678,8,60,2026-10-08-0604-1115,BonaNovaSC-Regular.ttf,https://fonts.gstatic.com/s/bonanovasc/v1/mem5YaShyGWDiYdPG_c1Af4-VeJoCqeDjg.ttf,
Bonbon,Handwriting,,INFO,tight,-0.252,21.6,,12,,,87,,2026-10-08-0604-1115,Bonbon-Regular.ttf,https://fonts.gstatic.com/s/bonbon/v32/0FlVVPeVlFec4ee_cDEAbQY5-A.ttf,
Bonheur Royale,Handwriting,,INFO,tight,-6,84.2,,69,,,,,2026-10-08-0604-1115,BonheurRoyale-Regular.ttf,https://fonts.gstatic.com/s/bonheurroyale/v15/c4m51nt_GMTrtX-b9GcG4-YRmYK_c0f1N5Ij.ttf,
Boogaloo,Display,,INFO,loose,0.676,20.6,27.2,16.1,0.882,0.545,43,70,2026-10-08-0604-1115,Boogaloo-Regular.ttf,https://fonts.gstatic.com/s/boogaloo/v25/kmK-Zq45GAvOdnaW6x1F_SrQo_1K.ttf,
Borel,Handwriting,,INFO,standard,-0.012,41.8,22.7,29.8,0.857,0.913,44,,2026-10-08-0604-1115,Borel-Regular.ttf,https://fonts.gstatic.com/s/borel/v10/6qLOKZsftAPisgshYyMnOjwE.ttf,
Bowlby One,Display,,INFO,loose,0.308,24,58.2,15.8,0.7,0.798,27,70,2026-10-08-0604-1115,BowlbyOne-Regular.ttf,https://fonts.gstatic.com/s/bowlbyone/v25/taiPGmVuC4y96PFeqp8smo6C_Z0wcK4.ttf,
Bowlby One SC,Display,,INFO,loose,0.222,22.7,41.4,16.8,0.726,0.743,32,70,2026-10-08-0604-1115,BowlbyOneSC-Regular.ttf,https://fonts.gstatic.com/s/bowlbyonesc/v27/DtVlJxerQqQm37tzN3wMug9Pzgj8owhNjuE.ttf,
Bpmf Huninn,Sans Serif,Hant,INFO,standard,-0.113,16.9,,7.3,,,52,,2026-10-08-0604-1115,BpmfHuninn-Regular.ttf,https://fonts.gstatic.com/s/bpmfhuninn/v7/taiOGmRuFJa3qsALi5gn1K6o05E5abe_.ttf,
Bpmf Iansui,Handwriting,Hant,INFO,standard,0.24,28,,17.1,,,70,,2026-10-08-0604-1115,BpmfIansui-Regular.ttf,https://fonts.gstatic.com/s/bpmfiansui/v7/yMJWMIp-dJTO0T8F_WnJPghxoNFxW0Hz.ttf,
Bpmf Zihi Kai Std,Sans Serif,Hant,INFO,loose,0.237,21.2,,13.6,,,23,,2026-10-08-0604-1115,BpmfZihiKaiStd-Regular.ttf,https://fonts.gstatic.com/s/bpmfzihikaistd/v7/9XU_lIdmjlbGWCXAeHssPRoh5OLaAgzG5SMtfj3e.ttf,
Braah One,Sans Serif,Guru,INFO,loose,0.752,14.9,18.1,8.5,0.729,0.607,72,,2026-10-08-0604-1115,BraahOne-Regular.ttf,https://fonts.gstatic.com/s/braahone/v8/KFOlCnWUpt6LsxxxiylvAx05IsDqlA.ttf,
Brawler,Serif,,INFO,standard,0.11,25,23.7,13.3,0.605,0.58,14,60,2026-10-08-0604-1115,Brawler-Regular.ttf,https://fonts.gstatic.com/s/brawler/v20/xn7gYHE3xXewAscGsgC7S9XdZN8.ttf,
Bree Serif,Serif,,INFO,loose,0.29,14.5,24.2,7.8,0.825,0.677,91,90,2026-10-08-0604-1115,BreeSerif-Regular.ttf,https://fonts.gstatic.com/s/breeserif/v18/4UaHrEJCrhhnVA3DgluAx63j5pN1MwI.ttf,
Bricolage Grotesque,Sans Serif,,WARN,tight,-0.798,13.7,15.3,9.6,0.857,0.437,81,80,2026-10-08-0604-1115,"BricolageGrotesque-VariableFont_opsz,wdth,wght.ttf",https://fonts.gstatic.com/s/bricolagegrotesque/v9/3y996as8bTXq_nANBjzKo3IeZx8z6up5H--HGN6NLPo.ttf,WARN spacing/instances: 1 location of the designspace is spaced far from the norms or from its neighbours: Light (shape error 19.2).
Bruno Ace,Display,,INFO,tight,-0.884,22.2,26.8,13.3,0.723,0.763,35,70,2026-10-08-0604-1115,BrunoAce-Regular.ttf,https://fonts.gstatic.com/s/brunoace/v7/WwkcxPa2E06x4trkOj_kMKoMWNMg3Q.ttf,
Bruno Ace SC,Display,,INFO,tight,-0.958,23.1,26.6,14.6,0.593,0.717,30,70,2026-10-08-0604-1115,BrunoAceSC-Regular.ttf,https://fonts.gstatic.com/s/brunoacesc/v7/ptROTiycffFLBuiHjdJDl634LSFrpe8uZA.ttf,
Brygada 1918,Serif,,INFO,standard,0.143,22.4,25.4,13.2,0.697,0.778,25,70,2026-10-08-0604-1115,Brygada1918-VariableFont_wght.ttf,https://fonts.gstatic.com/s/brygada1918/v27/pe0pMI6eKpdGqlF5LANrM--aA_Rue1UwVg.ttf,
Bubblegum Sans,Display,,INFO,loose,0.538,17.7,26.9,9,0.829,0.318,58,70,2026-10-08-0604-1115,BubblegumSans-Regular.ttf,https://fonts.gstatic.com/s/bubblegumsans/v22/AYCSpXb_Z9EORv1M5QTjEzMEtdaHzoPPb7R4.ttf,
Bubbler One,Sans Serif,,INFO,tight,-0.359,15.3,19.9,8.9,0.648,0.678,70,80,2026-10-08-0604-1115,BubblerOne-Regular.ttf,https://fonts.gstatic.com/s/bubblerone/v22/f0Xy0eqj68ppQV9KBLmAouHH26MPePkt.ttf,
Buda,Display,,INFO,standard,0.187,25.4,26.6,15.6,0.589,0.476,23,60,2026-10-08-0604-1115,Buda-Light.ttf,https://fonts.gstatic.com/s/buda/v31/GFDqWAN8mnyIJSSrG7UBr7pZKA0.ttf,
Buenard,Serif,,INFO,loose,0.308,17.4,,11.7,,,68,80,2026-10-08-0604-1115,Buenard-VariableFont_wght.ttf,https://fonts.gstatic.com/s/buenard/v22/OD5DuM6Cyma8FnnsPzf9qGi9HL4.ttf,
Bungee,Display,,INFO,loose,1.073,9,13.3,5.6,0.785,0.479,97,90,2026-10-08-0604-1115,Bungee-Regular.ttf,https://fonts.gstatic.com/s/bungee/v17/N0bU2SZBIuF2PU_ECn50Kd_PmA.ttf,
Bungee Hairline,Display,,WARN,loose,0.296,47.5,50.3,31.8,0.53,0.45,2,40,2026-10-08-0604-1115,BungeeHairline-Regular.ttf,https://fonts.gstatic.com/s/bungeehairline/v26/snfys0G548t04270a_ljTLUVrv-7YB2dQ5ZPqQ.ttf,"WARN spacing/evenness: Shape error 47.5 units per 1000 em (gaps that depart from even spacing of these shapes): 98th percentile of Display fonts (median 19.4, robust z +3.8). | WARN spacing/glyph-sides: 6 glyph sides are spaced far from the norms of Display fonts (units per 1000 em against their median): e right +100, c right +99, C right +100, g right +69, E right +98, G right +67. | WARN spacing/pairs: 37 pairs are spaced far from how Display fonts usually compare with the model (units per 1000 em, + looser): ei +176, CI +177, Ci +177, cI +178, ci +178, et +196, ct +199, Ei +175, eI +176, Ct +196."
Bungee Inline,Display,,INFO,loose,0.823,8.9,12.1,5.4,0.778,0.483,98,90,2026-10-08-0604-1115,BungeeInline-Regular.ttf,https://fonts.gstatic.com/s/bungeeinline/v19/Gg8zN58UcgnlCweMrih332VuDGJ1-FEglsc.ttf,
Bungee Outline,Display,,WARN,tight,-1.897,18.4,18.7,13.1,0.798,0.463,54,70,2026-10-08-0604-1115,BungeeOutline-Regular.ttf,https://fonts.gstatic.com/s/bungeeoutline/v24/_6_mEDvmVP24UvU2MyiGDslL3Qg3YhJqPXxo.ttf,"WARN spacing/tightness: Overall tightness: Looseness -1.90 is at the 3rd percentile of Display fonts (median +0.04, robust z -3.6)."
Bungee Shade,Display,,INFO,tight,-1.806,11.6,15.3,8,0.681,0.429,89,80,2026-10-08-0604-1115,BungeeShade-Regular.ttf,https://fonts.gstatic.com/s/bungeeshade/v17/DtVkJxarWL0t2KdzK3oI_jks7iLSrwFUlw.ttf,
Bungee Spice,Display,,INFO,loose,1.073,9,13.3,5.6,0.785,0.479,97,90,2026-10-08-0604-1115,BungeeSpice-Regular.ttf,https://fonts.gstatic.com/s/bungeespice/v15/nwpTtK2nIhxE0q-IwgSpZBqCzyI-aMPF7Q.ttf,
Bungee Tint,Display,,INFO,loose,1.073,9,13.3,5.6,0.785,0.479,97,90,2026-10-08-0604-1115,BungeeTint-Regular.ttf,https://fonts.gstatic.com/s/bungeetint/v3/J7abnpl_EGtUEuAJwN9WmrtKMDwTpTkB.ttf,
Butcherman,Display,,INFO,loose,1.024,20.6,,13.4,,,43,70,2026-10-08-0604-1115,Butcherman-Regular.ttf,https://fonts.gstatic.com/s/butcherman/v25/2EbiL-thF0loflXUBOdb1zWzq_5uT84.ttf,
Butterfly Kids,Handwriting,,INFO,tight,-1.462,33.7,,23.5,,,57,,2026-10-08-0604-1115,ButterflyKids-Regular.ttf,https://fonts.gstatic.com/s/butterflykids/v27/ll8lK2CWTjuqAsXDqlnIbMNs5S4arxFrAX1D.ttf,
Bytesized,Sans Serif,,SKIP,,,,,,,,,,,Bytesized-Regular.ttf,https://fonts.gstatic.com/s/bytesized/v1/goksH6L8FkdnROln8XBTS0CjkP1Yog.ttf,"SKIP spacing/monospaced: Skipped: every letter has the same advance width, so the spacing is set by the width, not by sidebearings and kerning."
Caacupe One,Display,,INFO,loose,0.417,10.8,41.1,7.2,,0,92,90,2026-10-08-0604-1115,CaacupeOne-Regular.ttf,https://fonts.gstatic.com/s/caacupeone/v2/PlI5Fl60NbF_eNjJe2jslVxEt8CwfGaD.ttf,
Cabin,Sans Serif,,INFO,standard,-0.176,13,14.3,8,0.667,0.501,86,80,2026-10-08-0604-1115,"Cabin-VariableFont_wdth,wght.ttf",https://fonts.gstatic.com/s/cabin/v35/u-4x0qWljRw-Pe839fxqmjRv.ttf,
Cabin Condensed,Sans Serif,,INFO,standard,-0.065,13.2,13.3,8.3,0.69,0.456,84,80,2026-10-08-0604-1115,CabinCondensed-Regular.ttf,https://fonts.gstatic.com/s/cabincondensed/v21/nwpMtK6mNhBK2err_hqkYhHRqmwaYOjZ5HZl8Q.ttf,
Cabin Sketch,Display,,INFO,standard,-0.055,25.2,26.6,21.1,0.582,0.364,23,60,2026-10-08-0604-1115,CabinSketch-Regular.ttf,https://fonts.gstatic.com/s/cabinsketch/v23/QGYpz_kZZAGCONcK2A4bGOjMn9JM6fnuKg.ttf,
Cactus Classical Serif,Serif,Hant,INFO,loose,0.264,19.7,,12.8,,,47,,2026-10-08-0604-1115,CactusClassicalSerif-Regular.ttf,https://fonts.gstatic.com/s/cactusclassicalserif/v16/sZlVdQ6K-zJOCzUaS90zMNN-Ep-OoC8dZr0JFuBIFX-pv-E.ttf,
Caesar Dressing,Display,,INFO,loose,0.213,21.5,,17.6,,,39,70,2026-10-08-0604-1115,CaesarDressing-Regular.ttf,https://fonts.gstatic.com/s/caesardressing/v22/yYLx0hLa3vawqtwdswbotmK4vrR3cbb6LZttyg.ttf,
Cagliostro,Sans Serif,,INFO,standard,-0.016,20.8,37.9,11.8,0.813,0.905,25,70,2026-10-08-0604-1115,Cagliostro-Regular.ttf,https://fonts.gstatic.com/s/cagliostro/v22/ZgNWjP5HM73BV5amnX-TjGXEM4COoE4.ttf,
Cairo,Sans Serif,Arab,WARN,standard,-0.191,12.8,17.7,7.5,0.576,0.725,87,,2026-10-08-0604-1115,"Cairo-VariableFont_slnt,wght.ttf",https://fonts.gstatic.com/s/cairo/v31/SLXGc1nY6HkvamImRJqExst1.ttf,WARN spacing/instances: 1 location of the designspace is spaced far from the norms or from its neighbours: Light (shape error 17.7).
Cairo Play,Sans Serif,Arab,WARN,standard,-0.191,12.8,17.7,7.5,0.576,0.725,87,,2026-10-08-0604-1115,"CairoPlay-VariableFont_slnt,wght.ttf",https://fonts.gstatic.com/s/cairoplay/v13/wXKuE3QSpo4vpRz_mz6FJeQAmX8yrdk.ttf,WARN spacing/instances: 1 location of the designspace is spaced far from the norms or from its neighbours: Light (shape error 17.7).
Cal Sans,Sans Serif,,INFO,tight,-0.535,15.4,18.3,9.2,0.818,0.702,70,80,2026-10-08-0604-1115,CalSans-Regular.ttf,https://fonts.gstatic.com/s/calsans/v2/fdN99sWUv3gWqXxqqSBbvloE4LZx.ttf,
Caladea,Serif,,INFO,loose,0.25,24.7,35.9,14.8,0.754,0.811,16,60,2026-10-08-0604-1115,Caladea-Regular.ttf,https://fonts.gstatic.com/s/caladea/v10/kJEzBugZ7AAjhybUjR93-9IztOc.ttf,
Calistoga,Display,,INFO,standard,0.318,19.8,18.8,15.4,0.573,0.417,48,70,2026-10-08-0604-1115,Calistoga-Regular.ttf,https://fonts.gstatic.com/s/calistoga/v18/6NUU8F2OJg6MeR7l4e0vtMYAwdRZfw.ttf,
Calligraffitti,Handwriting,,INFO,tight,-6,83.2,,68.3,,,,,2026-10-08-0604-1115,Calligraffitti-Regular.ttf,https://fonts.gstatic.com/s/calligraffitti/v20/46k2lbT3XjDVqJw3DCmCFjE0vnFZM5ZBpYN-.ttf,
Cambay,Sans Serif,Deva,INFO,standard,0.162,21.2,,10.8,,,23,,2026-10-08-0604-1115,Cambay-Regular.ttf,https://fonts.gstatic.com/s/cambay/v14/SLXJc1rY6H0_ZDsGbrSIz9JsaA.ttf,
Cambo,Serif,,INFO,loose,0.227,20.2,25.1,13.8,0.816,0.968,43,70,2026-10-08-0604-1115,Cambo-Regular.ttf,https://fonts.gstatic.com/s/cambo/v21/IFSqHeNEk8FJk416ok7xkPm8.ttf,
Candal,Sans Serif,,WARN,loose,1.367,27.3,74,18.8,0.746,0.78,7,60,2026-10-08-0604-1115,Candal-Regular.ttf,https://fonts.gstatic.com/s/candal/v16/XoHn2YH6T7-t_8cNAR4Jt9Yxlw.ttf,"WARN spacing/tightness: Overall tightness: Looseness +1.37 is at the 99th percentile of Sans Serif fonts (median +0.03, robust z +4.5)."
Cantarell,Sans Serif,,INFO,loose,0.514,22.1,,15.4,,,19,60,2026-10-08-0604-1115,Cantarell-Regular.ttf,https://fonts.gstatic.com/s/cantarell/v18/B50NF7ZDq37KMUvlO01Ji6hqHK-CLA.ttf,
Cantata One,Serif,,INFO,loose,0.403,33.5,,20.8,,,3,50,2026-10-08-0604-1115,CantataOne-Regular.ttf,https://fonts.gstatic.com/s/cantataone/v16/PlI5Fl60Nb5obNzNe2jslVxEt8CwfGaD.ttf,
Cantora One,Sans Serif,,INFO,loose,0.396,12.1,18.3,6.7,0.629,0.647,91,90,2026-10-08-0604-1115,CantoraOne-Regular.ttf,https://fonts.gstatic.com/s/cantoraone/v20/gyB4hws1JdgnKy56GB_JX6zdZ4vZVbgZ.ttf,
Caprasimo,Display,,INFO,loose,0.482,18.6,21.8,11.6,0.796,0.597,53,70,2026-10-08-0604-1115,Caprasimo-Regular.ttf,https://fonts.gstatic.com/s/caprasimo/v6/esDT31JQOPuXIUGBp72klZUCGpG-GQ.ttf,
Capriola,Sans Serif,,INFO,loose,0.513,23,,15.8,,,15,60,2026-10-08-0604-1115,Capriola-Regular.ttf,https://fonts.gstatic.com/s/capriola/v15/wXKoE3YSppcvo1PDln_8L-AinG8y.ttf,
Caramel,Handwriting,,INFO,tight,-6,49.2,11.4,52.5,,1,,,2026-10-08-0604-1115,Caramel-Regular.ttf,https://fonts.gstatic.com/s/caramel/v8/P5sCzZKBbMTf_ShyxCRuiZ-uydg.ttf,
Carattere,Handwriting,,INFO,tight,-6,70.1,148.5,63.5,0.626,0.923,,,2026-10-08-0604-1115,Carattere-Regular.ttf,https://fonts.gstatic.com/s/carattere/v8/4iCv6Kp1b9dXlgt_CkvTt2aMH4V_gg.ttf,
Cardo,Serif,,INFO,standard,0.12,18,,9.2,,,62,70,2026-10-08-0604-1115,Cardo-Regular.ttf,https://fonts.gstatic.com/s/cardo/v21/wlp_gwjKBV1pqiv_1oAZ2H5O.ttf,
Carlito,Sans Serif,,INFO,standard,0.051,17.1,22.3,10,0.804,0.742,49,70,2026-10-08-0604-1115,Carlito-Regular.ttf,https://fonts.gstatic.com/s/carlito/v4/3Jn9SDPw3m-pk039PDCLTXUETuE.ttf,
Carme,Sans Serif,,INFO,standard,0.2,24.1,24.8,13.8,0.567,0.471,11,60,2026-10-08-0604-1115,Carme-Regular.ttf,https://fonts.gstatic.com/s/carme/v17/ptRHTiWdbvZIDOjGxLNrxfbZ.ttf,
Carrois Gothic,Sans Serif,,INFO,loose,0.362,16.7,20.9,10.4,0.834,0.836,54,70,2026-10-08-0604-1115,CarroisGothic-Regular.ttf,https://fonts.gstatic.com/s/carroisgothic/v17/Z9XPDmFATg-N1PLtLOOxvIHl9ZmD3i7ajcJ-.ttf,
Carrois Gothic SC,Sans Serif,,INFO,loose,0.241,18.1,22.2,11.1,0.801,0.808,41,70,2026-10-08-0604-1115,CarroisGothicSC-Regular.ttf,https://fonts.gstatic.com/s/carroisgothicsc/v16/ZgNJjOVHM6jfUZCmyUqT2A2HVKjc-28nNHabY4dN.ttf,
Carter One,Display,,INFO,standard,0.057,16.6,16.3,32.8,0.577,0.531,64,70,2026-10-08-0604-1115,CarterOne-Regular.ttf,https://fonts.gstatic.com/s/carterone/v18/q5uCsoe5IOB2-pXv9UcNIxR2hYxREMs.ttf,
Cascadia Code,Sans Serif,,SKIP,,,,,,,,,,,CascadiaCode-VariableFont_wght.ttf,https://fonts.gstatic.com/s/cascadiacode/v5/qWcsB6-zq5zxD57cT5s916v3WDzRtjkho4M.ttf,"SKIP spacing/monospaced: Skipped: every letter has the same advance width, so the spacing is set by the width, not by sidebearings and kerning."
Cascadia Mono,Sans Serif,,SKIP,,,,,,,,,,,CascadiaMono-VariableFont_wght.ttf,https://fonts.gstatic.com/s/cascadiamono/v5/TUZ2zw5pquJF3iuizJDZYqr1WZUt0W3r4WA.ttf,"SKIP spacing/monospaced: Skipped: every letter has the same advance width, so the spacing is set by the width, not by sidebearings and kerning."
Castoro,Serif,,INFO,standard,0.02,23.9,32.1,14.1,0.81,0.876,18,60,2026-10-08-0604-1115,Castoro-Regular.ttf,https://fonts.gstatic.com/s/castoro/v20/1q2GY5yMCld3-O4cHYhEzOYenEU.ttf,
Castoro Titling,Display,,INFO,standard,0.212,33.3,42.7,25.1,0.739,0.77,10,60,2026-10-08-0604-1115,CastoroTitling-Regular.ttf,https://fonts.gstatic.com/s/castorotitling/v10/buEupouwccj03leTfjUAhEZWlrNqYgckeo9RMw.ttf,
Catamaran,Sans Serif,Taml,INFO,standard,-0.299,17.1,,10.2,,,49,,2026-10-08-0604-1115,Catamaran-VariableFont_wght.ttf,https://fonts.gstatic.com/s/catamaran/v28/o-0IIpQoyXQa2RxT7-5b4j5Ba_2c7A.ttf,
Caudex,Serif,,INFO,standard,0.081,20.5,38.7,11.5,0.63,0.863,39,70,2026-10-08-0604-1115,Caudex-Regular.ttf,https://fonts.gstatic.com/s/caudex/v19/esDQ311QOP6BJUrIyviAnb4eEw.ttf,
Cause,Handwriting,,INFO,standard,0.178,17.3,16.1,9.8,0.829,0.677,93,,2026-10-08-0604-1115,Cause-VariableFont_wght.ttf,https://fonts.gstatic.com/s/cause/v2/or3sQ6760-mf00NUZpD_B6g8.ttf,
Caveat,Handwriting,,WARN,standard,-0.894,35.7,33.6,96.6,0.284,0.466,54,,2026-10-08-0604-1115,Caveat-VariableFont_wght.ttf,https://fonts.gstatic.com/s/caveat/v23/Wnz6HAc5bAfYB2QLYTwZqg_MPQ.ttf,"WARN spacing/glyph-sides: 6 glyph sides are spaced far from the norms of Handwriting fonts (units per 1000 em against their median): q left +92, S right -180, ’ right -194, U right -164, d left +89, g left +88."
Caveat Brush,Handwriting,,INFO,loose,0.819,18.2,25,12.1,0.616,0.708,91,,2026-10-08-0604-1115,CaveatBrush-Regular.ttf,https://fonts.gstatic.com/s/caveatbrush/v12/EYq0maZfwr9S9-ETZc3fKXtMW7mT03pdQw.ttf,
Cedarville Cursive,Handwriting,,INFO,tight,-2.113,49.5,,32.2,,,30,,2026-10-08-0604-1115,CedarvilleCursive-Regular.ttf,https://fonts.gstatic.com/s/cedarvillecursive/v18/yYL00g_a2veiudhUmxjo5VKkoqA-B_neJbBxw8BeTg.ttf,
Ceviche One,Display,,INFO,tight,-0.907,15.5,17.9,48.2,0.366,0.631,68,80,2026-10-08-0604-1115,CevicheOne-Regular.ttf,https://fonts.gstatic.com/s/cevicheone/v17/gyB4hws1IcA6JzR-GB_JX6zdZ4vZVbgZ.ttf,
Chakra Petch,Sans Serif,Thai,INFO,standard,-0.189,18.4,17.6,10.7,0.846,0.669,39,,2026-10-08-0604-1115,ChakraPetch-Regular.ttf,https://fonts.gstatic.com/s/chakrapetch/v13/cIf6MapbsEk7TDLdtEz1BwkmmKBhSL7Y1Q.ttf,
Changa,Sans Serif,,INFO,loose,0.303,18.3,29.4,13,0.592,0.981,40,70,2026-10-08-0604-1115,Changa-VariableFont_wght.ttf,https://fonts.gstatic.com/s/changa/v29/2-cm9JNi2YuVOUcUYZa_Wu_lpA.ttf,
Changa One,Display,,INFO,loose,0.402,13.6,28.8,9.5,0.73,0.939,81,80,2026-10-08-0604-1115,ChangaOne-Regular.ttf,https://fonts.gstatic.com/s/changaone/v22/xfu00W3wXn3QLUJXhzq46AbouLfbK64.ttf,
Chango,Display,,INFO,loose,1.669,25.1,,14.6,,,24,70,2026-10-08-0604-1115,Chango-Regular.ttf,https://fonts.gstatic.com/s/chango/v29/2V0cKI0OB5U7WaJyz324TFUaAw.ttf,
Charis SIL,Serif,,INFO,loose,0.187,17.8,,8.8,,,64,70,2026-10-08-0604-1115,CharisSIL-Regular.ttf,https://fonts.gstatic.com/s/charissil/v2/oPWK_kV3l-s-Q8govXvKrPrmYjZ2Xn0.ttf,
Charm,Handwriting,Thai,INFO,loose,0.266,26.9,26.5,18,0.396,0.565,72,,2026-10-08-0604-1115,Charm-Regular.ttf,https://fonts.gstatic.com/s/charm/v14/7cHmv4oii5K0MeYvIe804WIo.ttf,
Charmonman,Handwriting,Thai,WARN,standard,-0.598,91.7,93.7,63.4,0.311,0.837,3,,2026-10-08-0604-1115,Charmonman-Regular.ttf,https://fonts.gstatic.com/s/charmonman/v20/MjQDmiR3vP_nuxDv47jiWJGovLdh6OE.ttf,"WARN spacing/glyph-sides: 7 glyph sides are spaced far from the norms of Handwriting fonts (units per 1000 em against their median): c right -130, o right -156, b right -157, p right -128, u right -130, d right -127, h right -136. | WARN spacing/pairs: 65 pairs are spaced far from how Handwriting fonts usually compare with the model (units per 1000 em, + looser): Rg -799, zg -757, z; -712, zx -718, R; -762, z, -692, zq -526, zp -608, RJ -809, Rp -652."
Chathura,Sans Serif,Telu,INFO,loose,0.312,12.7,,7.6,,,88,,2026-10-08-0604-1115,Chathura-Regular.ttf,https://fonts.gstatic.com/s/chathura/v22/_gP71R7-rzUuVjim418goUC5S-Zy.ttf,
Chau Philomene One,Sans Serif,,INFO,loose,0.384,16.1,42.3,8,0.835,0.638,61,70,2026-10-08-0604-1115,ChauPhilomeneOne-Regular.ttf,https://fonts.gstatic.com/s/chauphilomeneone/v16/55xxezRsPtfie1vPY49qzdgSlJiHRQFsnIx7QMISdQ.ttf,
Chela One,Display,,INFO,standard,0.136,10.8,13.5,6.3,0.82,0.317,92,90,2026-10-08-0604-1115,ChelaOne-Regular.ttf,https://fonts.gstatic.com/s/chelaone/v22/6ae-4KC7Uqgdz_JZdPIy31vWNTMwoQ.ttf,
Chelsea Market,Display,,INFO,standard,-0.264,19.5,,13.2,,,50,70,2026-10-08-0604-1115,ChelseaMarket-Regular.ttf,https://fonts.gstatic.com/s/chelseamarket/v14/BCawqZsHqfr89WNP_IApC8tzKBhlLA4uKkWk.ttf,
Chenla,Display,,SKIP,,,,,,,,,,,,,SKIP spacing/not-latin: Skipped: the family has no Latin subset (khmer). The check covers fonts with the basic Latin alphabet.
Cherish,Handwriting,,INFO,tight,-6,107.4,97.9,97.1,0.164,0.35,,,2026-10-08-0604-1115,Cherish-Regular.ttf,https://fonts.gstatic.com/s/cherish/v9/ll88K2mXUyqsDsTN5iDCI6IJjg8.ttf,
Cherry Bomb One,Display,Hira,INFO,loose,0.773,28.6,31.1,11.5,0.789,0.135,15,,2026-10-08-0604-1115,CherryBombOne-Regular.ttf,https://fonts.gstatic.com/s/cherrybombone/v11/y83DW4od1h6KlV3c6JJhRhGOdhrKDNpF41fr-w.ttf,
Cherry Cream Soda,Display,,WARN,tight,-1.17,35.3,42,24.7,0.559,0.504,8,60,2026-10-08-0604-1115,CherryCreamSoda-Regular.ttf,https://fonts.gstatic.com/s/cherrycreamsoda/v21/UMBIrOxBrW6w2FFyi9paG0fdVdRciTd6Cd47DJ7G.ttf,"WARN spacing/glyph-sides: 6 glyph sides are spaced far from the norms of Display fonts (units per 1000 em against their median): Y left -158, Y right -170, V left -118, W left -109, W right -112, V right -119."
Cherry Swash,Display,,INFO,standard,-0.07,22.4,,12.5,,,33,70,2026-10-08-0604-1115,CherrySwash-Regular.ttf,https://fonts.gstatic.com/s/cherryswash/v22/i7dNIFByZjaNAMxtZcnfAy58QHi-EwWMbg.ttf,
Chewy,Display,,INFO,standard,-0.263,19.4,21.8,13.2,0.732,0.769,50,70,2026-10-08-0604-1115,Chewy-Regular.ttf,https://fonts.gstatic.com/s/chewy/v18/uK_94ruUb-k-wk5xIDMfO-ed.ttf,
Chicle,Display,,INFO,tight,-6,18.4,13.8,17.7,0.15,0.533,,,2026-10-08-0604-1115,Chicle-Regular.ttf,https://fonts.gstatic.com/s/chicle/v27/lJwG-pw9i2dqU-BDyWKuobYSxw.ttf,
Chilanka,Handwriting,Mlym,INFO,tight,-0.257,40.8,40.2,26.3,0.086,0.491,46,,2026-10-08-0604-1115,Chilanka-Regular.ttf,https://fonts.gstatic.com/s/chilanka/v23/WWXRlj2DZQiMJYaYRrJQI9EAZhTO.ttf,
Chiron GoRound TC,Sans Serif,Hant,INFO,standard,-0.117,14.6,17.2,7.6,0.774,0.556,74,,2026-10-08-0604-1115,ChironGoRoundTC-VariableFont_wght.ttf,https://fonts.gstatic.com/s/chirongoroundtc/v5/tss3AopDbiwZ4xauFDX3yQ3Ywoaj6lla8dMgPgBu.ttf,
Chiron Hei HK,Sans Serif,Hant,INFO,standard,0.174,17.6,24,11.3,0.567,0.747,45,,2026-10-08-0604-1115,ChironHeiHK-VariableFont_wght.ttf,https://fonts.gstatic.com/s/chironheihk/v7/wXKtE3MSr44vpVKPvzqVJaxhvXcZsdDTlos.ttf,
Chiron Sung HK,Serif,Hant,INFO,standard,0.27,18.9,18.9,12.7,0.807,0.529,54,,2026-10-08-0604-1115,ChironSungHK-VariableFont_wght.ttf,https://fonts.gstatic.com/s/chironsunghk/v3/nuFgD_XLTZPpXIpS3-3dhGzHTTKuNz_whHE_.ttf,
Chivo,Sans Serif,,INFO,loose,0.26,12.4,15.1,6.8,0.705,0.51,89,80,2026-10-08-0604-1115,Chivo-VariableFont_wght.ttf,https://fonts.gstatic.com/s/chivo/v21/va9I4kzIxd1KFoBvS-J3kbDP.ttf,
Chivo Mono,Monospace,,SKIP,,,,,,,,,,,ChivoMono-VariableFont_wght.ttf,https://fonts.gstatic.com/s/chivomono/v11/mFT0WbgRxKvF_Z5eQMO9sxgJ1EJ7i90.ttf,"SKIP spacing/monospaced: Skipped: every letter has the same advance width, so the spacing is set by the width, not by sidebearings and kerning."
Chocolate Classical Sans,Sans Serif,Hant,INFO,standard,0.192,17.9,24.1,11.6,0.61,0.742,44,,2026-10-08-0604-1115,ChocolateClassicalSans-Regular.ttf,https://fonts.gstatic.com/s/chocolateclassicalsans/v17/nuFqD-PLTZX4XIgT-P2ToCDudWHHflqUpTpfjWdDPI2J9mHITw.ttf,
Chokokutai,Display,Hira,INFO,loose,0.347,28.2,26,15.4,0.629,0.814,16,,2026-10-08-0604-1115,Chokokutai-Regular.ttf,https://fonts.gstatic.com/s/chokokutai/v12/kmK4Zqw4HwvCeHGM8Fws9y7ypu1Kr7I.ttf,
Chonburi,Display,Thai,INFO,loose,0.304,20.8,,10.7,,,41,,2026-10-08-0604-1115,Chonburi-Regular.ttf,https://fonts.gstatic.com/s/chonburi/v14/8AtqGs-wOpGRTBq66IWaFr3biAfZ.ttf,
Cinzel,Serif,,INFO,standard,-0.143,23.9,19.4,16.3,0.604,0.699,18,60,2026-10-08-0604-1115,Cinzel-VariableFont_wght.ttf,https://fonts.gstatic.com/s/cinzel/v26/8vIJ7ww63mVu7gtL8W76HEdHMg.ttf,
Cinzel Decorative,Display,,FAIL,standard,-0.589,69.2,79,44.4,0.281,0.735,1,40,2026-10-08-0604-1115,CinzelDecorative-Regular.ttf,https://fonts.gstatic.com/s/cinzeldecorative/v19/daaCSScvJGqLYhG8nNt8KPPswUAPnh7URs1LaCyC.ttf,"FAIL spacing/evenness: Shape error 69.2 units per 1000 em (gaps that depart from even spacing of these shapes): 99th percentile of Display fonts (median 19.4, robust z +6.7). | FAIL spacing/glyph-sides: 4 sidebearings are far outside the norms of Display fonts (units per 1000 em against their median): Q right -629, L right -518, Z right -356, & right -327. | WARN spacing/pairs: 298 pairs are spaced far from how Display fonts usually compare with the model (units per 1000 em, + looser): Qm -533, Qa -574, Qk -514, Qn -531, Qr -512, qX -642, QX -816, Qi -515, Qh -513, Qz -512."
Clarity City,Sans Serif,,INFO,standard,-0.119,20.4,37.1,10.6,0.169,0.83,27,70,2026-10-08-0604-1115,ClarityCity-VariableFont_wght.ttf,https://fonts.gstatic.com/s/claritycity/v3/DdTh798JtW81ZAlzEm0KSqPvYJn_Teun9g.ttf,
Clicker Script,Handwriting,,INFO,tight,-1.311,42.2,33,34.9,0.537,0.661,41,,2026-10-08-0604-1115,ClickerScript-Regular.ttf,https://fonts.gstatic.com/s/clickerscript/v14/raxkHiKPvt8CMH6ZWP8PdlEq72rY2zqUKafv.ttf,
Climate Crisis,Display,,WARN,tight,-0.442,8.1,17.5,3.2,0.902,0.751,100,100,2026-10-08-0604-1115,ClimateCrisis-Regular-VariableFont_YEAR.ttf,https://fonts.gstatic.com/s/climatecrisis/v15/wEOkEB3AntNeKCPBVW9XOKlmp2ofo7fHQOnM.ttf,WARN spacing/instances: 7 locations of the designspace are spaced far from the norms or from their neighbours: 1990 (shape error 14.9); 2000 (shape error 13.7); 2010 (shape error 24.2); 2019 (shape error 29.1); 2030 (shape error 35.6); 2040 (shape error 47.2); 2050 (shape error 55.9).
Coda,Display,,INFO,standard,-0.089,13.8,12.6,7.7,0.69,0.71,79,80,2026-10-08-0604-1115,Coda-Regular.ttf,https://fonts.gstatic.com/s/coda/v22/SLXHc1jY5nQ8JUIMapaN39I.ttf,
Codystar,Display,,INFO,loose,1.143,27.5,,19.9,,,17,60,2026-10-08-0604-1115,Codystar-Regular.ttf,https://fonts.gstatic.com/s/codystar/v19/FwZY7-Q1xVk-40qxOt6A4sijpFu_.ttf,
Coiny,Display,,INFO,loose,1.252,13.9,26,6.5,0.896,0.267,78,80,2026-10-08-0604-1115,Coiny-Regular.ttf,https://fonts.gstatic.com/s/coiny/v17/gyByhwU1K989PXwbElSvO5Tc.ttf,
Combo,Display,,INFO,loose,0.625,16.1,24.6,10.4,0.704,0.86,66,70,2026-10-08-0604-1115,Combo-Regular.ttf,https://fonts.gstatic.com/s/combo/v22/BXRlvF3Jh_fIhg0iBu9y8Hf0.ttf,
Comfortaa,Display,,INFO,standard,-0.252,28.7,34.6,16.2,0.776,0.712,14,60,2026-10-08-0604-1115,Comfortaa-VariableFont_wght.ttf,https://fonts.gstatic.com/s/comfortaa/v47/1Ptsg8LJRfWJmhDAuUsISotrDfGGxA.ttf,
Comforter,Handwriting,,INFO,tight,-6,62.8,48.6,55.2,0.285,0.497,,,2026-10-08-0604-1115,Comforter-Regular.ttf,https://fonts.gstatic.com/s/comforter/v9/H4clBXOCl8nQnlaql3Qa6JG8iqeuag.ttf,
Comforter Brush,Handwriting,,INFO,tight,-6,62,48,55.2,0.379,0.5,,,2026-10-08-0604-1115,ComforterBrush-Regular.ttf,https://fonts.gstatic.com/s/comforterbrush/v9/Y4GTYa1xVSggrfzZI5WMjxRaOz0jwLL9Th8YYA.ttf,
Comic Neue,Handwriting,,INFO,standard,-0.161,22.7,27.4,12.5,0.802,0.848,83,,2026-10-08-0604-1115,ComicNeue-Regular.ttf,https://fonts.gstatic.com/s/comicneue/v9/4UaHrEJDsxBrF37olUeDx63j5pN1MwI.ttf,
Comic Relief,Display,,INFO,loose,0.362,30.2,,18,,,12,60,2026-10-08-0604-1115,ComicRelief-Regular.ttf,https://fonts.gstatic.com/s/comicrelief/v2/BCauqZkHrvL55SZ8uaEhHMY2XBJhDgs-Kg.ttf,
Coming Soon,Handwriting,,INFO,tight,-0.64,29.1,21.2,20.4,0.674,0.807,68,,2026-10-08-0604-1115,ComingSoon-Regular.ttf,https://fonts.gstatic.com/s/comingsoon/v20/qWcuB6mzpYL7AJ2VfdQR1u-SUjjzsykh.ttf,
Comme,Sans Serif,,INFO,loose,0.273,22.7,17,12.8,0.729,0.865,16,60,2026-10-08-0604-1115,Comme-VariableFont_wght.ttf,https://fonts.gstatic.com/s/comme/v4/8QIHdirKhMbn-vu-sowsrqjk.ttf,
Commissioner,Sans Serif,,INFO,standard,0.007,16.4,22.7,9.2,0.682,0.723,57,70,2026-10-08-0604-1115,"Commissioner-VariableFont_FLAR,VOLM,slnt,wght.ttf",https://fonts.gstatic.com/s/commissioner/v24/tDbL2o2WnlgI0FNDgduEk4jajCr4EwWfTA.ttf,
Concert One,Display,,INFO,loose,1.472,22.2,,14.9,,,35,70,2026-10-08-0604-1115,ConcertOne-Regular.ttf,https://fonts.gstatic.com/s/concertone/v24/VEM1Ro9xs5PjtzCu-srDqRTlhv-CuVAQ.ttf,
Condiment,Handwriting,,INFO,tight,-6,87.1,88.2,104.1,-0.058,0.738,,,2026-10-08-0604-1115,Condiment-Regular.ttf,https://fonts.gstatic.com/s/condiment/v26/pONk1hggFNmwvXALyH6Sq4n4o1vyCQ.ttf,
Content,Display,Khmr,SKIP,,,,,,,,,,,,,SKIP spacing/not-latin: Skipped: the family has no Latin subset (khmer). The check covers fonts with the basic Latin alphabet.
Contrail One,Display,,INFO,loose,1.233,20,,25.2,,,46,70,2026-10-08-0604-1115,ContrailOne-Regular.ttf,https://fonts.gstatic.com/s/contrailone/v21/eLGbP-j_JA-kG0_Zo51noafdZUvt_c092w.ttf,
Convergence,Sans Serif,,INFO,loose,0.33,21,25.8,13.7,0.695,0.556,24,70,2026-10-08-0604-1115,Convergence-Regular.ttf,https://fonts.gstatic.com/s/convergence/v16/rax5HiePvdgXPmmMHcIPYRhasU7Q8Cad.ttf,
Cookie,Handwriting,,INFO,tight,-2.714,45.1,,30.5,,,38,,2026-10-08-0604-1115,Cookie-Regular.ttf,https://fonts.gstatic.com/s/cookie/v23/syky-y18lb0tSbfNlQCT9tPdpw.ttf,
Copse,Serif,,INFO,loose,0.274,17.9,22.5,11.2,0.508,0.863,64,70,2026-10-08-0604-1115,Copse-Regular.ttf,https://fonts.gstatic.com/s/copse/v16/11hPGpDKz1rGb0djHkihUb-A.ttf,
Coral Pixels,Display,,INFO,tight,-6,43.3,55.9,27.2,0.372,0.81,,,2026-10-08-0604-1115,CoralPixels-Regular.ttf,https://fonts.gstatic.com/s/coralpixels/v1/qWctB66zpZ3zAtrlR8Mb1LyyeBb_ujA4ug.ttf,
Corben,Display,,INFO,standard,-0.315,19.9,59.7,14.2,0.746,1,47,70,2026-10-08-0604-1115,Corben-Regular.ttf,https://fonts.gstatic.com/s/corben/v23/LYjDdGzzklQtCMp9oAlEpVs3VQ.ttf,
Corinthia,Handwriting,,INFO,tight,-6,58,75.8,51.9,0.097,0.667,,,2026-10-08-0604-1115,Corinthia-Regular.ttf,https://fonts.gstatic.com/s/corinthia/v13/wEO_EBrAnchaJyPMHE0FUfAL3EsHiA.ttf,
Cormorant,Serif,,INFO,standard,0.058,18.4,24,11.3,0.837,0.804,59,70,2026-10-08-0604-1115,Cormorant-VariableFont_wght.ttf,https://fonts.gstatic.com/s/cormorant/v24/H4clBXOCl9bbnla_nHIa6JG8iqeuag.ttf,
Cormorant Garamond,Serif,,INFO,standard,0.036,18.4,23.9,11.3,0.836,0.802,59,70,2026-10-08-0604-1115,CormorantGaramond-VariableFont_wght.ttf,https://fonts.gstatic.com/s/cormorantgaramond/v21/co3bmX5slCNuHLi8bLeY9MK7whWMhyjornFLsS6V7w.ttf,
Cormorant Infant,Serif,,INFO,standard,-0.016,18.5,24.6,11.3,0.829,0.779,58,70,2026-10-08-0604-1115,CormorantInfant-VariableFont_wght.ttf,https://fonts.gstatic.com/s/cormorantinfant/v22/HhyPU44g9vKiM1sORYSiWeAsLN993_Af2DsAXq4.ttf,
Cormorant SC,Serif,,INFO,standard,-0.003,16.8,22,11.2,0.834,0.86,77,80,2026-10-08-0604-1115,CormorantSC-Regular.ttf,https://fonts.gstatic.com/s/cormorantsc/v19/0yb5GD4kxqXBmOVLG30OGwserDow9Tbu-Q.ttf,
Cormorant Unicase,Serif,,INFO,standard,-0.011,17,22.1,11.7,0.819,0.838,73,80,2026-10-08-0604-1115,CormorantUnicase-Regular.ttf,https://fonts.gstatic.com/s/cormorantunicase/v25/HI_QiZUaILtOqhqgDeXoF_n1_fTGX-vTnsMnx3C9.ttf,
Cormorant Upright,Serif,,INFO,standard,-0.114,20.8,25.7,13.5,0.79,0.793,35,70,2026-10-08-0604-1115,CormorantUpright-Regular.ttf,https://fonts.gstatic.com/s/cormorantupright/v19/VuJrdM3I2Y35poFONtLdafkUCHw1y2vVjjTkeMnz.ttf,
Cossette Texte,Sans Serif,,INFO,standard,-0.1,13.6,16.6,7.6,0.858,0.914,82,80,2026-10-08-0604-1115,CossetteTexte-Regular.ttf,https://fonts.gstatic.com/s/cossettetexte/v3/S6ukw4pDXzTb-m1kPi_7eV-ciP01xPBQ19bE.ttf,
Cossette Titre,Sans Serif,,INFO,tight,-0.303,9.8,12.9,5.8,0.853,0.862,96,90,2026-10-08-0604-1115,CossetteTitre-Regular.ttf,https://fonts.gstatic.com/s/cossettetitre/v3/11hYGpvKz1nGbxMXUWz9OdPzuiEZrPeE8cA2.ttf,
Courgette,Handwriting,,INFO,standard,-0.808,43.3,,40.6,,,39,,2026-10-08-0604-1115,Courgette-Regular.ttf,https://fonts.gstatic.com/s/courgette/v19/wEO_EBrAnc9BLjLQAUkFUfAL3EsHiA.ttf,
Courier Prime,Monospace,,SKIP,,,,,,,,,,,CourierPrime-Regular.ttf,https://fonts.gstatic.com/s/courierprime/v11/u-450q2lgwslOqpF_6gQ8kELWwZjW-_-tvg.ttf,"SKIP spacing/monospaced: Skipped: every letter has the same advance width, so the spacing is set by the width, not by sidebearings and kerning."
Cousine,Monospace,,SKIP,,,,,,,,,,,Cousine-Regular.ttf,https://fonts.gstatic.com/s/cousine/v31/d6lIkaiiRdih4SpPzSMlzTbtz9k.ttf,"SKIP spacing/monospaced: Skipped: every letter has the same advance width, so the spacing is set by the width, not by sidebearings and kerning."
Coustard,Serif,,INFO,tight,-0.337,20.6,15.2,11.2,0.333,1,38,70,2026-10-08-0604-1115,Coustard-Regular.ttf,https://fonts.gstatic.com/s/coustard/v19/3XFpErgg3YsZ5fqUU9UPvWXuROTd.ttf,
Covered By Your Grace,Handwriting,,INFO,loose,0.149,17.4,,7.7,,,93,,2026-10-08-0604-1115,CoveredByYourGrace-Regular.ttf,https://fonts.gstatic.com/s/coveredbyyourgrace/v17/QGYwz-AZahWOJJI9kykWW9mD6opopoqXSOS0FgItq6bFIg.ttf,
Crafty Girls,Handwriting,,INFO,tight,-0.836,30,25,20.9,0.599,0.884,65,,2026-10-08-0604-1115,CraftyGirls-Regular.ttf,https://fonts.gstatic.com/s/craftygirls/v16/va9B4kXI39VaDdlPJo8N_NvuQR37fF3Wlg.ttf,
Creepster,Display,,INFO,standard,-0.261,14.4,16.7,9.8,0.845,0.529,75,80,2026-10-08-0604-1115,Creepster-Regular.ttf,https://fonts.gstatic.com/s/creepster/v13/AlZy_zVUqJz4yMrniH4hdXf4XB0Tow.ttf,
Crete Round,Serif,,INFO,loose,0.359,17.4,29.4,10,0.823,0.759,68,80,2026-10-08-0604-1115,CreteRound-Regular.ttf,https://fonts.gstatic.com/s/creteround/v16/55xoey1sJNPjPiv1ZZZrxJ1827zAKnxN.ttf,
Crimson Pro,Serif,,INFO,loose,0.416,18,22.9,12.2,0.623,0.576,62,70,2026-10-08-0604-1115,CrimsonPro-VariableFont_wght.ttf,https://fonts.gstatic.com/s/crimsonpro/v28/q5uDsoa5M_tv7IihmnkabDRcq4BYCdKi.ttf,
Crimson Text,Serif,,INFO,loose,0.281,19.7,24,10.1,0.78,0.951,47,70,2026-10-08-0604-1115,CrimsonText-Regular.ttf,https://fonts.gstatic.com/s/crimsontext/v19/wlp2gwHKFkZgtmSR3NB0oRJvaAJSA_JN3Q.ttf,
Croissant One,Display,,INFO,loose,0.593,23.7,29.9,17.9,0.884,0.716,29,70,2026-10-08-0604-1115,CroissantOne-Regular.ttf,https://fonts.gstatic.com/s/croissantone/v28/3y9n6bU9bTPg4m8NDy3Kq24UM3pqn5cdJ-4.ttf,
Crushed,Display,,INFO,tight,-0.297,12.9,16.7,7.3,0.919,0.753,84,80,2026-10-08-0604-1115,Crushed-Regular.ttf,https://fonts.gstatic.com/s/crushed/v32/U9Mc6dym6WXImTlFT1kfuIqyLzA.ttf,
Cuprum,Sans Serif,,INFO,standard,0.171,12.4,13,8,0.807,0.892,89,80,2026-10-08-0604-1115,Cuprum-VariableFont_wght.ttf,https://fonts.gstatic.com/s/cuprum/v29/dg4k_pLmvrkcOkB9IeFDh701Sg.ttf,
Cute Font,Display,Kore,INFO,loose,0.649,20.1,,12.8,,,45,,2026-10-08-0604-1115,CuteFont-Regular.ttf,https://fonts.gstatic.com/s/cutefont/v28/Noaw6Uny2oWPbSHMrY6vmJNVNC9hkw.ttf,
Cutive,Serif,,INFO,standard,0.069,28.7,42.1,14.8,0.877,0.63,6,60,2026-10-08-0604-1115,Cutive-Regular.ttf,https://fonts.gstatic.com/s/cutive/v24/NaPZcZ_fHOhV3Ip7T_hDoyqlZQ.ttf,
Cutive Mono,Monospace,,SKIP,,,,,,,,,,,CutiveMono-Regular.ttf,https://fonts.gstatic.com/s/cutivemono/v23/m8JWjfRfY7WVjVi2E-K9H5RFRG-K3Mud.ttf,"SKIP spacing/monospaced: Skipped: every letter has the same advance width, so the spacing is set by the width, not by sidebearings and kerning."
Dai Banna SIL,Serif,Talu,INFO,loose,0.33,19.9,,10.7,,,47,,2026-10-08-0604-1115,DaiBannaSIL-Regular.ttf,https://fonts.gstatic.com/s/daibannasil/v2/lW-4wj0AJWmpwGyJ2uEoA4I7jS6AKsLhJgo.ttf,
Damion,Handwriting,,INFO,tight,-6,75.3,282.7,97.4,0.181,1,,,2026-10-08-0604-1115,Damion-Regular.ttf,https://fonts.gstatic.com/s/damion/v15/hv-XlzJ3KEUe_YZUbWY3MTFgVg.ttf,
Dancing Script,Handwriting,,INFO,tight,-1.816,45.5,48.1,33.1,0.168,0.722,37,,2026-10-08-0604-1115,DancingScript-VariableFont_wght.ttf,https://fonts.gstatic.com/s/dancingscript/v29/If2RXTr6YS-zF4S-kcSWSVi_swLngOAliz4X.ttf,
Danfo,Serif,,INFO,loose,0.638,14.1,26.5,7.4,0.942,0.9,92,90,2026-10-08-0604-1115,Danfo-Regular-VariableFont_ELSH.ttf,https://fonts.gstatic.com/s/danfo/v5/snfks0u_98t16SvUCZwCP8F9.ttf,
Dangrek,Display,Khmr,INFO,loose,1.422,22.5,55.8,14.4,0.718,0.46,32,,2026-10-08-0604-1115,Dangrek-Regular.ttf,https://fonts.gstatic.com/s/dangrek/v33/LYjCdG30nEgoH8E2gCNqqVIuTN4.ttf,
Darker Grotesque,Sans Serif,,INFO,tight,-0.671,22.4,17.1,12.9,0.826,0.651,17,60,2026-10-08-0604-1115,DarkerGrotesque-VariableFont_wght.ttf,https://fonts.gstatic.com/s/darkergrotesque/v10/U9MH6cuh-mLQlC4BKCtayOfARkSVm7beJWcKUOI.ttf,
Darumadrop One,Display,Hira,INFO,loose,1.018,15,34.2,8.3,0.523,0.714,71,,2026-10-08-0604-1115,DarumadropOne-Regular.ttf,https://fonts.gstatic.com/s/darumadropone/v14/cY9cfjeIW11dpCKgRLi675a87IhHBJOxZQPp.ttf,
Datatype,Monospace,,SKIP,,,,,,,,,,,"Datatype-VariableFont_wdth,wght.ttf",https://fonts.gstatic.com/s/datatype/v3/K2FyfZJQl-tDUlBEHb7TCI6oBjLz.ttf,"SKIP spacing/monospaced: Skipped: every letter has the same advance width, so the spacing is set by the width, not by sidebearings and kerning."
David Libre,Serif,Hebr,INFO,loose,0.475,28.8,,17.4,,,6,,2026-10-08-0604-1115,DavidLibre-Regular.ttf,https://fonts.gstatic.com/s/davidlibre/v17/snfus0W_99N64iuYSvp4W_l86p6TYS-Y.ttf,
Dawning of a New Day,Handwriting,,WARN,tight,-1.677,52.6,,27.6,,,25,,2026-10-08-0604-1115,DawningofaNewDay-Regular.ttf,https://fonts.gstatic.com/s/dawningofanewday/v22/t5t_IQMbOp2SEwuncwLRjMfIg1yYit_nAz8bhWJGNoBE.ttf,"WARN spacing/pairs: 68 pairs are spaced far from how Handwriting fonts usually compare with the model (units per 1000 em, + looser): Lg -527, Lp -570, Lq -454, K& -540, Ly -510, K( -513, Zu -358, Lj -723, Kq -578, Kj -801."
Days One,Sans Serif,,INFO,standard,-0.179,13.3,13.4,7.6,0.922,0.8,83,80,2026-10-08-0604-1115,DaysOne-Regular.ttf,https://fonts.gstatic.com/s/daysone/v19/mem9YaCnxnKRiYZOCLYVeLkWVNBt.ttf,
Dekko,Handwriting,Deva,INFO,loose,0.266,15.3,62.4,9.9,,1,94,,2026-10-08-0604-1115,Dekko-Regular.ttf,https://fonts.gstatic.com/s/dekko/v23/46khlb_wWjfSrttFR0vsfl1B.ttf,
Dela Gothic One,Display,Jpan,INFO,standard,0.264,16.9,33.5,9.4,0.66,0.622,62,,2026-10-08-0604-1115,DelaGothicOne-Regular.ttf,https://fonts.gstatic.com/s/delagothicone/v19/hESp6XxvMDRA-2eD0lXpDa6QkBAGRUsJQAlbUA.ttf,
Delicious Handrawn,Handwriting,,INFO,standard,0.164,21.8,28,14.3,0.457,0.404,86,,2026-10-08-0604-1115,DeliciousHandrawn-Regular.ttf,https://fonts.gstatic.com/s/delicioushandrawn/v10/wlpsgx_NAUNkpmKQifcxkQchDFo3fJ113JpDd6u3AQ.ttf,
Delius,Handwriting,,INFO,standard,-0.099,11.8,12.8,7.5,0.693,0.653,97,,2026-10-08-0604-1115,Delius-Regular.ttf,https://fonts.gstatic.com/s/delius/v21/PN_xRfK0pW_9e1rtYcI-jT3L_w.ttf,
Delius Swash Caps,Handwriting,,INFO,standard,0.022,15.1,16.6,7.9,0.598,0.636,94,,2026-10-08-0604-1115,DeliusSwashCaps-Regular.ttf,https://fonts.gstatic.com/s/deliusswashcaps/v25/oY1E8fPLr7v4JWCExZpWebxVKORpXXedKmeBvEYs.ttf,
Delius Unicase,Handwriting,,INFO,standard,-0.038,23.1,18.1,14.6,0.404,0.452,82,,2026-10-08-0604-1115,DeliusUnicase-Regular.ttf,https://fonts.gstatic.com/s/deliusunicase/v30/845BNMEwEIOVT8BmgfSzIr_6mmLHd-73LXWs.ttf,
Della Respira,Serif,,INFO,standard,-0.109,20.4,28.9,10.3,0.805,0.627,40,70,2026-10-08-0604-1115,DellaRespira-Regular.ttf,https://fonts.gstatic.com/s/dellarespira/v24/RLp5K5v44KaueWI6iEJQBiGPRfkSu6EuTHo.ttf,
Denk One,Sans Serif,,INFO,loose,1.02,14.5,14.9,9.4,0.669,0.219,75,80,2026-10-08-0604-1115,DenkOne-Regular.ttf,https://fonts.gstatic.com/s/denkone/v21/dg4m_pzhrqcFb2IzROtHpbglShon.ttf,
Devonshire,Handwriting,,INFO,tight,-0.97,28,30.5,19.2,0.669,0.553,70,,2026-10-08-0604-1115,Devonshire-Regular.ttf,https://fonts.gstatic.com/s/devonshire/v29/46kqlbDwWirWr4gtBD2BX0Vq01lYAZM.ttf,
Dhurjati,Sans Serif,Telu,INFO,loose,0.693,26.5,,15.1,,,7,,2026-10-08-0604-1115,Dhurjati-Regular.ttf,https://fonts.gstatic.com/s/dhurjati/v27/_6_8ED3gSeatXfFiFX3ySKQtuTA2.ttf,
Didact Gothic,Sans Serif,,INFO,tight,-0.332,16.8,30.9,9.2,0.301,0.775,52,70,2026-10-08-0604-1115,DidactGothic-Regular.ttf,https://fonts.gstatic.com/s/didactgothic/v21/ahcfv8qz1zt6hCC5G4F_P4ASpUySp0LlcyQ.ttf,
Diphylleia,Serif,Kore,INFO,standard,-0.045,28.1,28.2,16.4,0.498,0.578,7,,2026-10-08-0604-1115,Diphylleia-Regular.ttf,https://fonts.gstatic.com/s/diphylleia/v2/DtVmJxCtRKMixK4_HXsIulwm6gDXvwE.ttf,
Diplomata,Display,,INFO,standard,0.029,43.5,80.4,29.6,0.885,0.875,4,50,2026-10-08-0604-1115,Diplomata-Regular.ttf,https://fonts.gstatic.com/s/diplomata/v33/Cn-0JtiMXwhNwp-wKxyfYGxYrdM9Sg.ttf,
Diplomata SC,Display,,WARN,standard,-0.077,47.3,98.7,32.6,0.936,0.846,2,40,2026-10-08-0604-1115,DiplomataSC-Regular.ttf,https://fonts.gstatic.com/s/diplomatasc/v30/buExpoi3ecvs3kidKgBJo2kf-P5Oaiw4cw.ttf,"WARN spacing/evenness: Shape error 47.3 units per 1000 em (gaps that depart from even spacing of these shapes): 98th percentile of Display fonts (median 19.4, robust z +3.8)."
DM Mono,Monospace,,SKIP,,,,,,,,,,,DMMono-Regular.ttf,https://fonts.gstatic.com/s/dmmono/v16/aFTU7PB1QTsUX8KYhh2aBYyMcKw.ttf,"SKIP spacing/monospaced: Skipped: every letter has the same advance width, so the spacing is set by the width, not by sidebearings and kerning."
DM Sans,Sans Serif,,INFO,standard,-0.101,20.8,22.9,12.2,0.728,0.899,25,70,2026-10-08-0604-1115,"DMSans-VariableFont_opsz,wght.ttf",https://fonts.gstatic.com/s/dmsans/v17/rP2Hp2ywxg089UriOZSCHBeHFl0.ttf,
DM Serif Display,Serif,,INFO,standard,0.014,19.6,21.6,10.2,0.785,0.495,50,70,2026-10-08-0604-1115,DMSerifDisplay-Regular.ttf,https://fonts.gstatic.com/s/dmserifdisplay/v17/-nFnOHM81r4j6k0gjAW3mujVU2B2K_d709jy92k.ttf,
DM Serif Text,Serif,,INFO,standard,0.035,18.9,20.7,9.8,0.795,0.507,54,70,2026-10-08-0604-1115,DMSerifText-Regular.ttf,https://fonts.gstatic.com/s/dmseriftext/v13/rnCu-xZa_krGokauCeNq1wWyafOPXHIJErY.ttf,
Do Hyeon,Sans Serif,Kore,INFO,standard,0.218,15.3,,7,,,70,,2026-10-08-0604-1115,DoHyeon-Regular.ttf,https://fonts.gstatic.com/s/dohyeon/v21/TwMN-I8CRRU2zM86HFE3ZwaH__-C.ttf,
Dokdo,Display,Kore,WARN,loose,2.715,27.7,,20.4,,,16,,2026-10-08-0604-1115,Dokdo-Regular.ttf,https://fonts.gstatic.com/s/dokdo/v23/esDf315XNuCBLxLo4NaMlKcH.ttf,"WARN spacing/tightness: Overall tightness: Looseness +2.71 is at the 100th percentile of Display fonts (median +0.04, robust z +4.9)."
Domine,Serif,,INFO,standard,0.027,14.2,17.9,9.3,0.718,0.841,92,90,2026-10-08-0604-1115,Domine-VariableFont_wght.ttf,https://fonts.gstatic.com/s/domine/v25/L0x8DFMnlVwD4h3RvPCmRSlUig.ttf,
Donegal One,Serif,,INFO,loose,0.432,25.7,,16.7,,,11,60,2026-10-08-0604-1115,DonegalOne-Regular.ttf,https://fonts.gstatic.com/s/donegalone/v22/m8JWjfRYea-ZnFz6fsK9FZRFRG-K3Mud.ttf,
Dongle,Sans Serif,Kore,INFO,standard,0.236,17.1,17.4,9.7,0.61,0.514,49,,2026-10-08-0604-1115,Dongle-Regular.ttf,https://fonts.gstatic.com/s/dongle/v16/sJoF3Ltdjt6VPkqmveRPah6RxA.ttf,
Doppio One,Sans Serif,,INFO,loose,0.351,18.5,,13.1,,,39,70,2026-10-08-0604-1115,DoppioOne-Regular.ttf,https://fonts.gstatic.com/s/doppioone/v14/Gg8wN5gSaBfyBw2MqCh-lgshKGpe5Fg.ttf,
Dorsa,Sans Serif,,INFO,tight,-0.339,11.5,9.6,7.6,0.866,0.75,92,90,2026-10-08-0604-1115,Dorsa-Regular.ttf,https://fonts.gstatic.com/s/dorsa/v29/yYLn0hjd0OGwqo493XCFxAnQ.ttf,
Dosis,Sans Serif,,INFO,standard,-0.162,10.3,12.9,5.4,0.768,0.578,94,90,2026-10-08-0604-1115,Dosis-VariableFont_wght.ttf,https://fonts.gstatic.com/s/dosis/v34/HhyaU5sn9vOmLwlvAfSKEZZL.ttf,
DotGothic16,Sans Serif,Jpan,SKIP,,,,,,,,,,,DotGothic16-Regular.ttf,https://fonts.gstatic.com/s/dotgothic16/v22/v6-QGYjBJFKgyw5nSoDAGE7L435YPFrT.ttf,"SKIP spacing/monospaced: Skipped: every letter has the same advance width, so the spacing is set by the width, not by sidebearings and kerning."
Doto,Sans Serif,,SKIP,,,,,,,,,,,"Doto-VariableFont_ROND,wght.ttf",https://fonts.gstatic.com/s/doto/v3/t5tvIRMbNJ6TWmXqV2W2tKc.ttf,"SKIP spacing/monospaced: Skipped: every letter has the same advance width, so the spacing is set by the width, not by sidebearings and kerning."
Dr Sugiyama,Handwriting,,INFO,tight,-6,44.7,35.2,34.1,0.256,0.511,,,2026-10-08-0604-1115,DrSugiyama-Regular.ttf,https://fonts.gstatic.com/s/drsugiyama/v30/HTxoL2k4N3O9n5I1boGI7abRM4-t-g7y.ttf,
Duru Sans,Sans Serif,,INFO,standard,0.206,30.5,,19.2,,,4,50,2026-10-08-0604-1115,DuruSans-Regular.ttf,https://fonts.gstatic.com/s/durusans/v21/xn7iYH8xwmSyTvEV_HOxT_fYdN-WZw.ttf,
Dynalight,Display,,INFO,tight,-6,50.5,57.5,49,0.352,0.765,,,2026-10-08-0604-1115,Dynalight-Regular.ttf,https://fonts.gstatic.com/s/dynalight/v24/1Ptsg8LOU_aOmQvTsF4ISotrDfGGxA.ttf,
DynaPuff,Display,,INFO,standard,0.102,16.7,17.1,10.8,0.835,0.698,63,70,2026-10-08-0604-1115,"DynaPuff-VariableFont_wdth,wght.ttf",https://fonts.gstatic.com/s/dynapuff/v9/z7NXdRvsZDIVHbYPMgxC_pjcTeWU.ttf,
Eagle Lake,Handwriting,,INFO,standard,0.097,35.4,44.1,21.5,0.59,0.763,55,,2026-10-08-0604-1115,EagleLake-Regular.ttf,https://fonts.gstatic.com/s/eaglelake/v26/ptRMTiqbbuNJDOiKj9wG5O7yKQNute8.ttf,
East Sea Dokdo,Handwriting,Kore,INFO,loose,1.009,20.5,,12.7,,,88,,2026-10-08-0604-1115,EastSeaDokdo-Regular.ttf,https://fonts.gstatic.com/s/eastseadokdo/v26/xfuo0Wn2V2_KanASqXSZp22m05_aGavYS18y.ttf,
Eater,Display,,WARN,tight,-0.583,41.3,,28.3,,,5,50,2026-10-08-0604-1115,Eater-Regular.ttf,https://fonts.gstatic.com/s/eater/v27/mtG04_FCK7bOvpu2u3FwsXsR.ttf,"WARN spacing/glyph-sides: 1 sidebearing is far outside the norms of Display fonts (units per 1000 em against their median): Q right +151. | WARN spacing/pairs: 67 pairs are spaced far from how Display fonts usually compare with the model (units per 1000 em, + looser): Qh -600, Qk -506, Qs -490, Qp -516, Qn -457, Qd -394, QH -469, Q; -471, Qb -353, QX -471."
EB Garamond,Serif,,INFO,standard,0.142,19.9,33.6,10.6,0.828,0.837,47,70,2026-10-08-0604-1115,EBGaramond-VariableFont_wght.ttf,https://fonts.gstatic.com/s/ebgaramond/v33/SlGUmQSNjdsmc35JDF1K5FRyQjgdYxPJ.ttf,
Economica,Sans Serif,,INFO,loose,0.456,15.7,16.9,9.5,0.392,0.464,65,70,2026-10-08-0604-1115,Economica-Regular.ttf,https://fonts.gstatic.com/s/economica/v17/Qw3fZQZaHCLgIWa29ZBrMcgAAl1lfQ.ttf,
Eczar,Serif,Deva,INFO,standard,0.067,25.1,21,14.9,0.701,0.51,13,,2026-10-08-0604-1115,Eczar-VariableFont_wght.ttf,https://fonts.gstatic.com/s/eczar/v27/BXRlvF3Pi-DLmw0iBu9y8Hf0.ttf,
Edu AU VIC WA NT Arrows,Handwriting,,INFO,tight,-1.012,30.6,30.5,43.7,0.26,0.328,63,,2026-10-08-0604-1115,EduAUVICWANTArrows-VariableFont_wght.ttf,https://fonts.gstatic.com/s/eduauvicwantarrows/v4/z7NEdQTteSlUDJZJAmUB9MuVbLPBjsrTFZLUbcLsaJmY0RIQ.ttf,
Edu AU VIC WA NT Dots,Handwriting,,INFO,standard,-0.305,36.4,36.8,47.3,0.304,0.543,50,,2026-10-08-0604-1115,EduAUVICWANTDots-VariableFont_wght.ttf,https://fonts.gstatic.com/s/eduauvicwantdots/v4/S6ujw5FFVDKI3kwwDUbsPHCpzZNhzrA3or3lDKWpMFUwWQ.ttf,
Edu AU VIC WA NT Guides,Handwriting,,INFO,tight,-6,40.2,41.7,27,-0.211,0.363,,,2026-10-08-0604-1115,EduAUVICWANTGuides-VariableFont_wght.ttf,https://fonts.gstatic.com/s/eduauvicwantguides/v3/TuGBUUJ4V48KZ9Nr3ZV46JQkJxtkFIKnvy00LDxlIzIU5RwD.ttf,
Edu AU VIC WA NT Hand,Handwriting,,INFO,tight,-0.492,42.3,42.9,42.6,0.281,0.5,41,,2026-10-08-0604-1115,EduAUVICWANTHand-VariableFont_wght.ttf,https://fonts.gstatic.com/s/eduauvicwanthand/v3/C8c94dY1tX2x0uuiUHFS4y7ERV-jfqJ6x06tFtksa4Q7LA.ttf,
Edu AU VIC WA NT Pre,Handwriting,,INFO,standard,-0.452,51.8,52.3,41.7,0.316,0.465,26,,2026-10-08-0604-1115,EduAUVICWANTPre-VariableFont_wght.ttf,https://fonts.gstatic.com/s/eduauvicwantpre/v3/f0Xp0fWk-t0rbG8Ycr-t55aG0elTWbFeXbwD1TB_JHHY.ttf,
Edu NSW ACT Cursive,Handwriting,,WARN,tight,-1.176,67.9,58.3,57,0.587,0.529,13,,2026-10-08-0604-1115,EduNSWACTCursive-VariableFont_wght.ttf,https://fonts.gstatic.com/s/edunswactcursive/v3/xn78YGUw02PnIPEjskHSG_2fCaz9DzhQd8_v3bT4Ycc.ttf,"WARN spacing/glyph-sides: 8 glyph sides are spaced far from the norms of Handwriting fonts (units per 1000 em against their median): c right -138, p right -150, z right -126, o right -130, i right -151, s right -142, q right -165, d right -128."
Edu NSW ACT Foundation,Handwriting,,INFO,standard,0.082,28.2,43,22.1,0.641,0.805,69,,2026-10-08-0604-1115,EduNSWACTFoundation-VariableFont_wght.ttf,https://fonts.gstatic.com/s/edunswactfoundation/v5/raxsHjqJtsNBFUi8WO0vUBgc9D-2lV_oQdCAeFBdseyoHko.ttf,
Edu NSW ACT Hand Pre,Handwriting,,INFO,standard,-0.063,31.1,32.3,30.1,0.603,0.452,62,,2026-10-08-0604-1115,EduNSWACTHandPre-VariableFont_wght.ttf,https://fonts.gstatic.com/s/edunswacthandpre/v3/kmKiZrI-ExGJWUmupHwGgw6Qw4svl-MsLjYwI8Gcw6Oi.ttf,
Edu QLD Beginner,Handwriting,,INFO,standard,-0.235,40.8,50.3,35.7,0.701,0.713,46,,2026-10-08-0604-1115,EduQLDBeginner-VariableFont_wght.ttf,https://fonts.gstatic.com/s/eduqldbeginner/v5/AMOKz5iUuHLEMNXyohhc_Y56PR3A69hp5ySriqg.ttf,
Edu QLD Hand,Handwriting,,INFO,standard,-0.377,40.7,44,38.2,0.373,0.451,47,,2026-10-08-0604-1115,EduQLDHand-VariableFont_wght.ttf,https://fonts.gstatic.com/s/eduqldhand/v3/d6lPkaOkTtjy2QhuzWtup1rM1_JgjmRpOA.ttf,
Edu SA Beginner,Handwriting,,INFO,standard,0.197,29.4,36.5,21.9,0.814,0.863,67,,2026-10-08-0604-1115,EduSABeginner-VariableFont_wght.ttf,https://fonts.gstatic.com/s/edusabeginner/v5/rnCw-xRb1x-1lHXnLaZZ2xOoLIGFWFAMArZKqQ.ttf,
Edu SA Hand,Handwriting,,INFO,standard,0.124,31.8,32.9,28.9,0.332,0.338,60,,2026-10-08-0604-1115,EduSAHand-VariableFont_wght.ttf,https://fonts.gstatic.com/s/edusahand/v3/mem6YaOmw37C-ogAJfd7Np0ef8xkA76a.ttf,
Edu TAS Beginner,Handwriting,,INFO,loose,0.264,39.6,64,33.6,0.527,0.82,48,,2026-10-08-0604-1115,EduTASBeginner-VariableFont_wght.ttf,https://fonts.gstatic.com/s/edutasbeginner/v5/ZXu9e04WubHfGVY-1TcNg7AFUmshmcPqoeRWfbs.ttf,
Edu VIC WA NT Beginner,Handwriting,,INFO,standard,-0.146,34.5,53,27,0.666,0.883,56,,2026-10-08-0604-1115,EduVICWANTBeginner-VariableFont_wght.ttf,https://fonts.gstatic.com/s/eduvicwantbeginner/v6/jizLRF1BuW9OwcnNPxLl4KfZCHd9nFtd5Tu7qNuL4o61H_E.ttf,
Edu VIC WA NT Hand,Handwriting,,INFO,tight,-0.513,48.9,49.6,43.1,0.553,0.608,31,,2026-10-08-0604-1115,EduVICWANTHand-VariableFont_wght.ttf,https://fonts.gstatic.com/s/eduvicwanthand/v3/UcC73EsnIXnOaZKmY1Ry0wZjP9YVRBcq0pj6eUcpng.ttf,
Edu VIC WA NT Hand Pre,Handwriting,,INFO,tight,-0.508,51.1,39.8,44.1,0.387,0.512,28,,2026-10-08-0604-1115,EduVICWANTHandPre-VariableFont_wght.ttf,https://fonts.gstatic.com/s/eduvicwanthandpre/v3/neIazDmioZxjkInM_tLHFudmcN2Uxxc-9Vnv4Y0Eeru2dGg.ttf,
El Messiri,Sans Serif,Arab,INFO,standard,-0.033,12.9,16,7.4,0.79,0.833,87,,2026-10-08-0604-1115,ElMessiri-VariableFont_wght.ttf,https://fonts.gstatic.com/s/elmessiri/v25/K2F0fZBRmr9vQ1pHEey6AoqKAyLzfWo.ttf,
Electrolize,Sans Serif,,INFO,standard,0.004,17.7,,11.7,,,44,70,2026-10-08-0604-1115,Electrolize-Regular.ttf,https://fonts.gstatic.com/s/electrolize/v20/cIf5Ma1dtE0zSiGSiED7AUEGso5tQafB.ttf,
Elms Sans,Sans Serif,,INFO,tight,-0.426,24.8,20.5,12.2,0.541,0.541,10,60,2026-10-08-0604-1115,ElmsSans-VariableFont_wght.ttf,https://fonts.gstatic.com/s/elmssans/v7/q5uFsoS_Lf9xv7Su1FpIAz5YiYVICQ.ttf,
Elsie,Display,,INFO,standard,0.008,29.1,,19.4,,,14,60,2026-10-08-0604-1115,Elsie-Regular.ttf,https://fonts.gstatic.com/s/elsie/v26/BCanqZABrez54yYu9slAeLgX.ttf,
Elsie Swash Caps,Display,,WARN,standard,0.148,30.3,,20.1,,,11,60,2026-10-08-0604-1115,ElsieSwashCaps-Regular.ttf,https://fonts.gstatic.com/s/elsieswashcaps/v25/845DNN8xGZyVX5MVo_upKf7KnjK0ferVKGWsUo8.ttf,"WARN spacing/pairs: 18 pairs are spaced far from how Display fonts usually compare with the model (units per 1000 em, + looser): '' +257, 'O +168, 'E +204, 't +159, 'F +174, 'i +162, 'G +172, 'B +179, 'z +149, 'X +165."
Emblema One,Display,,INFO,loose,0.827,26.1,,22.8,,,19,60,2026-10-08-0604-1115,EmblemaOne-Regular.ttf,https://fonts.gstatic.com/s/emblemaone/v22/nKKT-GQ0F5dSY8vzG0rOEIRBHl57G_f_.ttf,
Emilys Candy,Display,,WARN,tight,-1.39,45.5,,29.6,,,3,50,2026-10-08-0604-1115,EmilysCandy-Regular.ttf,https://fonts.gstatic.com/s/emilyscandy/v21/2EbgL-1mD1Rnb0OGKudbk0y5r9xrX84JjA.ttf,"WARN spacing/evenness: Shape error 45.5 units per 1000 em (gaps that depart from even spacing of these shapes): 97th percentile of Display fonts (median 19.4, robust z +3.5). | WARN spacing/glyph-sides: 5 glyph sides are spaced far from the norms of Display fonts (units per 1000 em against their median): V left -161, W left -131, Y left -117, Y right -129, x right -84. | WARN spacing/pairs: 58 pairs are spaced far from how Display fonts usually compare with the model (units per 1000 em, + looser): NV -234, YN -203, YP -197, YU -204, YK -186, UV -228, YW -299, xK -158, xF -161, WV -292."
Encode Sans,Sans Serif,,INFO,tight,-0.312,14.3,17.7,7.6,0.702,0.618,77,80,2026-10-08-0604-1115,"EncodeSans-VariableFont_wdth,wght.ttf",https://fonts.gstatic.com/s/encodesans/v23/LDI2apOFNxEwR-Bd1O9uYMOsc-bGkqIw.ttf,
Encode Sans Condensed,Sans Serif,,INFO,tight,-0.357,12.7,15.9,7,0.702,0.584,88,80,2026-10-08-0604-1115,EncodeSansCondensed-Regular.ttf,https://fonts.gstatic.com/s/encodesanscondensed/v13/j8_16_LD37rqfuwxyIuaZhE6cRXOLtm2gfTGgaWNDw8VIw.ttf,
Encode Sans Expanded,Sans Serif,,INFO,tight,-0.268,16.5,20.1,8.5,0.724,0.643,57,70,2026-10-08-0604-1115,EncodeSansExpanded-Regular.ttf,https://fonts.gstatic.com/s/encodesansexpanded/v15/c4m_1mF4GcnstG_Jh1QH6ac4hNLeNyeYUqoiIwdAd5Ab.ttf,
Encode Sans SC,Sans Serif,,INFO,tight,-0.488,16.7,19.6,9.6,0.692,0.601,54,70,2026-10-08-0604-1115,"EncodeSansSC-VariableFont_wdth,wght.ttf",https://fonts.gstatic.com/s/encodesanssc/v14/jVyT7nLwCGzQ9zE7ZyRg0QRXHOxX3AngeAXx.ttf,
Encode Sans Semi Condensed,Sans Serif,,INFO,tight,-0.334,13.5,16.8,7.3,0.698,0.611,82,80,2026-10-08-0604-1115,EncodeSansSemiCondensed-Regular.ttf,https://fonts.gstatic.com/s/encodesanssemicondensed/v13/3qT4oiKqnDuUtQUEHMoXcmspmy55SFWrXFRp9FTOG2yR_sVPRsjp.ttf,
Encode Sans Semi Expanded,Sans Serif,,INFO,tight,-0.292,15.3,18.7,8,0.722,0.638,70,80,2026-10-08-0604-1115,EncodeSansSemiExpanded-Regular.ttf,https://fonts.gstatic.com/s/encodesanssemiexpanded/v23/ke83OhAPMEZs-BDuzwftTNJ85JvwMOzE9d9Cca5TC4o_LyjgOXc.ttf,
Engagement,Handwriting,,INFO,tight,-0.766,30.6,28.9,20.6,0.556,0.676,63,,2026-10-08-0604-1115,Engagement-Regular.ttf,https://fonts.gstatic.com/s/engagement/v29/x3dlckLDZbqa7RUs9MFVXNossybsHQI.ttf,
Englebert,Sans Serif,,INFO,tight,-0.359,10,15.4,5.6,0.633,0.827,95,90,2026-10-08-0604-1115,Englebert-Regular.ttf,https://fonts.gstatic.com/s/englebert/v24/xn7iYH8w2XGrC8AR4HSxT_fYdN-WZw.ttf,
Enriqueta,Serif,,INFO,standard,0.165,20,23.1,13.2,0.66,0.88,46,70,2026-10-08-0604-1115,Enriqueta-Regular.ttf,https://fonts.gstatic.com/s/enriqueta/v19/goksH6L7AUFrRvV44HVTS0CjkP1Yog.ttf,
Ephesis,Handwriting,,INFO,tight,-6,80,85.5,77.2,0.62,0.4,,,2026-10-08-0604-1115,Ephesis-Regular.ttf,https://fonts.gstatic.com/s/ephesis/v11/uU9PCBUS8IerL2VG7xPb3vyHmlI.ttf,
Epilogue,Sans Serif,,INFO,standard,0.104,22.8,27.8,12.1,0.563,0.691,16,60,2026-10-08-0604-1115,Epilogue-VariableFont_wght.ttf,https://fonts.gstatic.com/s/epilogue/v20/O4ZRFGj5hxF0EhjimmIjuAkalnmd.ttf,
Epunda Sans,Sans Serif,,INFO,standard,-0.048,11.8,12.5,7.8,0.76,0.348,92,90,2026-10-08-0604-1115,EpundaSans-VariableFont_wght.ttf,https://fonts.gstatic.com/s/epundasans/v5/ea8dads_Rv3-GJfWRrHjgE5Fq16dCmit.ttf,
Epunda Slab,Serif,,INFO,standard,-0.243,22.1,19.5,14.8,0.708,0.83,28,70,2026-10-08-0604-1115,EpundaSlab-VariableFont_wght.ttf,https://fonts.gstatic.com/s/epundaslab/v2/46krlbHxTynXpZplPiOFHWVA_VVRGIpI.ttf,
Erica One,Display,,INFO,loose,0.555,10,18.7,6,0.804,0.495,94,90,2026-10-08-0604-1115,EricaOne-Regular.ttf,https://fonts.gstatic.com/s/ericaone/v29/WBLnrEXccV9VGrOKmGD1W0_MJMGxiQ.ttf,
Esteban,Serif,,INFO,standard,0.08,16.7,20.2,10.3,0.83,0.894,77,80,2026-10-08-0604-1115,Esteban-Regular.ttf,https://fonts.gstatic.com/s/esteban/v16/r05bGLZE-bdGdN-GdOuD5jokU8E.ttf,
Estedad,Sans Serif,Arab,INFO,standard,0.06,20.1,30.6,13.4,0.873,0.826,29,,2026-10-08-0604-1115,Estedad-VariableFont_wght.ttf,https://fonts.gstatic.com/s/estedad/v3/QdVWSTk1OgitjvYTFJLOvQlhi20.ttf,
Estonia,Handwriting,,INFO,tight,-0.506,29.5,41.7,17.8,0.766,0.911,65,,2026-10-08-0604-1115,Estonia-Regular.ttf,https://fonts.gstatic.com/s/estonia/v13/7Au_p_4ijSecA1yHCCL8zkwMIFg.ttf,
Euphoria Script,Handwriting,,INFO,tight,-0.592,31,,24.4,,,62,,2026-10-08-0604-1115,EuphoriaScript-Regular.ttf,https://fonts.gstatic.com/s/euphoriascript/v22/mFTpWb0X2bLb_cx6To2B8GpKoD5ak_ZT1D8x7Q.ttf,
Ewert,Display,,INFO,tight,-1.164,16.2,,9.1,,,65,70,2026-10-08-0604-1115,Ewert-Regular.ttf,https://fonts.gstatic.com/s/ewert/v27/va9I4kzO2tFODYBvS-J3kbDP.ttf,
Exile,Display,,INFO,loose,0.269,10.7,15,5.9,0.753,0.384,93,90,2026-10-08-0604-1115,Exile-Regular.ttf,https://fonts.gstatic.com/s/exile/v1/pxiKyp0xqNtbjBsYHpT2dkNE.ttf,
Exo,Sans Serif,,INFO,standard,-0.205,22.7,22.7,13.5,0.662,0.781,16,60,2026-10-08-0604-1115,Exo-VariableFont_wght.ttf,https://fonts.gstatic.com/s/exo/v25/4UaOrEtFpBIidHSi-DP-5g.ttf,
Exo 2,Sans Serif,,INFO,standard,-0.057,15.4,23.3,9.5,0.567,0.845,70,80,2026-10-08-0604-1115,Exo2-VariableFont_wght.ttf,https://fonts.gstatic.com/s/exo2/v26/7cHmv4okm5zmbuYvIe804WIo.ttf,
Expletus Sans,Display,,INFO,standard,0.225,28.4,25.9,16.3,-0.704,0.667,15,60,2026-10-08-0604-1115,ExpletusSans-VariableFont_wght.ttf,https://fonts.gstatic.com/s/expletussans/v31/RLp5K5v5_bqufTYdnhFzDj2dRfkSu6EuTHo.ttf,
Explora,Handwriting,,INFO,tight,-6,45.8,44.2,37.7,0.89,1,,,2026-10-08-0604-1115,Explora-Regular.ttf,https://fonts.gstatic.com/s/explora/v11/tsstApxFfjUH4wrvc1qPonC3vqc.ttf,
Faculty Glyphic,Sans Serif,Latn,INFO,tight,-0.246,23.5,31.4,12.3,0.829,0.539,13,60,2026-10-08-0604-1115,FacultyGlyphic-Regular.ttf,https://fonts.gstatic.com/s/facultyglyphic/v4/RrQIbot2-iBvI2mYSyKIrcgoBuQIG-eFNVmULg.ttf,
Fahkwang,Sans Serif,Thai,INFO,tight,-0.567,22.2,21,12.5,0.721,0.933,18,,2026-10-08-0604-1115,Fahkwang-Regular.ttf,https://fonts.gstatic.com/s/fahkwang/v18/Noax6Uj3zpmBOgbNpNqPsr1ZPTZ4.ttf,
Familjen Grotesk,Sans Serif,,INFO,standard,-0.082,15.6,19.6,9.5,0.782,0.837,68,80,2026-10-08-0604-1115,FamiljenGrotesk-VariableFont_wght.ttf,https://fonts.gstatic.com/s/familjengrotesk/v11/Qw3GZR9ZHiDnImG6-NEMQ41wby8WXH0OjpM75PE.ttf,
Fanwood Text,Serif,,INFO,standard,0.068,15.2,19.7,9.1,0.758,0.727,89,80,2026-10-08-0604-1115,FanwoodText-Regular.ttf,https://fonts.gstatic.com/s/fanwoodtext/v17/3XFtErwl05Ad_vSCF6Fq7xXGRdbY1P1Sbg.ttf,
Farro,Sans Serif,,INFO,loose,0.3,14.8,18.7,8,0.833,0.812,73,80,2026-10-08-0604-1115,Farro-Regular.ttf,https://fonts.gstatic.com/s/farro/v15/i7dEIFl3byGNHZVNHLq2cV5d.ttf,
Farsan,Display,Gujr,INFO,standard,-0.2,18.8,26.8,10.8,0.715,0.765,53,,2026-10-08-0604-1115,Farsan-Regular.ttf,https://fonts.gstatic.com/s/farsan/v24/VEMwRoJ0vY_zsyz62q-pxDX9rQ.ttf,
Fascinate,Display,,INFO,loose,0.61,18.2,27.3,11,0.888,0.927,55,70,2026-10-08-0604-1115,Fascinate-Regular.ttf,https://fonts.gstatic.com/s/fascinate/v23/z7NWdRrufC8XJK0IIEli1LbQRPyNrw.ttf,
Fascinate Inline,Display,,INFO,standard,0.192,16.9,23.5,9.1,0.89,0.927,62,70,2026-10-08-0604-1115,FascinateInline-Regular.ttf,https://fonts.gstatic.com/s/fascinateinline/v24/jVyR7mzzB3zc-jp6QCAu60poNqIy1g3CfRXxWZQ.ttf,
Faster One,Display,,INFO,tight,-6,40.5,51.7,111.8,0.099,0.842,,,2026-10-08-0604-1115,FasterOne-Regular.ttf,https://fonts.gstatic.com/s/fasterone/v20/H4ciBXCHmdfClFb-vWhfyLuShq63czE.ttf,
Fasthand,Display,Khmr,INFO,tight,-6,52.6,68.8,52.4,0.302,0.825,,,2026-10-08-0604-1115,Fasthand-Regular.ttf,https://fonts.gstatic.com/s/fasthand/v33/0yb9GDohyKTYn_ZEESkuYkw2rQg1.ttf,
Fauna One,Serif,,INFO,standard,0.178,16.3,47.3,11.6,0.803,0.97,80,80,2026-10-08-0604-1115,FaunaOne-Regular.ttf,https://fonts.gstatic.com/s/faunaone/v16/wlpzgwTPBVpjpCuwkuEx2UxLYClOCg.ttf,
Faustina,Serif,,INFO,standard,0.066,23.1,32.8,15.7,0.542,0.682,22,60,2026-10-08-0604-1115,Faustina-VariableFont_wght.ttf,https://fonts.gstatic.com/s/faustina/v23/XLYlIZPxYpJfTbZAFW-4F81Kp28v.ttf,
Federant,Display,,INFO,standard,-0.123,16.9,25.1,10.6,0.325,0.746,62,70,2026-10-08-0604-1115,Federant-Regular.ttf,https://fonts.gstatic.com/s/federant/v31/2sDdZGNfip_eirT0_U0jRUG0AqUc.ttf,
Federo,Sans Serif,,INFO,tight,-0.253,15.5,16.9,8.7,0.69,0.445,69,80,2026-10-08-0604-1115,Federo-Regular.ttf,https://fonts.gstatic.com/s/federo/v20/iJWFBX-cbD_ETsbmjVOe2WTG7Q.ttf,
Felipa,Handwriting,,INFO,tight,-0.894,52.3,,33.3,,,25,,2026-10-08-0604-1115,Felipa-Regular.ttf,https://fonts.gstatic.com/s/felipa/v27/FwZa7-owz1Eu4F_wSNSEwM2zpA.ttf,
Fenix,Serif,,INFO,standard,0.198,14.3,16.9,9.1,0.738,0.867,91,90,2026-10-08-0604-1115,Fenix-Regular.ttf,https://fonts.gstatic.com/s/fenix/v21/XoHo2YL_S7-g5ostKzAFvs8o.ttf,
Festive,Handwriting,,INFO,tight,-1.328,54.2,50.8,35.9,0.391,0.521,24,,2026-10-08-0604-1115,Festive-Regular.ttf,https://fonts.gstatic.com/s/festive/v11/cY9Ffj6KX1xcoDWhFtfgy9HTkak.ttf,
Figtree,Sans Serif,,INFO,standard,-0.118,19.2,23.4,10.6,0.712,0.808,33,70,2026-10-08-0604-1115,Figtree-VariableFont_wght.ttf,https://fonts.gstatic.com/s/figtree/v9/_Xms-HUzqDCFdgfMq4O3DIZs3ik.ttf,
Finger Paint,Display,,INFO,standard,0.115,21.8,27.4,13.2,0.74,0.631,38,70,2026-10-08-0604-1115,FingerPaint-Regular.ttf,https://fonts.gstatic.com/s/fingerpaint/v21/0QInMXVJ-o-oRn_7dron8YWO85bS8ANesw.ttf,
Finlandica Headline,Sans Serif,,INFO,standard,0.278,18.9,18.1,11.2,0.767,0.326,36,70,2026-10-08-0604-1115,FinlandicaHeadline-VariableFont_wght.ttf,https://fonts.gstatic.com/s/finlandicaheadline/v1/6NUK8EeLLgyJawTu7-9ulKRhqLEtF7PLWmA08mCgdfM.ttf,
Finlandica Text,Sans Serif,,INFO,standard,-0.043,19.7,23.2,11.2,0.779,0.379,31,70,2026-10-08-0604-1115,FinlandicaText-VariableFont_wght.ttf,https://fonts.gstatic.com/s/finlandicatext/v1/raxlHiOKu9gNOnWPEc8NJGw_4z748RSYIL72WQ.ttf,
Fira Code,Monospace,,SKIP,,,,,,,,,,,FiraCode-VariableFont_wght.ttf,https://fonts.gstatic.com/s/firacode/v27/uU9NCBsR6Z2vfE9aq3bR2t6CilKOdQ.ttf,"SKIP spacing/monospaced: Skipped: every letter has the same advance width, so the spacing is set by the width, not by sidebearings and kerning."
Fira Mono,Monospace,,SKIP,,,,,,,,,,,FiraMono-Regular.ttf,https://fonts.gstatic.com/s/firamono/v16/N0bX2SlFPv1weGeLZDtQIfTTkdbJYA.ttf,"SKIP spacing/monospaced: Skipped: every letter has the same advance width, so the spacing is set by the width, not by sidebearings and kerning."
Fira Sans,Sans Serif,,INFO,standard,0.237,22.3,25.2,16,0.641,0.677,17,60,2026-10-08-0604-1115,FiraSans-Regular.ttf,https://fonts.gstatic.com/s/firasans/v18/va9E4kDNxMZdWfMOD5VfkILKSTbndQ.ttf,
Fira Sans Condensed,Sans Serif,,INFO,standard,0.198,18.7,21.9,12.6,0.647,0.673,38,70,2026-10-08-0604-1115,FiraSansCondensed-Regular.ttf,https://fonts.gstatic.com/s/firasanscondensed/v11/wEOhEADFm8hSaQTFG18FErVhsC9x-tarYfHnrMtVbx8.ttf,
Fira Sans Extra Condensed,Sans Serif,,INFO,standard,0.246,17.2,20.8,11.4,0.645,0.65,47,70,2026-10-08-0604-1115,FiraSansExtraCondensed-Regular.ttf,https://fonts.gstatic.com/s/firasansextracondensed/v11/NaPKcYDaAO5dirw6IaFn7lPJFqXmS-M9Atn3wgda5fiku3efvE8.ttf,
Fjalla One,Sans Serif,,INFO,loose,0.964,15.7,16.1,14,0.419,0.232,65,70,2026-10-08-0604-1115,FjallaOne-Regular.ttf,https://fonts.gstatic.com/s/fjallaone/v16/Yq6R-LCAWCX3-6Ky7FAFnOZwkxgtUb8.ttf,
Fjord One,Serif,,INFO,loose,0.304,17,37.4,11.1,,1,73,80,2026-10-08-0604-1115,FjordOne-Regular.ttf,https://fonts.gstatic.com/s/fjordone/v22/zOL-4pbEnKBY_9S1jNKr6e5As-FeiQ.ttf,
Flamenco,Display,,INFO,standard,-0.058,14,18.7,7.7,0.64,0.766,77,80,2026-10-08-0604-1115,Flamenco-Regular.ttf,https://fonts.gstatic.com/s/flamenco/v19/neIIzCehqYguo67ssaWGHK06UY30.ttf,
Flavors,Display,,INFO,tight,-1.249,22,,14.8,,,37,70,2026-10-08-0604-1115,Flavors-Regular.ttf,https://fonts.gstatic.com/s/flavors/v28/FBV2dDrhxqmveJTpbkzlNqkG9UY.ttf,
Fleur De Leah,Handwriting,,INFO,tight,-6,112.9,105.7,122,0.129,0.368,,,2026-10-08-0604-1115,FleurDeLeah-Regular.ttf,https://fonts.gstatic.com/s/fleurdeleah/v11/AYCNpXX7ftYZWLhv9UmPJTMC5vat4I_Gdq0.ttf,
Flow Block,Display,,INFO,tight,-6,0,,0,,,,,2026-10-08-0604-1115,FlowBlock-Regular.ttf,https://fonts.gstatic.com/s/flowblock/v15/wlp0gwfPCEB65UmTk-d6-WZlbCBXE_I.ttf,
Flow Circular,Display,,INFO,tight,-6,0,,0,,,,,2026-10-08-0604-1115,FlowCircular-Regular.ttf,https://fonts.gstatic.com/s/flowcircular/v15/lJwB-pc4j2F-H8YKuyvfxdZ45ifpWdr2rIg.ttf,
Flow Rounded,Display,,INFO,tight,-6,0,,0.1,,,,,2026-10-08-0604-1115,FlowRounded-Regular.ttf,https://fonts.gstatic.com/s/flowrounded/v15/-zki91mtwsU9qlLiGwD4oQX3oZX-Xup87g.ttf,
Foldit,Display,,INFO,standard,0.141,13.1,16.7,7.7,0.753,0.515,83,80,2026-10-08-0604-1115,Foldit-VariableFont_wght.ttf,https://fonts.gstatic.com/s/foldit/v8/aFTV7PF3Y3c9WdjXpje0CYWVaQ.ttf,
Fondamento,Handwriting,,INFO,standard,-0.109,22.5,29,12.7,0.628,0.78,84,,2026-10-08-0604-1115,Fondamento-Regular.ttf,https://fonts.gstatic.com/s/fondamento/v22/4UaHrEJGsxNmFTPDnkaJx63j5pN1MwI.ttf,
Fontdiner Swanky,Display,,INFO,tight,-6,65.1,58.2,53.9,0.313,0.726,,,2026-10-08-0604-1115,FontdinerSwanky-Regular.ttf,https://fonts.gstatic.com/s/fontdinerswanky/v24/ijwOs4XgRNsiaI5-hcVb4hQgMvCD4uEfKiGvxts.ttf,
Forum,Display,,WARN,standard,-0.046,21.4,39.9,9,0.664,0.843,39,60,2026-10-08-0604-1115,Forum-Regular.ttf,https://fonts.gstatic.com/s/forum/v19/6aey4Ky-Vb8Ew_IWMJMa3mnT.ttf,"WARN spacing/pairs: 35 pairs are spaced far from how Display fonts usually compare with the model (units per 1000 em, + looser): Qp -445, Qg -442, Qa -386, Qs -357, Qy -451, Q? -415, Q: -419, Q! -419, Q; -433, Qd -310."
Fragment Mono,Monospace,,SKIP,,,,,,,,,,,FragmentMono-Regular.ttf,https://fonts.gstatic.com/s/fragmentmono/v6/4iCr6K5wfMRRjxp0DA6-2CLnN4RNh4UI_1U.ttf,"SKIP spacing/monospaced: Skipped: every letter has the same advance width, so the spacing is set by the width, not by sidebearings and kerning."
Francois One,Sans Serif,,INFO,loose,0.799,13.2,18.2,9.6,-0.028,0.853,84,80,2026-10-08-0604-1115,FrancoisOne-Regular.ttf,https://fonts.gstatic.com/s/francoisone/v22/_Xmr-H4zszafZw3A-KPSZutNxgKQu_avAg.ttf,
Frank Ruhl Libre,Serif,Hebr,INFO,standard,0.233,18.7,24.9,10.1,0.792,0.543,55,,2026-10-08-0604-1115,FrankRuhlLibre-VariableFont_wght.ttf,https://fonts.gstatic.com/s/frankruhllibre/v23/j8_w6_fAw7jrcalD7oKYNX0QfAnPa7fv4JjnmY4.ttf,
Fraunces,Serif,,INFO,standard,0.046,17.8,21.7,10.8,0.553,0.784,64,70,2026-10-08-0604-1115,"Fraunces-VariableFont_SOFT,WONK,opsz,wght.ttf",https://fonts.gstatic.com/s/fraunces/v38/6NUV8FyLNQOQZAnv9awPnugMyM1A.ttf,
Freckle Face,Display,,INFO,standard,-0.368,11.3,15,7.2,0.79,0.71,90,90,2026-10-08-0604-1115,FreckleFace-Regular.ttf,https://fonts.gstatic.com/s/freckleface/v16/AMOWz4SXrmKHCvXTohxY-YI0U1K2w9lb4g.ttf,
Fredericka the Great,Display,,WARN,tight,-1.932,44.8,,29.3,,,4,50,2026-10-08-0604-1115,FrederickatheGreat-Regular.ttf,https://fonts.gstatic.com/s/frederickathegreat/v23/9Bt33CxNwt7aOctW2xjbCstzwVKsIBVV-9Skz7Ylch2L.ttf,"WARN spacing/tightness: Overall tightness: Looseness -1.93 is at the 2nd percentile of Display fonts (median +0.04, robust z -3.6). | WARN spacing/glyph-sides: 4 glyph sides are spaced far from the norms of Display fonts (units per 1000 em against their median): Y left -128, Y right -150, V left -107, W left -96. | WARN spacing/pairs: 61 pairs are spaced far from how Display fonts usually compare with the model (units per 1000 em, + looser): YF -234, YU -232, YD -228, YI -224, IY -192, HY -206, YH -208, YK -200, YN -208, YP -203."
Fredoka,Sans Serif,,WARN,standard,-0.117,23.6,27.3,13.5,0.69,0.604,12,60,2026-10-08-0604-1115,"Fredoka-VariableFont_wdth,wght.ttf",https://fonts.gstatic.com/s/fredoka/v17/X7nl4b87HvSqjb_WOCaQ4MTgAgk.ttf,WARN spacing/instances: 2 locations of the designspace are spaced far from the norms or from their neighbours: Bold (spacing jumps against its neighbours); wdth 125 (max) (shape error 34.6).
Freehand,Display,Khmr,INFO,tight,-6,52.6,68.8,52.4,0.302,0.825,,,2026-10-08-0604-1115,Freehand-Regular.ttf,https://fonts.gstatic.com/s/freehand/v34/cIf-Ma5eqk01VjKTgAmBTmUOmZJk.ttf,
Freeman,Display,,INFO,loose,0.803,10.7,13.4,6.9,0.695,0.502,93,90,2026-10-08-0604-1115,Freeman-Regular.ttf,https://fonts.gstatic.com/s/freeman/v1/S6u9w4NGQiLN8nh-ew-FGC_p9dw.ttf,
Fresca,Sans Serif,,INFO,standard,-0.08,21,,11.4,,,24,70,2026-10-08-0604-1115,Fresca-Regular.ttf,https://fonts.gstatic.com/s/fresca/v24/6ae94K--SKgCzbM2Gr0W13DKPA.ttf,
Frijole,Display,,INFO,standard,-0.278,24,,18,,,27,70,2026-10-08-0604-1115,Frijole-Regular.ttf,https://fonts.gstatic.com/s/frijole/v15/uU9PCBUR8oakM2BQ7xPb3vyHmlI.ttf,
Fruktur,Display,,INFO,standard,0.401,16,15.3,12,0.591,0.287,67,80,2026-10-08-0604-1115,Fruktur-Regular.ttf,https://fonts.gstatic.com/s/fruktur/v28/SZc53FHsOru5QYsMfz3GkUrS8DI.ttf,
Fugaz One,Display,,INFO,loose,0.083,21.1,40.4,22.7,0.295,0.668,40,70,2026-10-08-0604-1115,FugazOne-Regular.ttf,https://fonts.gstatic.com/s/fugazone/v21/rax_HiWKp9EAITukFslMBBJek0vA8A.ttf,
Fuggles,Handwriting,,INFO,tight,-1.649,42.1,34.2,30.5,0.246,0.667,42,,2026-10-08-0604-1115,Fuggles-Regular.ttf,https://fonts.gstatic.com/s/fuggles/v14/k3kQo8UEJOlD1hpOTd7iL0nAMaM.ttf,
Funnel Display,Display,,INFO,tight,-0.282,13.1,20.6,5.9,0.825,0.676,83,80,2026-10-08-0604-1115,FunnelDisplay-VariableFont_wght.ttf,https://fonts.gstatic.com/s/funneldisplay/v3/B50WF7FGv37QNVWgE0ga--4PbY6aB4oWgWHB.ttf,
Funnel Sans,Sans Serif,,INFO,standard,0.027,15.2,25.9,7.6,0.819,0.693,71,80,2026-10-08-0604-1115,FunnelSans-VariableFont_wght.ttf,https://fonts.gstatic.com/s/funnelsans/v3/OpNIno8Dg9bX6Bsp3Wq69Qp1dBnKyl7c.ttf,
Fustat,Sans Serif,Arab,INFO,standard,-0.231,16,20.2,8.4,0.704,0.783,62,,2026-10-08-0604-1115,Fustat-VariableFont_wght.ttf,https://fonts.gstatic.com/s/fustat/v4/NaPZcZ_aHO9Iy5t7T_hDoyqlZQ.ttf,
Fuzzy Bubbles,Handwriting,,INFO,standard,0.111,32.1,,18.7,,,59,,2026-10-08-0604-1115,FuzzyBubbles-Regular.ttf,https://fonts.gstatic.com/s/fuzzybubbles/v9/6qLGKZMbrgv9pwtjPEVNV0F2NnP5Zxsreko.ttf,
Ga Maamli,Display,,INFO,loose,0.276,18.9,19.2,18.9,0.589,0.403,52,70,2026-10-08-0604-1115,GaMaamli-Regular.ttf,https://fonts.gstatic.com/s/gamaamli/v3/uU9NCBsQ4c-DPW1Yo3rR2t6CilKOdQ.ttf,
Gabarito,Display,,INFO,standard,0.035,16.8,18.1,9.4,0.823,0.531,62,70,2026-10-08-0604-1115,Gabarito-VariableFont_wght.ttf,https://fonts.gstatic.com/s/gabarito/v9/QGYtz_0dZAGKJJ4t3EtvUYTknuBJ.ttf,
Gabriela,Serif,,INFO,standard,0.092,20.1,32,11.6,0.831,0.911,45,70,2026-10-08-0604-1115,Gabriela-Regular.ttf,https://fonts.gstatic.com/s/gabriela/v23/qkBWXvsO6sreR8E-b_m-zrpHmRzC.ttf,
Gaegu,Handwriting,Kore,WARN,loose,1.495,45.7,,28.5,,,37,,2026-10-08-0604-1115,Gaegu-Regular.ttf,https://fonts.gstatic.com/s/gaegu/v23/TuGfUVB6Up9NU6ZLodgzydtk.ttf,"WARN spacing/glyph-sides: 1 sidebearing is far outside the norms of Handwriting fonts (units per 1000 em against their median): ’ right +532. | WARN spacing/pairs: 60 pairs are spaced far from how Handwriting fonts usually compare with the model (units per 1000 em, + looser): ’Q +527, ’P +542, ’K +519, ’U +546, ’D +546, ’R +526, ’O +537, ’T +510, ’C +539, ’F +540."
Gafata,Sans Serif,,INFO,standard,0.069,10.7,13.7,6.2,0.717,0.634,94,90,2026-10-08-0604-1115,Gafata-Regular.ttf,https://fonts.gstatic.com/s/gafata/v22/XRXV3I6Cn0VJKon4MuyAbsrVcA.ttf,
Gajraj One,Display,Deva,INFO,standard,0.146,14.8,6.4,8.4,,1,73,,2026-10-08-0604-1115,GajrajOne-Regular.ttf,https://fonts.gstatic.com/s/gajrajone/v7/1cX2aUDCDpXsuWVb1jIjr1GqhcitzeM.ttf,
Galada,Display,Beng,WARN,tight,-2.073,46.8,50,32.4,0.633,0.479,2,,2026-10-08-0604-1115,Galada-Regular.ttf,https://fonts.gstatic.com/s/galada/v21/H4cmBXyGmcjXlUX-8iw-4Lqggw.ttf,"WARN spacing/tightness: Overall tightness: Looseness -2.07 is at the 1st percentile of Display fonts (median +0.04, robust z -3.9). | WARN spacing/evenness: Shape error 46.8 units per 1000 em (gaps that depart from even spacing of these shapes): 98th percentile of Display fonts (median 19.4, robust z +3.7). | WARN spacing/glyph-sides: 6 glyph sides are spaced far from the norms of Display fonts (units per 1000 em against their median): o right -116, T right -223, F right -136, ' left +105, f left -71, ( left +133. | WARN spacing/pairs: 71 pairs are spaced far from how Display fonts usually compare with the model (units per 1000 em, + looser): Lf -512, Lp -368, Lq -289, Lj -503, Lg -235, Ln -194, Lr -194, Lh -197, Lk -196, Lm -194."
Galdeano,Sans Serif,,INFO,loose,0.415,14.6,28.1,10,0.844,0.943,74,80,2026-10-08-0604-1115,Galdeano-Regular.ttf,https://fonts.gstatic.com/s/galdeano/v23/uU9MCBoQ4YOqOW1boDPx8PCOg0uX.ttf,
Galindo,Display,,INFO,standard,-0.117,12.6,20.8,4.8,0.77,0.797,86,80,2026-10-08-0604-1115,Galindo-Regular.ttf,https://fonts.gstatic.com/s/galindo/v26/HI_KiYMeLqVKqwyuQ5HiRp-dhpQ.ttf,
Gamja Flower,Handwriting,Kore,INFO,loose,0.802,24.1,,14.7,,,78,,2026-10-08-0604-1115,GamjaFlower-Regular.ttf,https://fonts.gstatic.com/s/gamjaflower/v26/6NUR8FiKJg-Pa0rM6uN40Z4kyf9Fdty2ew.ttf,
Gantari,Sans Serif,,INFO,standard,0.052,20.7,54.3,8.8,0.861,0.895,26,70,2026-10-08-0604-1115,Gantari-VariableFont_wght.ttf,https://fonts.gstatic.com/s/gantari/v4/jVyK7nvyB2HL8iZyFEUkpiwFR80.ttf,
Gasoek One,Sans Serif,Kore,INFO,standard,0.155,10,24.6,3.9,0.802,0.571,95,,2026-10-08-0604-1115,GasoekOne-Regular.ttf,https://fonts.gstatic.com/s/gasoekone/v4/EJRTQgQ_UMUKvDgnlX80zrq_cyb-vco.ttf,
Gayathri,Sans Serif,Mlym,INFO,tight,-0.797,30,25.9,15.6,0.793,0.88,4,,2026-10-08-0604-1115,Gayathri-Regular.ttf,https://fonts.gstatic.com/s/gayathri/v20/MCoQzAb429DbBilWLIA48J_wBugA.ttf,
Geist,Sans Serif,Latn,INFO,standard,-0.009,17.1,14.9,11.7,0.657,0.329,49,70,2026-10-08-0604-1115,Geist-VariableFont_wght.ttf,https://fonts.gstatic.com/s/geist/v5/gyByhwUxId8gMHwbElSvO5Tc.ttf,
Geist Mono,Monospace,Latn,SKIP,,,,,,,,,,,GeistMono-VariableFont_wght.ttf,https://fonts.gstatic.com/s/geistmono/v6/or3nQ6H-1_WfwkMZI_qYJrAXmzPnnks.ttf,"SKIP spacing/monospaced: Skipped: every letter has the same advance width, so the spacing is set by the width, not by sidebearings and kerning."
Geist Pixel,Display,Latn,INFO,standard,-0.104,27.5,16.5,18.1,0.727,0.95,17,60,2026-10-08-0604-1115,GeistPixel-Regular-VariableFont_ELSH.ttf,https://fonts.gstatic.com/s/geistpixel/v1/CSR74zxZluGGW3oyI0A_AMcqYtd2vfwk.ttf,
Gelasio,Serif,,INFO,loose,0.23,24.3,,15.3,,,17,60,2026-10-08-0604-1115,Gelasio-VariableFont_wght.ttf,https://fonts.gstatic.com/s/gelasio/v14/cIf9MaFfvUQxTTqSxCmrYGkHgIs.ttf,
Gemunu Libre,Sans Serif,Sinh,INFO,tight,-0.341,13.3,17.9,7.5,0.634,0.423,83,,2026-10-08-0604-1115,GemunuLibre-VariableFont_wght.ttf,https://fonts.gstatic.com/s/gemunulibre/v18/X7ni4bQ6Cfy7jKGXVE_YlqnBGiL1539rvw.ttf,
Genos,Sans Serif,,INFO,tight,-0.348,18,22.7,10.6,0.724,0.726,42,70,2026-10-08-0604-1115,Genos-VariableFont_wght.ttf,https://fonts.gstatic.com/s/genos/v17/SlGemQqPqpUOYSwoSzYsgWxz.ttf,
Gentium Book Plus,Serif,,INFO,loose,0.313,19.4,26.8,10.7,0.783,0.936,51,70,2026-10-08-0604-1115,GentiumBookPlus-Regular.ttf,https://fonts.gstatic.com/s/gentiumbookplus/v1/vEFL2-RHBgUK5fbjKxRpbBtJPyRpofKfdbLOrdPV.ttf,
Gentium Plus,Serif,,INFO,loose,0.248,19,26.3,10.5,0.779,0.927,54,70,2026-10-08-0604-1115,GentiumPlus-Regular.ttf,https://fonts.gstatic.com/s/gentiumplus/v2/Iurd6Ytw-oSPaZ00r2bNe8VpjJtM6G0t9w.ttf,
Geo,Sans Serif,,WARN,loose,1.39,21.6,,12.8,,,21,60,2026-10-08-0604-1115,Geo-Regular.ttf,https://fonts.gstatic.com/s/geo/v23/CSRz4zRZlufVL3BmQjlCbQ.ttf,"WARN spacing/tightness: Overall tightness: Looseness +1.39 is at the 99th percentile of Sans Serif fonts (median +0.03, robust z +4.6)."
Geologica,Sans Serif,,INFO,standard,0.189,14.6,20.4,8.9,0.737,0.791,74,80,2026-10-08-0604-1115,"Geologica-VariableFont_CRSV,SHRP,slnt,wght.ttf",https://fonts.gstatic.com/s/geologica/v5/oY1c8evIr7j9P3TN9YwXCv5xY4QBLw.ttf,
Geom,Sans Serif,,INFO,standard,-0.174,22.2,24,12.2,0.686,0.779,18,60,2026-10-08-0604-1115,Geom-VariableFont_wght.ttf,https://fonts.gstatic.com/s/geom/v1/X7nq4bw6Cf6jwtSdHC67_M0.ttf,
Geomini,Sans Serif,,INFO,tight,-0.463,20.6,39.8,10.4,0.161,0.894,26,70,2026-10-08-0604-1115,Geomini-VariableFont_wght.ttf,https://fonts.gstatic.com/s/geomini/v2/Yq6U-L2BVyv2_q37gz5KuO5bjxE.ttf,
Georama,Sans Serif,,WARN,tight,-0.475,14.1,14.7,8.2,0.789,0.456,79,80,2026-10-08-0604-1115,"Georama-VariableFont_wdth,wght.ttf",https://fonts.gstatic.com/s/georama/v15/MCoTzAn438bIEyxFZaAS3pP5H_E.ttf,WARN spacing/instances: 2 locations of the designspace are spaced far from the norms or from their neighbours: wdth 150 (max) (shape error 24.8); wdth 150 · wght 100 (shape error 41.5).
Geostar,Display,,INFO,tight,-1.051,25.2,31.8,16.4,0.671,0.878,23,60,2026-10-08-0604-1115,Geostar-Regular.ttf,https://fonts.gstatic.com/s/geostar/v27/sykz-yx4n701VLOftSq9-trEvlQ.ttf,
Geostar Fill,Display,,INFO,tight,-0.819,23.3,30.6,15.1,0.673,0.881,30,70,2026-10-08-0604-1115,GeostarFill-Regular.ttf,https://fonts.gstatic.com/s/geostarfill/v27/AMOWz4SWuWiXFfjEohxQ9os0U1K2w9lb4g.ttf,
Germania One,Display,,INFO,loose,0.82,22.8,18.5,12.7,0.674,1,31,70,2026-10-08-0604-1115,GermaniaOne-Regular.ttf,https://fonts.gstatic.com/s/germaniaone/v21/Fh4yPjrqIyv2ucM2qzBjeS3ezAJONau6ew.ttf,
GFS Didot,Serif,,INFO,standard,0.112,22.4,35.4,12.9,0.737,0.986,25,70,2026-10-08-0604-1115,GFSDidot-Regular.ttf,https://fonts.gstatic.com/s/gfsdidot/v18/Jqzh5TybZ9vZMWFssvwiF-fGFSCGAA.ttf,
GFS Neohellenic,Sans Serif,,INFO,standard,-0.123,22.3,,12.2,,,17,60,2026-10-08-0604-1115,GFSNeohellenic-Regular.ttf,https://fonts.gstatic.com/s/gfsneohellenic/v27/8QIRdiDOrfiq0b7R8O1Iw9WLcY5TLahP46UDUw.ttf,
Gideon Roman,Display,,INFO,standard,-0.285,26.1,37,13.8,0.665,0.618,19,60,2026-10-08-0604-1115,GideonRoman-Regular.ttf,https://fonts.gstatic.com/s/gideonroman/v13/e3tmeuGrVOys8sxzZgWlmXoge0PWovdU4w.ttf,
Gidole,Sans Serif,,INFO,standard,0.232,16.2,27.1,7.8,0.708,0.692,59,70,2026-10-08-0604-1115,Gidole-Regular.ttf,https://fonts.gstatic.com/s/gidole/v24/sZlFdR6O8zVVEiMaCJtWS6EPcA.ttf,
Gidugu,Sans Serif,Telu,INFO,loose,0.459,23.6,,15.2,,,12,,2026-10-08-0604-1115,Gidugu-Regular.ttf,https://fonts.gstatic.com/s/gidugu/v28/L0x8DFMkk1Uf6w3RvPCmRSlUig.ttf,
Gilda Display,Serif,,INFO,standard,0.03,29.5,50.2,19,0.764,0.949,5,50,2026-10-08-0604-1115,GildaDisplay-Regular.ttf,https://fonts.gstatic.com/s/gildadisplay/v20/t5tmIRoYMoaYG0WEOh7HwMeR7TnFrpOHYh4.ttf,
Girassol,Display,,INFO,loose,0.223,26.1,22.5,15.5,0.346,1,19,60,2026-10-08-0604-1115,Girassol-Regular.ttf,https://fonts.gstatic.com/s/girassol/v24/JTUUjIo_-DK48laaNC9Nz2pJzxbi.ttf,
Give You Glory,Handwriting,,INFO,tight,-0.924,36.1,,22.4,,,52,,2026-10-08-0604-1115,GiveYouGlory-Regular.ttf,https://fonts.gstatic.com/s/giveyouglory/v17/8QIQdiHOgt3vv4LR7ahjw9-XYc1zB4ZD6rwa.ttf,
Glass Antiqua,Display,,INFO,tight,-0.609,21.8,26.4,11.8,0.848,0.668,38,70,2026-10-08-0604-1115,GlassAntiqua-Regular.ttf,https://fonts.gstatic.com/s/glassantiqua/v26/xfu30Wr0Wn3NOQM2piC0uXOjnL_wN6fRUkY.ttf,
Glegoo,Serif,,INFO,standard,0.018,16.9,34.4,12,0.585,0.964,75,80,2026-10-08-0604-1115,Glegoo-Regular.ttf,https://fonts.gstatic.com/s/glegoo/v17/_Xmt-HQyrTKWaw2Ji6mZAI91xw.ttf,
Gloock,Serif,,WARN,tight,-0.75,27.4,23.3,14.1,0.742,0.559,9,60,2026-10-08-0604-1115,Gloock-Regular.ttf,https://fonts.gstatic.com/s/gloock/v8/Iurb6YFw84WUY4N5jxylBrdRjQ.ttf,"WARN spacing/tightness: Overall tightness: Looseness -0.75 is at the 0th percentile of Serif fonts (median +0.14, robust z -4.1)."
Gloria Hallelujah,Handwriting,,INFO,standard,-0.027,31.8,,17.6,,,60,,2026-10-08-0604-1115,GloriaHallelujah-Regular.ttf,https://fonts.gstatic.com/s/gloriahallelujah/v24/LYjYdHv3kUk9BMV96EIswT9DIbW-MLSy3TKEvkCF.ttf,
Glory,Sans Serif,,INFO,standard,-0.112,17.2,25.6,7.7,0.832,0.769,47,70,2026-10-08-0604-1115,Glory-VariableFont_wght.ttf,https://fonts.gstatic.com/s/glory/v18/q5uJsoi9Lf1w5sfPkC1gAgxd.ttf,
Gluten,Display,,INFO,tight,-0.403,19.9,22.9,14.4,0.81,0.383,47,70,2026-10-08-0604-1115,"Gluten-VariableFont_slnt,wght.ttf",https://fonts.gstatic.com/s/gluten/v18/HhyVU5gk9fW7OUdPK9qGGI9STA.ttf,
Goblin One,Display,,INFO,loose,0.23,26.7,,15.5,,,18,60,2026-10-08-0604-1115,GoblinOne-Regular.ttf,https://fonts.gstatic.com/s/goblinone/v28/CSR64z1ZnOqZRjRCBVY_TOcATNt_pOU.ttf,
Gochi Hand,Handwriting,,INFO,tight,-0.572,36.6,,26.3,,,50,,2026-10-08-0604-1115,GochiHand-Regular.ttf,https://fonts.gstatic.com/s/gochihand/v27/hES06XlsOjtJsgCkx1PkTo71-n0nXWA.ttf,
Goldman,Display,,INFO,standard,-0.178,20.7,34.8,11.2,0.592,0.721,42,70,2026-10-08-0604-1115,Goldman-Regular.ttf,https://fonts.gstatic.com/s/goldman/v21/pe0uMIWbN4JFplR2LDJ4Bt-7G98.ttf,
Golos Text,Sans Serif,,INFO,standard,0.067,15.9,18.1,8.9,0.858,0.758,64,70,2026-10-08-0604-1115,GolosText-VariableFont_wght.ttf,https://fonts.gstatic.com/s/golostext/v7/q5uCsoe9Lv5t7Meb31EcIxR2hYxREMs.ttf,
Google Sans,Sans Serif,,INFO,tight,-0.307,15.2,17.8,8.8,0.816,0.82,71,80,2026-10-08-0604-1115,"GoogleSans-VariableFont_GRAD,opsz,wght.ttf",https://fonts.gstatic.com/s/googlesans/v71/4UaGrENHsxJlGDuGo1OIlI3JyJ98KhtH.ttf,
Google Sans Code,Monospace,,SKIP,,,,,,,,,,,"GoogleSansCode-VariableFont_MONO,wght.ttf",https://fonts.gstatic.com/s/googlesanscode/v22/pxifyogzv91QhV44Z_GQBHsGf5PuaElurmapvvM.ttf,"SKIP spacing/monospaced: Skipped: every letter has the same advance width, so the spacing is set by the width, not by sidebearings and kerning."
Google Sans Flex,Sans Serif,,WARN,tight,-0.268,17.2,21.4,10.3,0.748,0.802,47,70,2026-10-08-0604-1115,"GoogleSansFlex-VariableFont_GRAD,ROND,opsz,slnt,wdth,wght.ttf",https://fonts.gstatic.com/s/googlesansflex/v23/t5t7IQcYNIWbFgDgAAzZ34auoVyXipusfhcat2c.ttf,WARN spacing/instances: 5 locations of the designspace are spaced far from the norms or from their neighbours: wdth 151 (max) (shape error 34.5); wght 1 (min) (shape error 28.7); opsz 144 · wdth 151 · wght 1 · GRAD 0 · ROND 0 · slnt 0 (shape error 49.9); opsz 144 · wdth 151 · wght 1 · GRAD 0 · ROND 100 · slnt 0 (shape error 50.2); opsz 144 · wdth 151 · wght 1 · GRAD 100 · ROND 100 · slnt 0 (shape error 45.5).
Gorditas,Display,,INFO,standard,0.181,11.4,13.1,6.9,0.792,0.83,90,90,2026-10-08-0604-1115,Gorditas-Regular.ttf,https://fonts.gstatic.com/s/gorditas/v24/ll8_K2aTVD26DsPEtQDoDa4AlxYb.ttf,
Gothic A1,Sans Serif,Kore,INFO,standard,0.025,27.1,29.4,16.2,0.769,0.807,7,,2026-10-08-0604-1115,GothicA1-Regular.ttf,https://fonts.gstatic.com/s/gothica1/v18/CSR94z5ZnPydRjlCCwl6bM0uQNJmvQ.ttf,
Gotu,Sans Serif,Deva,INFO,standard,0.056,17.3,20.4,9.9,0.771,0.524,47,,2026-10-08-0604-1115,Gotu-Regular.ttf,https://fonts.gstatic.com/s/gotu/v18/o-0FIpksx3QOlH0Lioh6-hU.ttf,
Goudy Bookletter 1911,Serif,,INFO,tight,-0.319,21.8,15.2,9.8,0.116,1,31,70,2026-10-08-0604-1115,GoudyBookletter1911-Regular.ttf,https://fonts.gstatic.com/s/goudybookletter1911/v21/sykt-z54laciWfKv-kX8krex0jDiD2HbY6I5tRbXZ4IXAA.ttf,
Gowun Batang,Serif,Kore,INFO,standard,0.138,25.7,21.1,14.2,0.661,0.815,11,,2026-10-08-0604-1115,GowunBatang-Regular.ttf,https://fonts.gstatic.com/s/gowunbatang/v12/ijwSs5nhRMIjYsdSgcMa3wRhXLH-yuAtLw.ttf,
Gowun Dodum,Sans Serif,Kore,INFO,loose,0.281,24.9,27.9,14.8,0.682,0.807,9,,2026-10-08-0604-1115,GowunDodum-Regular.ttf,https://fonts.gstatic.com/s/gowundodum/v12/3Jn5SD_00GqwlBnWc1TUJF0FfORL0fNy.ttf,
Graduate,Serif,,INFO,loose,0.607,21.9,47.2,15.7,0.754,1,29,70,2026-10-08-0604-1115,Graduate-Regular.ttf,https://fonts.gstatic.com/s/graduate/v19/C8cg4cs3o2n15t_2YxgR6X2NZAn2.ttf,
Grand Hotel,Handwriting,,INFO,tight,-1.059,48.7,22.6,35.8,0.525,0.65,32,,2026-10-08-0604-1115,GrandHotel-Regular.ttf,https://fonts.gstatic.com/s/grandhotel/v21/7Au7p_IgjDKdCRWuR1azpmQNEl0O0kEx.ttf,
Grandiflora One,Serif,Kore,WARN,tight,-0.187,37.5,35.5,24.2,0.659,0.455,1,,2026-10-08-0604-1115,GrandifloraOne-Regular.ttf,https://fonts.gstatic.com/s/grandifloraone/v4/0ybmGD0g27bCk_5MGWZcKWhxwnUU_R3y8DOWGA.ttf,"WARN spacing/evenness: Shape error 37.5 units per 1000 em (gaps that depart from even spacing of these shapes): 99th percentile of Serif fonts (median 19.5, robust z +4.3)."
Grandstander,Display,,INFO,loose,0.354,19.5,26.5,14,0.423,0.466,50,70,2026-10-08-0604-1115,Grandstander-VariableFont_wght.ttf,https://fonts.gstatic.com/s/grandstander/v20/ga6KawtA-GpSsTWrnNHPCSIWbTq6fMRRMw.ttf,
Grape Nuts,Handwriting,,INFO,tight,-1.143,40.8,43.1,42.9,0.444,0.726,46,,2026-10-08-0604-1115,GrapeNuts-Regular.ttf,https://fonts.gstatic.com/s/grapenuts/v7/syk2-yF4iLM2RfKj4F7k3tLvol2RN1E.ttf,
Gravitas One,Display,,INFO,loose,0.625,22.8,,16.3,,,31,70,2026-10-08-0604-1115,GravitasOne-Regular.ttf,https://fonts.gstatic.com/s/gravitasone/v21/5h1diZ4hJ3cblKy3LWakKQmaDWRNr3DzbQ.ttf,
Great Vibes,Handwriting,,INFO,tight,-6,73.2,84,74.4,0.341,0.457,,,2026-10-08-0604-1115,GreatVibes-Regular.ttf,https://fonts.gstatic.com/s/greatvibes/v21/RWmMoKWR9v4ksMfaWd_JN-XCg6UKDXlq.ttf,
Grechen Fuemen,Handwriting,,INFO,tight,-0.706,49.5,61.1,35.3,0.352,0.5,30,,2026-10-08-0604-1115,GrechenFuemen-Regular.ttf,https://fonts.gstatic.com/s/grechenfuemen/v11/vEFI2_tHEQ4d5ObgKxBzZh0MAWgc-NaXXq7H.ttf,
Grenze,Serif,,INFO,loose,0.444,16.9,20.3,10.9,0.838,0.712,75,80,2026-10-08-0604-1115,Grenze-VariableFont_wght.ttf,https://fonts.gstatic.com/s/grenze/v18/O4ZTFGb7hR12Bxq3_2gnmgwKlg.ttf,
Grenze Gotisch,Display,,INFO,loose,0.309,17.7,15.4,11.6,0.583,0.455,58,70,2026-10-08-0604-1115,GrenzeGotisch-VariableFont_wght.ttf,https://fonts.gstatic.com/s/grenzegotisch/v20/Fh4sPjjqNDz1osh_jX9YfjudpAhKF66qe6T5.ttf,
Grey Qo,Handwriting,,INFO,tight,-6,59.2,60.3,63.1,0.302,0.338,,,2026-10-08-0604-1115,GreyQo-Regular.ttf,https://fonts.gstatic.com/s/greyqo/v11/BXRrvF_Nmv_TyXxNDOtQ9Wf0QcE.ttf,
Griffy,Display,,INFO,tight,-6,52.5,,36.4,,,,,2026-10-08-0604-1115,Griffy-Regular.ttf,https://fonts.gstatic.com/s/griffy/v23/FwZa7-ox2FQh9kfwSNSEwM2zpA.ttf,
Gruppo,Sans Serif,,INFO,tight,-0.658,29,29.2,18.1,0.667,0.561,4,50,2026-10-08-0604-1115,Gruppo-Regular.ttf,https://fonts.gstatic.com/s/gruppo/v23/WwkfxPmzE06v_ZWFWXDAOIEQUQ.ttf,
Gudea,Sans Serif,,INFO,standard,0.083,22.3,17.2,14.7,0.887,1,17,60,2026-10-08-0604-1115,Gudea-Regular.ttf,https://fonts.gstatic.com/s/gudea/v16/neIFzCqgsI0mp-CP9IGON7Ez.ttf,
Gugi,Display,Kore,INFO,standard,-0.082,17.8,,10.6,,,57,,2026-10-08-0604-1115,Gugi-Regular.ttf,https://fonts.gstatic.com/s/gugi/v21/A2BVn5dXywshVA6A9DEfgqM.ttf,
Gulzar,Serif,Arab,INFO,standard,0.11,16,20.2,8,0.771,0.901,82,,2026-10-08-0604-1115,Gulzar-Regular.ttf,https://fonts.gstatic.com/s/gulzar/v14/Wnz6HAc9eB3HB2ILYTwZqg_MPQ.ttf,
Gupter,Serif,,INFO,loose,0.503,17.5,17.5,11.3,0.712,0.745,67,80,2026-10-08-0604-1115,Gupter-Regular.ttf,https://fonts.gstatic.com/s/gupter/v18/2-cm9JNmxJqPO1QUYZa_Wu_lpA.ttf,
Gurajada,Sans Serif,Telu,INFO,standard,0.12,11.1,,8.4,,,93,,2026-10-08-0604-1115,Gurajada-Regular.ttf,https://fonts.gstatic.com/s/gurajada/v24/FwZY7-Qx308m-l-0Kd6A4sijpFu_.ttf,
Gveret Levin,Handwriting,Hebr,INFO,tight,-0.58,31.8,30.6,30.3,0.44,0.444,60,,2026-10-08-0604-1115,GveretLevin-Regular.ttf,https://fonts.gstatic.com/s/gveretlevin/v4/0QInMXVI5YS9Rnn7ar449p-O85bS8ANesw.ttf,
Gwendolyn,Handwriting,,INFO,tight,-6,63.8,41.6,56,0.423,0.507,,,2026-10-08-0604-1115,Gwendolyn-Regular.ttf,https://fonts.gstatic.com/s/gwendolyn/v9/qkBXXvoO_M3CSss-d7ee5JRLkAXbMQ.ttf,
Habibi,Serif,,INFO,standard,0.16,28.2,61.1,16.2,0.685,1,7,60,2026-10-08-0604-1115,Habibi-Regular.ttf,https://fonts.gstatic.com/s/habibi/v22/CSR-4zFWkuqcTTNCShJeZOYySQ.ttf,
Hachi Maru Pop,Handwriting,Jpan,INFO,tight,-0.456,59.1,,38,,,19,,2026-10-08-0604-1115,HachiMaruPop-Regular.ttf,https://fonts.gstatic.com/s/hachimarupop/v23/HI_TiYoRLqpLrEiMAuO9Ysfz7rW1EM_btd8u.ttf,
Hahmlet,Serif,Kore,INFO,loose,0.307,26.3,31.9,15.8,0.842,0.694,10,,2026-10-08-0604-1115,Hahmlet-VariableFont_wght.ttf,https://fonts.gstatic.com/s/hahmlet/v21/BngIUXpCQ3nKpIo0V_jQjP_L3qE.ttf,
Halant,Serif,Deva,INFO,loose,0.492,31,,18,,,4,,2026-10-08-0604-1115,Halant-Regular.ttf,https://fonts.gstatic.com/s/halant/v17/u-4-0qaujRI2PbsX39Jmky12eg.ttf,
Hammersmith One,Sans Serif,,INFO,loose,0.793,25.6,,17.9,,,8,60,2026-10-08-0604-1115,HammersmithOne-Regular.ttf,https://fonts.gstatic.com/s/hammersmithone/v18/qWcyB624q4L_C4jGQ9IK0O_dFlnbshsks4MRXw.ttf,
Hanalei,Display,,INFO,tight,-1.54,9.7,13.4,5.4,0.712,0.837,95,90,2026-10-08-0604-1115,Hanalei-Regular.ttf,https://fonts.gstatic.com/s/hanalei/v24/E21n_dD8iufIjBRHXzgmVydREus.ttf,
Hanalei Fill,Display,,INFO,tight,-0.585,13.9,15.2,11.1,0.685,0.818,78,80,2026-10-08-0604-1115,HanaleiFill-Regular.ttf,https://fonts.gstatic.com/s/hanaleifill/v23/fC1mPYtObGbfyQznIaQzPQiMVwLBplm9aw.ttf,
Handjet,Display,,INFO,standard,0.155,15,,9.7,,,71,80,2026-10-08-0604-1115,"Handjet-VariableFont_ELGR,ELSH,wght.ttf",https://fonts.gstatic.com/s/handjet/v22/oY1e8eXHq7n1OnbQtu0dDtx0c4Q.ttf,
Handlee,Handwriting,,INFO,tight,-0.292,17.6,18.6,10.2,0.818,0.483,92,,2026-10-08-0604-1115,Handlee-Regular.ttf,https://fonts.gstatic.com/s/handlee/v20/-F6xfjBsISg9aMakDmr6oilJ3ik.ttf,
Hanken Grotesk,Sans Serif,,INFO,standard,0.011,12.8,12.4,5.9,0.859,0.868,87,80,2026-10-08-0604-1115,HankenGrotesk-VariableFont_wght.ttf,https://fonts.gstatic.com/s/hankengrotesk/v12/ieVn2YZDLWuGJpnzaiwFXS9tYupa7dGTCTs5.ttf,
Hanuman,Serif,Khmr,INFO,loose,0.267,16.1,19.1,8.5,0.819,0.839,81,,2026-10-08-0604-1115,Hanuman-VariableFont_wght.ttf,https://fonts.gstatic.com/s/hanuman/v24/VuJxdNvD15HhpJJBeKbXOIFneRo.ttf,
Happy Monkey,Display,,INFO,tight,-0.515,17.3,24,9.9,0.783,0.92,60,70,2026-10-08-0604-1115,HappyMonkey-Regular.ttf,https://fonts.gstatic.com/s/happymonkey/v15/K2F2fZZcl-9SXwl5F_C4R_OABwD2bWqVjw.ttf,
Harmattan,Sans Serif,Arab,INFO,loose,0.394,19.4,,11.3,,,32,,2026-10-08-0604-1115,Harmattan-Regular.ttf,https://fonts.gstatic.com/s/harmattan/v24/goksH6L2DkFvVvRp9XpTS0CjkP1Yog.ttf,
Headland One,Serif,,INFO,loose,0.267,33.5,,20.7,,,3,50,2026-10-08-0604-1115,HeadlandOne-Regular.ttf,https://fonts.gstatic.com/s/headlandone/v17/yYLu0hHR2vKnp89Tk1TCq3Tx0PlTeZ3mJA.ttf,
Hedvig Letters Sans,Sans Serif,,INFO,standard,-0.018,12.3,16.5,8.2,0.794,0.695,89,80,2026-10-08-0604-1115,HedvigLettersSans-Regular.ttf,https://fonts.gstatic.com/s/hedvigletterssans/v5/CHy_V_PfGVjobSBkihHWDT98RVp37w8jQJ1N3Twgi1w.ttf,
Hedvig Letters Serif,Serif,,INFO,tight,-0.211,13.9,17.1,8.3,0.788,0.787,93,90,2026-10-08-0604-1115,HedvigLettersSerif-Regular-VariableFont_opsz.ttf,https://fonts.gstatic.com/s/hedviglettersserif/v7/OD5cuN2I2mekHmyoU1Kj2AXOd5_7v7gIDk_3iBYVfsc4.ttf,
Heebo,Sans Serif,Hebr,INFO,standard,0.081,15.5,20,7.9,0.777,0.86,69,,2026-10-08-0604-1115,Heebo-VariableFont_wght.ttf,https://fonts.gstatic.com/s/heebo/v28/NGS6v5_NC0k9P-HxR7BDsbMB.ttf,
Henny Penny,Display,,WARN,tight,-0.379,40.7,47.1,20.3,0.647,0.733,5,50,2026-10-08-0604-1115,HennyPenny-Regular.ttf,https://fonts.gstatic.com/s/hennypenny/v18/wXKvE3UZookzsxz_kjGSfMQqt3M7tMDT.ttf,"WARN spacing/pairs: 61 pairs are spaced far from how Display fonts usually compare with the model (units per 1000 em, + looser): Qh -334, Qf -338, Qs -301, Qi -280, QI -399, Qb -296, Qr -255, Qa -276, Qz -253, Qp -260."
Hepta Slab,Serif,,INFO,standard,-0.146,18.6,21.2,9.4,0.837,0.658,56,70,2026-10-08-0604-1115,HeptaSlab-VariableFont_wght.ttf,https://fonts.gstatic.com/s/heptaslab/v25/ea8cadoyU_jkHdalebHv025vhVKUE3E.ttf,
Herr Von Muellerhoff,Handwriting,,INFO,tight,-6,107.7,100,112.3,-0.063,0.19,,,2026-10-08-0604-1115,HerrVonMuellerhoff-Regular.ttf,https://fonts.gstatic.com/s/herrvonmuellerhoff/v23/WBL6rFjRZkREW8WqmCWYLgCkQKXb4CAft3c6_qJY3QPQ.ttf,
Hi Melody,Handwriting,Kore,INFO,loose,0.38,22.1,,12.7,,,85,,2026-10-08-0604-1115,HiMelody-Regular.ttf,https://fonts.gstatic.com/s/himelody/v19/46ktlbP8Vnz0pJcqCTbEf29E31BBGA.ttf,
Hibur Mono,Monospace,Ethi,SKIP,,,,,,,,,,,HiburMono-Regular.ttf,https://fonts.gstatic.com/s/hiburmono/v3/R70fjyoFkv6fKPKNWxXXuCq-Uzv4V5Q.ttf,"SKIP spacing/monospaced: Skipped: every letter has the same advance width, so the spacing is set by the width, not by sidebearings and kerning."
Hina Mincho,Serif,Jpan,INFO,standard,-0.13,25,63.4,12.2,0.785,0.636,14,,2026-10-08-0604-1115,HinaMincho-Regular.ttf,https://fonts.gstatic.com/s/hinamincho/v16/2sDaZGBRhpXa2Jjz5w5LAGW8KbkVZTHR.ttf,
Hind,Sans Serif,Deva,INFO,standard,-0.044,18.7,,10.1,,,38,,2026-10-08-0604-1115,Hind-Regular.ttf,https://fonts.gstatic.com/s/hind/v18/5aU69_a8oxmIRG5yBROzkDM.ttf,
Hind Guntur,Sans Serif,Telu,INFO,standard,-0.044,18.7,,10.1,,,38,,2026-10-08-0604-1115,HindGuntur-Regular.ttf,https://fonts.gstatic.com/s/hindguntur/v14/wXKvE3UZrok56nvamSuJd8Qqt3M7tMDT.ttf,
Hind Madurai,Sans Serif,Taml,INFO,standard,-0.044,18.7,,10.1,,,38,,2026-10-08-0604-1115,HindMadurai-Regular.ttf,https://fonts.gstatic.com/s/hindmadurai/v13/f0Xx0e2p98ZvDXdZQIOcpqjn8Y0DceA0OQ.ttf,
Hind Mysuru,Sans Serif,Knda,INFO,standard,-0.04,18.9,,10.1,,,36,,2026-10-08-0604-1115,HindMysuru-Regular.ttf,https://fonts.gstatic.com/s/hindmysuru/v1/syk3-yB3k7wiAJ-U5l_li_LFjFGYLkjj.ttf,
Hind Siliguri,Sans Serif,Beng,INFO,standard,-0.044,18.7,,10.1,,,38,,2026-10-08-0604-1115,HindSiliguri-Regular.ttf,https://fonts.gstatic.com/s/hindsiliguri/v14/ijwTs5juQtsyLLR5jN4cxBEofJvQxuk0Nig.ttf,
Hind Vadodara,Sans Serif,Gujr,INFO,standard,-0.044,18.7,,10.1,,,38,,2026-10-08-0604-1115,HindVadodara-Regular.ttf,https://fonts.gstatic.com/s/hindvadodara/v16/neINzCKvrIcn5pbuuuriV9tTcJXfrXsfvSo.ttf,
Holtwood One SC,Serif,,INFO,loose,0.574,9.6,13.9,5.8,0.827,0.623,100,100,2026-10-08-0604-1115,HoltwoodOneSC-Regular.ttf,https://fonts.gstatic.com/s/holtwoodonesc/v23/yYLx0hLR0P-3vMFSk1TCq3Txg5B3cbb6LZttyg.ttf,
Homemade Apple,Handwriting,,INFO,tight,-6,90.9,,62.9,,,,,2026-10-08-0604-1115,HomemadeApple-Regular.ttf,https://fonts.gstatic.com/s/homemadeapple/v24/Qw3EZQFXECDrI2q789EKQZJob3x9Vnksi4M7.ttf,
Homenaje,Sans Serif,,INFO,loose,0.252,19.2,34.5,12,0.25,1,33,70,2026-10-08-0604-1115,Homenaje-Regular.ttf,https://fonts.gstatic.com/s/homenaje/v17/FwZY7-Q-xVAi_l-6Ld6A4sijpFu_.ttf,
Honk,Display,,INFO,tight,-6,0,,0,,,,,2026-10-08-0604-1115,"Honk-Regular-VariableFont_MORF,SHLN.ttf",https://fonts.gstatic.com/s/honk/v6/m8JdjftUea-X2z28WoXSaLU.ttf,
Host Grotesk,Sans Serif,Latn,INFO,tight,-0.168,24.9,22.4,17.7,0.785,0.624,9,60,2026-10-08-0604-1115,HostGrotesk-VariableFont_wght.ttf,https://fonts.gstatic.com/s/hostgrotesk/v5/co3BmWBnlCJ3U42vbbfdwMjpo1Ln4U3Qrw.ttf,
Hubballi,Sans Serif,Knda,INFO,loose,0.383,18.3,19.5,11,0.76,0.443,40,,2026-10-08-0604-1115,Hubballi-Regular.ttf,https://fonts.gstatic.com/s/hubballi/v10/o-0JIpUj3WIZ1RFN56B7yBBNYuSF.ttf,
Hubot Sans,Sans Serif,Latn,INFO,tight,-0.549,21.9,22.9,17.5,0.881,0.465,21,60,2026-10-08-0604-1115,"HubotSans-VariableFont_wdth,wght.ttf",https://fonts.gstatic.com/s/hubotsans/v5/pe0rMIiULYxOvxVLbVwhIteQB9Zra1U.ttf,
Huninn,Sans Serif,Hant,INFO,standard,-0.113,15.5,19.1,7.3,0.648,0.469,69,,2026-10-08-0604-1115,Huninn-Regular.ttf,https://fonts.gstatic.com/s/huninn/v9/OpNNnoINg9bQ4xkpjiHQjittXw.ttf,
Hurricane,Handwriting,,INFO,tight,-6,61.5,58.8,80.9,0.242,0.36,,,2026-10-08-0604-1115,Hurricane-Regular.ttf,https://fonts.gstatic.com/s/hurricane/v9/pe0sMIuULZxTolZ5YldyAv2-C99ycg.ttf,
Iansui,Handwriting,Hant,INFO,standard,0.143,27,34.1,16.2,0.764,0.804,72,,2026-10-08-0604-1115,Iansui-Regular.ttf,https://fonts.gstatic.com/s/iansui/v14/w8gbH2UoTuUp5bOajSGD1FcXoQ.ttf,
Ibarra Real Nova,Serif,,INFO,standard,0.163,20.4,21.8,11.9,0.745,0.799,40,70,2026-10-08-0604-1115,IbarraRealNova-VariableFont_wght.ttf,https://fonts.gstatic.com/s/ibarrarealnova/v30/sZlfdQiA-DBIDCcaWtQzL4BZHoiDoHxSENxuLuE.ttf,
IBM Plex Mono,Monospace,,SKIP,,,,,,,,,,,IBMPlexMono-Regular.ttf,https://fonts.gstatic.com/s/ibmplexmono/v20/-F63fjptAgt5VM-kVkqdyU8n5igg1l9kn-s.ttf,"SKIP spacing/monospaced: Skipped: every letter has the same advance width, so the spacing is set by the width, not by sidebearings and kerning."
IBM Plex Sans,Sans Serif,,INFO,standard,0.138,13.3,16.2,8.2,0.772,0.724,83,80,2026-10-08-0604-1115,"IBMPlexSans-VariableFont_wdth,wght.ttf",https://fonts.gstatic.com/s/ibmplexsans/v23/zYXgKVElMYYaJe8bpLHnCwDKtdbUFI5NadY.ttf,
IBM Plex Sans Arabic,Sans Serif,Arab,INFO,standard,0.136,13.3,16.2,8.2,0.774,0.729,83,,2026-10-08-0604-1115,IBMPlexSansArabic-Regular.ttf,https://fonts.gstatic.com/s/ibmplexsansarabic/v15/Qw3CZRtWPQCuHme67tEYUIx3Kh0PHR9N6bs61vSbfdlA.ttf,
IBM Plex Sans Condensed,Sans Serif,,INFO,standard,0.092,12.6,16.5,7.4,0.778,0.622,89,80,2026-10-08-0604-1115,IBMPlexSansCondensed-Regular.ttf,https://fonts.gstatic.com/s/ibmplexsanscondensed/v15/Gg8lN4UfRSqiPg7Jn2ZI12V4DCEwkj1E4LVeHbauwq_jhJsM.ttf,
IBM Plex Sans Devanagari,Sans Serif,Deva,INFO,standard,0.136,13.3,16.2,8.2,0.772,0.727,83,,2026-10-08-0604-1115,IBMPlexSansDevanagari-Regular.ttf,https://fonts.gstatic.com/s/ibmplexsansdevanagari/v12/XRXH3JCMvG4IDoS9SubXB6W-UX5iehIMBFR2-O__VUL0c83gCA.ttf,
IBM Plex Sans Hebrew,Sans Serif,Hebr,INFO,standard,0.136,13.3,16.2,8.2,0.772,0.727,83,,2026-10-08-0604-1115,IBMPlexSansHebrew-Regular.ttf,https://fonts.gstatic.com/s/ibmplexsanshebrew/v12/BCa2qYENg9Kw1mpLpO0bGM5lfHAAZHhDXH2l8Fk3rSaM.ttf,
IBM Plex Sans JP,Sans Serif,Jpan,INFO,standard,0.12,14.6,17.2,9,0.772,0.731,74,,2026-10-08-0604-1115,IBMPlexSansJP-Regular.ttf,https://fonts.gstatic.com/s/ibmplexsansjp/v8/Z9XNDn9KbTDf6_f7dISNqYf_tvPT1Cr4iNJ-pwc.ttf,
IBM Plex Sans KR,Sans Serif,Kore,INFO,standard,0.136,13.3,16.2,8.2,0.77,0.727,83,,2026-10-08-0604-1115,IBMPlexSansKR-Regular.ttf,https://fonts.gstatic.com/s/ibmplexsanskr/v11/vEFK2-VJISZe3O_rc3ZVYh4aTwNO8tK1W77HtMo.ttf,
IBM Plex Sans Thai,Sans Serif,Thai,INFO,standard,0.136,13.3,16.2,8.2,0.772,0.727,83,,2026-10-08-0604-1115,IBMPlexSansThai-Regular.ttf,https://fonts.gstatic.com/s/ibmplexsansthai/v11/m8JPje1VVIzcq1HzJq2AEdo2Tj_qvLq8DtwhZcNaUg.ttf,
IBM Plex Sans Thai Looped,Sans Serif,Thai,INFO,standard,0.136,13.3,16.2,8.2,0.772,0.727,83,,2026-10-08-0604-1115,IBMPlexSansThaiLooped-Regular.ttf,https://fonts.gstatic.com/s/ibmplexsansthailooped/v12/tss_AoJJRAhL3BTrK3r2xxbFhvKfyBB6l7hHT30LxBKAoFGoBCQ.ttf,
IBM Plex Serif,Serif,,INFO,loose,0.283,13,16.8,8.3,0.793,0.694,95,90,2026-10-08-0604-1115,IBMPlexSerif-Regular.ttf,https://fonts.gstatic.com/s/ibmplexserif/v20/jizDREVNn1dOx-zrZ2X3pZvkThUY0TY7ikbI.ttf,
Iceberg,Display,,INFO,loose,0.838,20.8,,14.1,,,41,70,2026-10-08-0604-1115,Iceberg-Regular.ttf,https://fonts.gstatic.com/s/iceberg/v26/8QIJdijAiM7o-qnZuIgOq7jkAOw.ttf,
Iceland,Display,,INFO,loose,0.582,18.4,,11.5,,,54,70,2026-10-08-0604-1115,Iceland-Regular.ttf,https://fonts.gstatic.com/s/iceland/v22/rax9HiuFsdMNOnWPWKxGADBbg0s.ttf,
Idiqlat,Serif,Syrc,INFO,loose,0.754,28,,17.8,,,7,,2026-10-08-0604-1115,Idiqlat-Regular.ttf,https://fonts.gstatic.com/s/idiqlat/v3/YA9Tr0ef50XNM6kiOCLhtikBr7g.ttf,
IM Fell Double Pica,Serif,,INFO,standard,0.128,21.1,20.3,12.3,0.78,0.821,34,70,2026-10-08-0604-1115,IMFellDoublePica-Regular.ttf,https://fonts.gstatic.com/s/imfelldoublepica/v14/3XF2EqMq_94s9PeKF7Fg4gOKINyMtZ8rT0S1UL5Ayp0.ttf,
IM Fell Double Pica SC,Serif,,INFO,loose,0.263,19.5,19.3,11.6,0.764,0.88,50,70,2026-10-08-0604-1115,IMFellDoublePicaSC-Regular.ttf,https://fonts.gstatic.com/s/imfelldoublepicasc/v21/neIazDmuiMkFo6zj_sHpQ8teNbWlwBB_hXjJ4Y0Eeru2dGg.ttf,
IM Fell DW Pica,Serif,,INFO,loose,0.294,17.2,16.9,11,0.777,0.874,71,80,2026-10-08-0604-1115,IMFellDWPica-Regular.ttf,https://fonts.gstatic.com/s/imfelldwpica/v16/2sDGZGRQotv9nbn2qSl0TxXVYNw9ZAPUvi88MQ.ttf,
IM Fell DW Pica SC,Serif,,INFO,loose,0.375,16.1,16.4,10.3,0.676,0.914,81,80,2026-10-08-0604-1115,IMFellDWPicaSC-Regular.ttf,https://fonts.gstatic.com/s/imfelldwpicasc/v21/0ybjGCAu5PfqkvtGVU15aBhXz3EUrnTW-BiKEUiBGA.ttf,
IM Fell English,Serif,,INFO,standard,0.06,19.2,16.3,11.9,0.729,0.911,53,70,2026-10-08-0604-1115,IMFellEnglish-Regular.ttf,https://fonts.gstatic.com/s/imfellenglish/v14/Ktk1ALSLW8zDe0rthJysWrnLsAz3F6mZVY9Y5w.ttf,
IM Fell English SC,Serif,,WARN,loose,0.19,19.7,17.2,12.9,0.628,0.947,47,60,2026-10-08-0604-1115,IMFellEnglishSC-Regular.ttf,https://fonts.gstatic.com/s/imfellenglishsc/v16/a8IENpD3CDX-4zrWfr1VY879qFF05pZLO4gOg0shzA.ttf,"WARN spacing/pairs: 16 pairs are spaced far from how Serif fonts usually compare with the model (units per 1000 em, + looser): Qm -480, Qs -382, Q( -547, QJ -771, Qj -676, Q; -607, qJ -574, q, -408, q; -407, Q, -625."
IM Fell French Canon,Serif,,INFO,standard,-0.195,21.7,19.6,14.1,0.887,0.864,32,70,2026-10-08-0604-1115,IMFellFrenchCanon-Regular.ttf,https://fonts.gstatic.com/s/imfellfrenchcanon/v21/-F6ufiNtDWYfYc-tDiyiw08rrghJszkK6coVPt1ozoPz.ttf,
IM Fell French Canon SC,Serif,,INFO,standard,-0.077,21.5,19.7,14.2,0.757,0.876,33,70,2026-10-08-0604-1115,IMFellFrenchCanonSC-Regular.ttf,https://fonts.gstatic.com/s/imfellfrenchcanonsc/v23/FBVmdCru5-ifcor2bgq9V89khWcmQghEURY7H3c0UBCVIVqH.ttf,
IM Fell Great Primer,Serif,,INFO,standard,0.073,19.3,17.6,11.6,0.726,0.912,53,70,2026-10-08-0604-1115,IMFellGreatPrimer-Regular.ttf,https://fonts.gstatic.com/s/imfellgreatprimer/v21/bx6aNwSJtayYxOkbYFsT6hMsLzX7u85rJorXvDo3SQY1.ttf,
IM Fell Great Primer SC,Serif,,INFO,loose,0.238,18.5,16.6,11.9,0.654,0.845,58,70,2026-10-08-0604-1115,IMFellGreatPrimerSC-Regular.ttf,https://fonts.gstatic.com/s/imfellgreatprimersc/v21/ga6daxBOxyt6sCqz3fjZCTFCTUDMHagsQKdDTLf9BXz0s8FG.ttf,
Imbue,Serif,,INFO,loose,0.516,13.7,21.3,7.7,0.493,0.573,94,90,2026-10-08-0604-1115,"Imbue-VariableFont_opsz,wght.ttf",https://fonts.gstatic.com/s/imbue/v29/RLpxK5P16Ki3fWJoxzUobkvv.ttf,
Imperial Script,Handwriting,,INFO,tight,-6,78.2,56.6,90,0.416,0.659,,,2026-10-08-0604-1115,ImperialScript-Regular.ttf,https://fonts.gstatic.com/s/imperialscript/v8/5DCPAKrpzy_H98IV2ISnZBbGrVNvPenlvttWNg.ttf,
Imprima,Sans Serif,,INFO,standard,-0.172,17.2,27.8,12.2,0.783,1,47,70,2026-10-08-0604-1115,Imprima-Regular.ttf,https://fonts.gstatic.com/s/imprima/v19/VEMxRoN7sY3yuy-7-oWHyDzktPo.ttf,
Inclusive Sans,Sans Serif,,INFO,standard,0.212,19.8,24.1,11.5,0.719,0.51,30,70,2026-10-08-0604-1115,InclusiveSans-VariableFont_wght.ttf,https://fonts.gstatic.com/s/inclusivesans/v5/0nkxC9biPuwflXcJ46P4PGWE0971owa2LB4i.ttf,
Inconsolata,Monospace,,SKIP,,,,,,,,,,,"Inconsolata-VariableFont_wdth,wght.ttf",https://fonts.gstatic.com/s/inconsolata/v37/QldKNThLqRwH-OJ1UHjlKFle7KlmxuHx.ttf,"SKIP spacing/monospaced: Skipped: every letter has the same advance width, so the spacing is set by the width, not by sidebearings and kerning."
Inder,Sans Serif,,INFO,standard,0.175,22.4,,14.3,,,17,60,2026-10-08-0604-1115,Inder-Regular.ttf,https://fonts.gstatic.com/s/inder/v15/w8gUH2YoQe8_4vq6pw-P3U4O.ttf,
Indie Flower,Handwriting,,INFO,tight,-0.56,26.9,,13.9,,,72,,2026-10-08-0604-1115,IndieFlower-Regular.ttf,https://fonts.gstatic.com/s/indieflower/v24/m8JVjfNVeKWVnh3QMuKkFcZlbkGG1dKEDw.ttf,
Ingrid Darling,Handwriting,,INFO,tight,-2.265,48.8,79.1,33,0.599,0.686,31,,2026-10-08-0604-1115,IngridDarling-Regular.ttf,https://fonts.gstatic.com/s/ingriddarling/v7/LDIrapaJNxUtSuFdw-9yf4rCPsLOub458jGL.ttf,
Inika,Serif,,INFO,standard,0.091,20.7,25.4,12.8,0.906,1,37,70,2026-10-08-0604-1115,Inika-Regular.ttf,https://fonts.gstatic.com/s/inika/v22/rnCm-x5X3QP-phTHRcc2s2XH.ttf,
Inknut Antiqua,Serif,Deva,INFO,loose,0.685,26.8,45.4,16.1,0.633,0.833,10,,2026-10-08-0604-1115,InknutAntiqua-Regular.ttf,https://fonts.gstatic.com/s/inknutantiqua/v16/Y4GSYax7VC4ot_qNB4nYpBdaKXUD6pzxRwYB.ttf,
Inria Sans,Sans Serif,,INFO,loose,0.347,16.2,16.1,11.7,0.751,0.722,59,70,2026-10-08-0604-1115,InriaSans-Regular.ttf,https://fonts.gstatic.com/s/inriasans/v15/ptRMTiqXYfZMCOiVj9kQ5O7yKQNute8.ttf,
Inria Serif,Serif,,INFO,loose,0.269,14.9,16.1,9.6,0.731,0.768,90,90,2026-10-08-0604-1115,InriaSerif-Regular.ttf,https://fonts.gstatic.com/s/inriaserif/v18/fC1lPYxPY3rXxEndZJAzN0SsfSzNr0Ck.ttf,
Inspiration,Handwriting,,INFO,tight,-6,66.6,75.7,52.1,0.654,0.556,,,2026-10-08-0604-1115,Inspiration-Regular.ttf,https://fonts.gstatic.com/s/inspiration/v7/x3dkckPPZa6L4wIg5cZOEvoGnSrlBBsy.ttf,
Instrument Sans,Sans Serif,,INFO,standard,-0.096,17.9,19.9,12.7,0.784,0.472,44,70,2026-10-08-0604-1115,"InstrumentSans-VariableFont_wdth,wght.ttf",https://fonts.gstatic.com/s/instrumentsans/v4/pxicypc9vsFDm051Uf6KVwgkfoSrSGNAom-wpw.ttf,
Instrument Serif,Serif,,INFO,standard,-0.067,19.7,28.6,10.3,0.641,0.564,47,70,2026-10-08-0604-1115,InstrumentSerif-Regular.ttf,https://fonts.gstatic.com/s/instrumentserif/v5/jizBRFtNs2ka5fXjeivQ4LroWlx-2zIZj1bIkNo.ttf,
Intel One Mono,Monospace,,SKIP,,,,,,,,,,,IntelOneMono-VariableFont_wght.ttf,https://fonts.gstatic.com/s/intelonemono/v2/P5sbzZuLY8Lb_G1RikFkwPjBvvk3D4tEBiLF.ttf,"SKIP spacing/monospaced: Skipped: every letter has the same advance width, so the spacing is set by the width, not by sidebearings and kerning."
Inter,Sans Serif,,INFO,standard,0.142,17.3,23.4,9.7,0.693,0.779,47,70,2026-10-08-0604-1115,"Inter-VariableFont_opsz,wght.ttf",https://fonts.gstatic.com/s/inter/v20/UcCo3FwrK3iLTfvlaQc78lA2.ttf,
Inter Tight,Sans Serif,,INFO,tight,-0.466,17.2,21.6,9.7,0.665,0.891,47,70,2026-10-08-0604-1115,InterTight-VariableFont_wght.ttf,https://fonts.gstatic.com/s/intertight/v9/NGSwv5HMAFg6IuGlBNMjxIsA-6lMQHe9.ttf,
Iosevka Charon,Monospace,,INFO,loose,0.782,34.9,,21.2,,,13,60,2026-10-08-0604-1115,IosevkaCharon-Regular.ttf,https://fonts.gstatic.com/s/iosevkacharon/v1/f0Xv0e-o8dtuW1FZBLWGprOon4cHU-UkOYQC.ttf,
Iosevka Charon Mono,Monospace,,SKIP,,,,,,,,,,,IosevkaCharonMono-Regular.ttf,https://fonts.gstatic.com/s/iosevkacharonmono/v1/ZXu6e00asreaO3wM1TYAhasEUi4e1q2vhex9YbLsZ_A.ttf,"SKIP spacing/monospaced: Skipped: every letter has the same advance width, so the spacing is set by the width, not by sidebearings and kerning."
Irish Grover,Display,,WARN,tight,-1.982,50.3,36.3,34.5,0.503,0.781,2,40,2026-10-08-0604-1115,IrishGrover-Regular.ttf,https://fonts.gstatic.com/s/irishgrover/v23/buExpoi6YtLz2QW7LA4flVgf-P5Oaiw4cw.ttf,"WARN spacing/tightness: Overall tightness: Looseness -1.98 is at the 2nd percentile of Display fonts (median +0.04, robust z -3.7). | WARN spacing/evenness: Shape error 50.3 units per 1000 em (gaps that depart from even spacing of these shapes): 98th percentile of Display fonts (median 19.4, robust z +4.2). | WARN spacing/glyph-sides: 8 glyph sides are spaced far from the norms of Display fonts (units per 1000 em against their median): w right -100, Y right -166, X right -107, Y left -124, K right -107, W right -101, t left -75, x left -79. | WARN spacing/pairs: 40 pairs are spaced far from how Display fonts usually compare with the model (units per 1000 em, + looser): YE -222, YH -208, aj -263, YP -207, kj -343, YM -187, YR -196, YD -194, YB -190, wt -201."
Island Moments,Handwriting,,INFO,tight,-6,52.4,18.1,40.7,0.092,0.667,,,2026-10-08-0604-1115,IslandMoments-Regular.ttf,https://fonts.gstatic.com/s/islandmoments/v8/NaPBcZfVGvBdxIt7Ar0qzkXJF-TGIohbZ6SY.ttf,
Isometra,Serif,,WARN,loose,1.025,27.3,64.5,8.8,0.746,0.8,9,60,2026-10-08-0604-1115,Isometra-Regular.ttf,https://fonts.gstatic.com/s/isometra/v3/Gg82N5ofdAjvCxbehmYbnA8DLXpe.ttf,"WARN spacing/tightness: Overall tightness: Looseness +1.02 is at the 100th percentile of Serif fonts (median +0.14, robust z +4.1). | WARN spacing/pairs: 20 pairs are spaced far from how Serif fonts usually compare with the model (units per 1000 em, + looser): FV -309, AS -190, AA -338, Fw -217, Fv -218, QA -275, rj -135, vj -180, Gv -149, pa -110."
Istok Web,Sans Serif,,INFO,standard,0.028,19.4,35.5,10.7,0.815,0.932,32,70,2026-10-08-0604-1115,IstokWeb-Regular.ttf,https://fonts.gstatic.com/s/istokweb/v26/3qTvojGmgSyUukBzKslZAWF-9kIIaQ.ttf,
Italiana,Sans Serif,,WARN,tight,-0.414,34.2,29.2,23.3,0.505,0.414,2,40,2026-10-08-0604-1115,Italiana-Regular.ttf,https://fonts.gstatic.com/s/italiana/v21/QldNNTtLsx4E__B0XTmRY31Wx7Vv.ttf,"WARN spacing/evenness: Shape error 34.2 units per 1000 em (gaps that depart from even spacing of these shapes): 98th percentile of Sans Serif fonts (median 17.0, robust z +3.9)."
Italianno,Handwriting,,INFO,tight,-6,72.6,70.8,65.1,,1,,,2026-10-08-0604-1115,Italianno-Regular.ttf,https://fonts.gstatic.com/s/italianno/v18/dg4n_p3sv6gCJkwzT6Rnj5YpQwM-gg.ttf,
Itim,Handwriting,Thai,INFO,loose,0.511,15.2,16.2,9.3,0.873,0.799,94,,2026-10-08-0604-1115,Itim-Regular.ttf,https://fonts.gstatic.com/s/itim/v16/0nknC9ziJOYewARKkc7ZdwU.ttf,
Jacquard 12,Display,,INFO,loose,0.36,15.6,27.5,25.9,-0,1,68,80,2026-10-08-0604-1115,Jacquard12-Regular.ttf,https://fonts.gstatic.com/s/jacquard12/v8/vm8ydRLuXETEweL79J4rGc3JUnr34c9-.ttf,
Jacquard 12 Charted,Display,,INFO,tight,-6,4.3,45.4,10.8,0,0,,,2026-10-08-0604-1115,Jacquard12Charted-Regular.ttf,https://fonts.gstatic.com/s/jacquard12charted/v4/i7dWIE97bzCOB9Q_Up6PQmYfKDPIb2HwT3StZ9jetKY.ttf,
Jacquard 24,Display,,INFO,loose,0.314,14.6,9.5,8.2,0.203,1,74,80,2026-10-08-0604-1115,Jacquard24-Regular.ttf,https://fonts.gstatic.com/s/jacquard24/v4/jVyO7nf_B2zO5jVpUGU8lgQEdchf9xXp.ttf,
Jacquard 24 Charted,Display,,INFO,tight,-6,0.3,24.8,5.6,0.168,0,,,2026-10-08-0604-1115,Jacquard24Charted-Regular.ttf,https://fonts.gstatic.com/s/jacquard24charted/v5/mtGm4-dNK6HaudrE9VVKhENTsEXEYish0iRrMYJ_K-4.ttf,
Jacquarda Bastarda 9,Display,,WARN,standard,0.084,26.6,14.9,39.9,,1,19,60,2026-10-08-0604-1115,JacquardaBastarda9-Regular.ttf,https://fonts.gstatic.com/s/jacquardabastarda9/v6/f0Xp0fWr_8t6WFtKQJfOhaC0hcZ1HYAMAbwD1TB_JHHY.ttf,"WARN spacing/glyph-sides: 5 glyph sides are spaced far from the norms of Display fonts (units per 1000 em against their median): Z left +116, M right -92, S right -62, D right -67, J right -72."
Jacquarda Bastarda 9 Charted,Display,,INFO,tight,-6,0.7,76.6,18,,0,,,2026-10-08-0604-1115,JacquardaBastarda9Charted-Regular.ttf,https://fonts.gstatic.com/s/jacquardabastarda9charted/v4/Yq6D-KaMUyfq4qLgx19A_ocp43FeLd9m0vDxm-yf8JPuf0cPaL8pmQg.ttf,
Jacques Francois,Serif,,INFO,loose,0.431,23.2,,15.4,,,21,60,2026-10-08-0604-1115,JacquesFrancois-Regular.ttf,https://fonts.gstatic.com/s/jacquesfrancois/v26/ZXu9e04ZvKeOOHIe1TMahbcIU2cgmcPqoeRWfbs.ttf,
Jacques Francois Shadow,Display,,INFO,tight,-0.307,25.8,,12.6,,,20,60,2026-10-08-0604-1115,JacquesFrancoisShadow-Regular.ttf,https://fonts.gstatic.com/s/jacquesfrancoisshadow/v27/KR1FBtOz8PKTMk-kqdkLVrvR0ECFrB6Pin-2_q8VsHuV5ULS.ttf,
Jaini,Display,Deva,INFO,standard,0.071,19.6,21,14.5,0.672,0.391,49,,2026-10-08-0604-1115,Jaini-Regular.ttf,https://fonts.gstatic.com/s/jaini/v1/fC1vPYJMbGHQzEmOK-ZSUHyt.ttf,
Jaini Purva,Display,Deva,INFO,standard,0.071,19.7,21.1,14.5,0.672,0.391,49,,2026-10-08-0604-1115,JainiPurva-Regular.ttf,https://fonts.gstatic.com/s/jainipurva/v1/CHynV-vdHVXwbWcUswbUGHoOHH4sj3lR.ttf,
Jaldi,Sans Serif,Deva,INFO,standard,0.085,14.6,20.3,9.4,0.775,0.837,74,,2026-10-08-0604-1115,Jaldi-Regular.ttf,https://fonts.gstatic.com/s/jaldi/v14/or3sQ67z0_CI30NUZpD_B6g8.ttf,
Jaro,Sans Serif,,WARN,loose,1.37,16.1,,10.3,,,61,70,2026-10-08-0604-1115,Jaro-Regular-VariableFont_opsz.ttf,https://fonts.gstatic.com/s/jaro/v8/ea8WadQwV_r_XPbcEdiM628.ttf,"WARN spacing/tightness: Overall tightness: Looseness +1.37 is at the 99th percentile of Sans Serif fonts (median +0.03, robust z +4.5). | WARN spacing/instances: 1 location of the designspace is spaced far from the norms or from its neighbours: Regular (spacing jumps against its neighbours)."
Jersey 10,Display,,INFO,standard,-0.135,11.2,,27.7,,,91,90,2026-10-08-0604-1115,Jersey10-Regular.ttf,https://fonts.gstatic.com/s/jersey10/v4/GftH7vZKsggXMf9n_J5X-JLgy1wtSw.ttf,
Jersey 10 Charted,Display,,INFO,tight,-6,0,,13.4,,,,,2026-10-08-0604-1115,Jersey10Charted-Regular.ttf,https://fonts.gstatic.com/s/jersey10charted/v4/oY1E8fPFr6XiNWqEp90XSbwUGfF8SnedKmeBvEYs.ttf,
Jersey 15,Display,,INFO,loose,0.409,12.4,,7.4,,,88,80,2026-10-08-0604-1115,Jersey15-Regular.ttf,https://fonts.gstatic.com/s/jersey15/v4/_6_9EDzuROGsUuk2TWjSYoohsCkvSQ.ttf,
Jersey 15 Charted,Display,,INFO,tight,-6,0,,8.3,,,,,2026-10-08-0604-1115,Jersey15Charted-Regular.ttf,https://fonts.gstatic.com/s/jersey15charted/v4/nuFjD-rCQIjoVp1Sva2ToCTudGbLeRv4r2024gxi.ttf,
Jersey 20,Display,,INFO,loose,0.705,12.4,,15.4,,,88,80,2026-10-08-0604-1115,Jersey20-Regular.ttf,https://fonts.gstatic.com/s/jersey20/v4/ZgNRjP1ON6jeW4D12z3crE_qP4mXuQ.ttf,
Jersey 20 Charted,Display,,INFO,tight,-6,0,,7.3,,,,,2026-10-08-0604-1115,Jersey20Charted-Regular.ttf,https://fonts.gstatic.com/s/jersey20charted/v4/JTUNjJMy9DKq5FzVaj9tpgYgvHqGn_Z1ji-rqnQ_.ttf,
Jersey 25,Display,,INFO,loose,0.677,14.7,,8.7,,,73,80,2026-10-08-0604-1115,Jersey25-Regular.ttf,https://fonts.gstatic.com/s/jersey25/v4/ll8-K2eeXj2tAs6F9BXIJ4AMng8ChA.ttf,
Jersey 25 Charted,Display,,INFO,tight,-6,0,,6,,,,,2026-10-08-0604-1115,Jersey25Charted-Regular.ttf,https://fonts.gstatic.com/s/jersey25charted/v3/6NUM8EWHIhCWbxOqtLkv94Rlu6EkGv2uUGQW93Cg.ttf,
JetBrains Mono,Monospace,,SKIP,,,,,,,,,,,JetBrainsMono-VariableFont_wght.ttf,https://fonts.gstatic.com/s/jetbrainsmono/v24/tDbV2o-flEEny0FZhsfKu5WU4yD8MQCPTFrV.ttf,"SKIP spacing/monospaced: Skipped: every letter has the same advance width, so the spacing is set by the width, not by sidebearings and kerning."
Jim Nightshade,Handwriting,,INFO,standard,-0.096,21.3,27.3,39.4,0.543,0.812,87,,2026-10-08-0604-1115,JimNightshade-Regular.ttf,https://fonts.gstatic.com/s/jimnightshade/v21/PlIkFlu9Pb08Q8HLM1PxmB0g-OS4V3qKaMxD.ttf,
Joan,Serif,,INFO,loose,0.453,23,25.8,14.9,0.747,0.555,23,60,2026-10-08-0604-1115,Joan-Regular.ttf,https://fonts.gstatic.com/s/joan/v12/ZXupe1oZsqWRbRdH8X1p_Ng.ttf,
Jockey One,Sans Serif,,INFO,loose,0.36,9.4,14.8,4.8,0.772,0.64,98,90,2026-10-08-0604-1115,JockeyOne-Regular.ttf,https://fonts.gstatic.com/s/jockeyone/v23/HTxpL2g2KjCFj4x8WI6ArIb7HYOk4xc.ttf,
Jolly Lodger,Display,,INFO,standard,-0.669,20.4,,15.4,,,45,70,2026-10-08-0604-1115,JollyLodger-Regular.ttf,https://fonts.gstatic.com/s/jollylodger/v21/BXRsvFTAh_bGkA1uQ48dlB3VWerT3ZyuqA.ttf,
Jomhuria,Display,Arab,INFO,tight,-0.71,11.3,96.2,7,,0,90,,2026-10-08-0604-1115,Jomhuria-Regular.ttf,https://fonts.gstatic.com/s/jomhuria/v23/Dxxp8j-TMXf-llKur2b1MOGbC3Dh.ttf,
Jomolhari,Serif,Tibt,INFO,standard,0.085,22.6,,12.6,,,25,,2026-10-08-0604-1115,Jomolhari-Regular.ttf,https://fonts.gstatic.com/s/jomolhari/v21/EvONzA1M1Iw_CBd2hsQCF1IZKq5INg.ttf,
Josefin Sans,Sans Serif,,INFO,loose,0.377,22,23.8,13.1,0.849,0.885,20,60,2026-10-08-0604-1115,JosefinSans-VariableFont_wght.ttf,https://fonts.gstatic.com/s/josefinsans/v34/Qw3aZQNVED7rKGKxtqIqX5EkCnZ5dHw8iw.ttf,
Josefin Slab,Serif,,INFO,standard,0.163,27.7,28.2,16.2,0.784,0.618,8,60,2026-10-08-0604-1115,JosefinSlab-VariableFont_wght.ttf,https://fonts.gstatic.com/s/josefinslab/v29/lW-5wjwOK3Ps5GSJlNNkMalXrQSuJsv4Pw.ttf,
Jost,Sans Serif,,INFO,standard,0.173,23.5,27.7,15,0.796,0.802,13,60,2026-10-08-0604-1115,Jost-VariableFont_wght.ttf,https://fonts.gstatic.com/s/jost/v20/92zatBhPNqw77oPX4xYlbxM.ttf,
Joti One,Display,,INFO,loose,1.104,24.3,39.3,18.2,0.338,1,26,70,2026-10-08-0604-1115,JotiOne-Regular.ttf,https://fonts.gstatic.com/s/jotione/v28/Z9XVDmdJQAmWm9TwaYTe4u2El6GC.ttf,
Jua,Sans Serif,Kore,INFO,loose,0.564,26.4,26.2,15.1,0.774,0.503,7,,2026-10-08-0604-1115,Jua-Regular.ttf,https://fonts.gstatic.com/s/jua/v18/co3KmW9ljjAjc-DZCsKgsg.ttf,
Judson,Serif,,INFO,standard,0.03,12.6,13.2,8.9,0.758,0.798,98,90,2026-10-08-0604-1115,Judson-Regular.ttf,https://fonts.gstatic.com/s/judson/v20/FeVRS0Fbvbc14VxRD7N01bV7kg.ttf,
Julee,Handwriting,,INFO,loose,0.208,20.5,40.2,16.1,0.569,0.986,88,,2026-10-08-0604-1115,Julee-Regular.ttf,https://fonts.gstatic.com/s/julee/v26/TuGfUVB3RpZPQ6ZLodgzydtk.ttf,
Julius Sans One,Sans Serif,,WARN,standard,-0.121,33.4,38.7,22.2,0.843,0.924,2,40,2026-10-08-0604-1115,JuliusSansOne-Regular.ttf,https://fonts.gstatic.com/s/juliussansone/v20/1Pt2g8TAX_SGgBGUi0tGOYEga5W-xXEW6aGXHw.ttf,"WARN spacing/evenness: Shape error 33.4 units per 1000 em (gaps that depart from even spacing of these shapes): 98th percentile of Sans Serif fonts (median 17.0, robust z +3.7)."
Junge,Serif,,INFO,standard,0.093,24.7,,17,,,16,60,2026-10-08-0604-1115,Junge-Regular.ttf,https://fonts.gstatic.com/s/junge/v26/gokgH670Gl1lUqAdvhB7SnKm.ttf,
Jura,Sans Serif,,INFO,standard,-0.18,16.8,23.4,9.4,0.835,0.649,52,70,2026-10-08-0604-1115,Jura-VariableFont_wght.ttf,https://fonts.gstatic.com/s/jura/v34/z7NbdRfiaC4VbcNDUCRDzJ0.ttf,
Just Another Hand,Handwriting,,INFO,tight,-0.478,14.9,15.7,9.6,0.4,0.426,95,,2026-10-08-0604-1115,JustAnotherHand-Regular.ttf,https://fonts.gstatic.com/s/justanotherhand/v21/845CNN4-AJyIGvIou-6yJKyptyOpOcr_BmmlS5aw.ttf,
Just Me Again Down Here,Handwriting,,INFO,loose,0.387,23.6,,13.6,,,79,,2026-10-08-0604-1115,JustMeAgainDownHere-Regular.ttf,https://fonts.gstatic.com/s/justmeagaindownhere/v25/MwQmbgXtz-Wc6RUEGNMc0QpRrfUh2hSdBBMoAuwHvqDwc_fg.ttf,
K2D,Sans Serif,Thai,INFO,standard,0.026,24,23.5,16.2,0.689,0.521,12,,2026-10-08-0604-1115,K2D-Regular.ttf,https://fonts.gstatic.com/s/k2d/v13/J7aTnpF2V0ETd68tnLcg7w.ttf,
Kablammo,Display,,INFO,standard,-0.221,14.5,15,10.8,0.732,0.502,75,80,2026-10-08-0604-1115,Kablammo-Regular-VariableFont_MORF.ttf,https://fonts.gstatic.com/s/kablammo/v4/bWt77fHPcgrhC-J3ld_qU8Z0WH5p.ttf,
Kadwa,Serif,Deva,INFO,loose,0.348,18.4,32.1,11.4,0.427,0.578,59,,2026-10-08-0604-1115,Kadwa-Regular.ttf,https://fonts.gstatic.com/s/kadwa/v15/rnCm-x5V0g7iphTHRcc2s2XH.ttf,
Kaisei Decol,Serif,Jpan,INFO,standard,0.16,33,,20.5,,,4,,2026-10-08-0604-1115,KaiseiDecol-Regular.ttf,https://fonts.gstatic.com/s/kaiseidecol/v12/bMrwmSqP45sidWf3QmfFW6iyW1EP22OjoA.ttf,
Kaisei HarunoUmi,Serif,Jpan,INFO,standard,0.16,33,,20.5,,,4,,2026-10-08-0604-1115,KaiseiHarunoUmi-Regular.ttf,https://fonts.gstatic.com/s/kaiseiharunoumi/v12/HI_RiZQSLqBQoAHhK_C6N_nzy_jcGsv5sM8u3mk.ttf,
Kaisei Opti,Serif,Jpan,INFO,standard,0.16,33,,20.5,,,4,,2026-10-08-0604-1115,KaiseiOpti-Regular.ttf,https://fonts.gstatic.com/s/kaiseiopti/v12/QldKNThJphYb8_g6c2nlIFle7KlmxuHx.ttf,
Kaisei Tokumin,Serif,Jpan,INFO,standard,0.16,33,,20.5,,,4,,2026-10-08-0604-1115,KaiseiTokumin-Regular.ttf,https://fonts.gstatic.com/s/kaiseitokumin/v12/Gg8sN5wdZg7xCwuMsylww2ZiQkJf1l0pj946.ttf,
Kalam,Handwriting,Deva,INFO,loose,0.252,27.3,,20.9,,,71,,2026-10-08-0604-1115,Kalam-Regular.ttf,https://fonts.gstatic.com/s/kalam/v18/YA9dr0Wd4kDdMuhWMibDszkB.ttf,
Kalnia,Serif,,WARN,tight,-0.261,24,21.4,13.8,0.784,0.755,17,60,2026-10-08-0604-1115,"Kalnia-VariableFont_wdth,wght.ttf",https://fonts.gstatic.com/s/kalnia/v6/11hAGpPCwUbbYwZDNGatWKaZ3g.ttf,WARN spacing/instances: 1 location of the designspace is spaced far from the norms or from its neighbours: wdth 125 (max) (shape error 39.1).
Kalnia Glaze,Display,,WARN,tight,-0.826,28.6,24.4,18.8,0.773,0.755,15,60,2026-10-08-0604-1115,"KalniaGlaze-VariableFont_wdth,wght.ttf",https://fonts.gstatic.com/s/kalniaglaze/v5/wlp2gwHCBUNjrGrfu-hwowNvaAJSA_JN3Q.ttf,WARN spacing/instances: 1 location of the designspace is spaced far from the norms or from its neighbours: wdth 125 (max) (shape error 48.2).
Kameron,Serif,,INFO,standard,-0.136,17,22.7,9.8,0.708,0.817,73,80,2026-10-08-0604-1115,Kameron-VariableFont_wght.ttf,https://fonts.gstatic.com/s/kameron/v18/vm82dR7vXErQxuznsL4wL-XIYH8.ttf,
Kanchenjunga,Sans Serif,Krai,INFO,loose,0.399,25.3,,14.8,,,9,,2026-10-08-0604-1115,Kanchenjunga-Regular.ttf,https://fonts.gstatic.com/s/kanchenjunga/v2/RWmPoKKd5fUmrILiWsjCI6TiqYsGBGBzCw.ttf,
Kanit,Sans Serif,Thai,INFO,standard,0.013,18.9,16.2,12.5,0.725,0.509,36,,2026-10-08-0604-1115,Kanit-Regular.ttf,https://fonts.gstatic.com/s/kanit/v17/nKKZ-Go6G5tXcoaSEQGodLxA.ttf,
Kantumruy Pro,Sans Serif,Khmr,INFO,standard,0.21,14.2,18.8,8.8,0.77,0.612,77,,2026-10-08-0604-1115,KantumruyPro-VariableFont_wght.ttf,https://fonts.gstatic.com/s/kantumruypro/v12/1q2AY5aECkp34vEBSPFOmJxwpETLeo2gm2U.ttf,
Kapakana,Handwriting,Hira,INFO,tight,-6,87.8,,70,,,,,2026-10-08-0604-1115,Kapakana-VariableFont_wght.ttf,https://fonts.gstatic.com/s/kapakana/v19/sykw-yN0m6InS7OD9AqX1NbNp02R.ttf,
Karantina,Display,Hebr,INFO,standard,-0.154,8.5,6.9,5.2,0.695,0.12,99,,2026-10-08-0604-1115,Karantina-Regular.ttf,https://fonts.gstatic.com/s/karantina/v13/buE0po24ccnh31GVMABJ8AA78NVSYw.ttf,
Karla,Sans Serif,,INFO,loose,0.38,24.3,28.6,16.9,0.706,0.935,11,60,2026-10-08-0604-1115,Karla-VariableFont_wght.ttf,https://fonts.gstatic.com/s/karla/v33/qkBbXvYC6trAT4RSJN225aZO.ttf,
Karla Tamil Inclined,Sans Serif,Taml,SKIP,,,,,,,,,,,,,SKIP spacing/not-latin: Skipped: the family has no Latin subset (tamil). The check covers fonts with the basic Latin alphabet.
Karla Tamil Upright,Sans Serif,Taml,SKIP,,,,,,,,,,,,,SKIP spacing/not-latin: Skipped: the family has no Latin subset (tamil). The check covers fonts with the basic Latin alphabet.
Karma,Serif,Deva,INFO,standard,-0.029,18.3,,11,,,61,,2026-10-08-0604-1115,Karma-Regular.ttf,https://fonts.gstatic.com/s/karma/v18/va9I4kzAzMZRGIBvS-J3kbDP.ttf,
Katibeh,Display,Arab,INFO,standard,-0.031,12.6,19.6,7.9,0.934,0.886,86,,2026-10-08-0604-1115,Katibeh-Regular.ttf,https://fonts.gstatic.com/s/katibeh/v22/ZGjXol5MQJog4bxDaC1RVDNdGDs.ttf,
Kaushan Script,Handwriting,,WARN,tight,-1.319,41.3,48.6,102.9,0.31,0.748,45,,2026-10-08-0604-1115,KaushanScript-Regular.ttf,https://fonts.gstatic.com/s/kaushanscript/v19/vm8vdRfvXFLG3OLnsO15WYS5DF7_ytN3M48a.ttf,"WARN spacing/glyph-sides: 3 glyph sides are spaced far from the norms of Handwriting fonts (units per 1000 em against their median): ’ right -190, q left +84, V left +209."
Kavivanar,Handwriting,Taml,INFO,tight,-0.449,31.7,38.2,28.6,0.556,0.838,61,,2026-10-08-0604-1115,Kavivanar-Regular.ttf,https://fonts.gstatic.com/s/kavivanar/v22/o-0IIpQgyXYSwhxP7_Jb4j5Ba_2c7A.ttf,
Kavoon,Display,,INFO,loose,0.336,21.6,,14.4,,,39,70,2026-10-08-0604-1115,Kavoon-Regular.ttf,https://fonts.gstatic.com/s/kavoon/v25/pxiFyp4_scRYhlU4NLr6f1pdEQ.ttf,
Kay Pho Du,Serif,Kali,INFO,loose,0.349,17.9,,9.9,,,64,,2026-10-08-0604-1115,KayPhoDu-Regular.ttf,https://fonts.gstatic.com/s/kayphodu/v2/jizfREFPvGNOx-jhPwHR4OmnLD0Z4zM.ttf,
Kdam Thmor Pro,Sans Serif,Khmr,INFO,standard,-0.159,14.9,23,8.5,0.879,0.5,72,,2026-10-08-0604-1115,KdamThmorPro-Regular.ttf,https://fonts.gstatic.com/s/kdamthmorpro/v7/EJRPQgAzVdcI-Qdvt34jzurnGA7_j89I8ZWb.ttf,
Keania One,Display,,INFO,loose,0.74,9.3,27,5,0.824,0.867,96,90,2026-10-08-0604-1115,KeaniaOne-Regular.ttf,https://fonts.gstatic.com/s/keaniaone/v26/zOL54pXJk65E8pXardnuycRuv-hHkOs.ttf,
Kedebideri,Sans Serif,,INFO,standard,0.18,26.3,112.4,14.8,,0,8,60,2026-10-08-0604-1115,Kedebideri-Regular.ttf,https://fonts.gstatic.com/s/kedebideri/v6/t5tlIR0UPo6ZGAykNh_ejKbCyTHuspo.ttf,
Kelly Slab,Display,,INFO,loose,0.644,24,52.6,13.4,0.696,0.663,27,70,2026-10-08-0604-1115,KellySlab-Regular.ttf,https://fonts.gstatic.com/s/kellyslab/v18/-W_7XJX0Rz3cxUnJC5t6TkMBf50kbiM.ttf,
Kenia,Display,,INFO,loose,1.189,12.5,30.3,6.7,0.893,0.226,87,80,2026-10-08-0604-1115,Kenia-Regular.ttf,https://fonts.gstatic.com/s/kenia/v30/jizURE5PuHQH9qCONUGswfGM.ttf,
Khand,Sans Serif,Deva,INFO,standard,0.207,15.8,,10.3,,,64,,2026-10-08-0604-1115,Khand-Regular.ttf,https://fonts.gstatic.com/s/khand/v22/TwMA-IINQlQQ0YpVWHU_TBqO.ttf,
Khmer,Sans Serif,Khmr,SKIP,,,,,,,,,,,,,SKIP spacing/not-latin: Skipped: the family has no Latin subset (khmer). The check covers fonts with the basic Latin alphabet.
Khula,Sans Serif,Deva,INFO,standard,-0.017,16.6,26.9,9.9,0.36,0.836,55,,2026-10-08-0604-1115,Khula-Regular.ttf,https://fonts.gstatic.com/s/khula/v17/OpNCnoEOns3V7FcJpA_chzJ0.ttf,
Kings,Handwriting,,INFO,tight,-6,60,82.5,46,0.231,0.952,,,2026-10-08-0604-1115,Kings-Regular.ttf,https://fonts.gstatic.com/s/kings/v9/8AtnGsK4O5CYXU_Iq6GSPaHS.ttf,
Kirang Haerang,Display,Kore,INFO,standard,0.2,21,,10.6,,,41,,2026-10-08-0604-1115,KirangHaerang-Regular.ttf,https://fonts.gstatic.com/s/kiranghaerang/v22/E21-_dn_gvvIjhYON1lpIU4-bcqvWPaJq4no.ttf,
Kite One,Sans Serif,,WARN,standard,-0.234,30.8,38.2,19.2,0.766,1,3,50,2026-10-08-0604-1115,KiteOne-Regular.ttf,https://fonts.gstatic.com/s/kiteone/v23/70lQu7shLnA_E02vyq1b6HnGO4uA.ttf,"WARN spacing/pairs: 19 pairs are spaced far from how Sans Serif fonts usually compare with the model (units per 1000 em, + looser): qf -131, zj -151, kj -168, Lj -193, kf -137, ej -124, :j -133, cj -128, Zj -147, uj -136."
Kiwi Maru,Serif,Jpan,INFO,loose,0.326,22,37.2,11.5,0.772,0.644,29,,2026-10-08-0604-1115,KiwiMaru-Regular.ttf,https://fonts.gstatic.com/s/kiwimaru/v21/R70YjykGkuuDep-hRg6YmACQXzLhTg.ttf,
Klee One,Handwriting,Jpan,INFO,standard,0.064,27.8,37,16.4,0.757,0.868,70,,2026-10-08-0604-1115,KleeOne-Regular.ttf,https://fonts.gstatic.com/s/kleeone/v14/LDIxapCLNRc6A8oT4q4AOeekWPrP.ttf,
Knewave,Display,,INFO,tight,-6,33.2,93,37.2,0.227,0.75,,,2026-10-08-0604-1115,Knewave-Regular.ttf,https://fonts.gstatic.com/s/knewave/v15/sykz-yx0lLcxQaSItSq9-trEvlQ.ttf,
Kodchasan,Sans Serif,Thai,INFO,tight,-0.427,26.6,22.2,19,0.705,0.55,7,,2026-10-08-0604-1115,Kodchasan-Regular.ttf,https://fonts.gstatic.com/s/kodchasan/v20/1cXxaUPOAJv9sG4I-DJmj3uEicG01A.ttf,
Kode Mono,Monospace,,SKIP,,,,,,,,,,,KodeMono-VariableFont_wght.ttf,https://fonts.gstatic.com/s/kodemono/v4/A2BYn5pb0QgtVEPFnlY-mojxW5KJuQ.ttf,"SKIP spacing/monospaced: Skipped: every letter has the same advance width, so the spacing is set by the width, not by sidebearings and kerning."
Koh Santepheap,Serif,Khmr,INFO,loose,0.234,15.8,,9.6,,,86,,2026-10-08-0604-1115,KohSantepheap-Regular.ttf,https://fonts.gstatic.com/s/kohsantepheap/v15/gNMdW3p6SJbwyGj2rBZyeOrTjOPhF1ixsyNJ.ttf,
KoHo,Sans Serif,Thai,INFO,standard,-0.147,17.6,19.3,9.9,0.78,0.425,45,,2026-10-08-0604-1115,KoHo-Regular.ttf,https://fonts.gstatic.com/s/koho/v18/K2F-fZ5fmddNBikefJbSOos.ttf,
Kolker Brush,Handwriting,,INFO,tight,-6,58.7,42.3,67.2,0.668,0.956,,,2026-10-08-0604-1115,KolkerBrush-Regular.ttf,https://fonts.gstatic.com/s/kolkerbrush/v8/iJWDBXWRZjfKWdvmzwvvog3-7KJ6x8qNUQ.ttf,
Konkhmer Sleokchher,Display,Khmr,INFO,loose,0.599,22,,11.7,,,37,,2026-10-08-0604-1115,KonkhmerSleokchher-Regular.ttf,https://fonts.gstatic.com/s/konkhmersleokchher/v3/_Xmw-GE-rjmabA_M-aPOZOsCrUv825LFI3507E0d-W0.ttf,
Kosugi,Sans Serif,Jpan,SKIP,,,,,,,,,,,Kosugi-Regular.ttf,https://fonts.gstatic.com/s/kosugi/v19/pxiFyp4_v8FCjlI4NLr6f1pdEQ.ttf,"SKIP spacing/monospaced: Skipped: every letter has the same advance width, so the spacing is set by the width, not by sidebearings and kerning."
Kosugi Maru,Sans Serif,Jpan,SKIP,,,,,,,,,,,KosugiMaru-Regular.ttf,https://fonts.gstatic.com/s/kosugimaru/v17/0nksC9PgP_wGh21A2KeqGiTqivr9iBq_.ttf,"SKIP spacing/monospaced: Skipped: every letter has the same advance width, so the spacing is set by the width, not by sidebearings and kerning."
Kotta One,Serif,,WARN,standard,0.095,25.2,51.8,17,,0.5,13,60,2026-10-08-0604-1115,KottaOne-Regular.ttf,https://fonts.gstatic.com/s/kottaone/v21/S6u_w41LXzPc_jlfNWqPHA3s5dwt7w.ttf,"WARN spacing/glyph-sides: 3 glyph sides are spaced far from the norms of Serif fonts (units per 1000 em against their median): J right -73, P right -67, X left -79."
Koulen,Display,Khmr,INFO,standard,0.242,10.2,32.5,6.1,0.633,0.597,94,,2026-10-08-0604-1115,Koulen-Regular.ttf,https://fonts.gstatic.com/s/koulen/v30/AMOQz46as3KIBPeWgnA9kuYMUg.ttf,
Kranky,Display,,WARN,tight,-1.23,32,36.5,21.4,0.386,0.75,10,60,2026-10-08-0604-1115,Kranky-Regular.ttf,https://fonts.gstatic.com/s/kranky/v29/hESw6XVgJzlPsFnMpheEZo_H_w.ttf,"WARN spacing/glyph-sides: 3 glyph sides are spaced far from the norms of Display fonts (units per 1000 em against their median): Y right -150, W right -110, Y left -117."
Kreon,Serif,,INFO,loose,0.421,12.1,12,8.3,0.615,0.755,99,100,2026-10-08-0604-1115,Kreon-VariableFont_wght.ttf,https://fonts.gstatic.com/s/kreon/v40/t5tuIRIUKY-TFEXAeWm_rb7p.ttf,
Kripa,Sans Serif,Deva,WARN,standard,-0.137,15.7,16.6,8.5,0.696,0.646,65,,2026-10-08-0604-1115,Kripa-VariableFont_wght.ttf,https://fonts.gstatic.com/s/kripa/v3/UMBcrPhJt2KyywhS4qw3ezL8.ttf,WARN spacing/instances: 1 location of the designspace is spaced far from the norms or from its neighbours: Black (shape error 25.8).
Kristi,Handwriting,,INFO,tight,-6,57,,52.1,,,,,2026-10-08-0604-1115,Kristi-Regular.ttf,https://fonts.gstatic.com/s/kristi/v23/uK_y4ricdeU6zwdRCh0TMv6EXw.ttf,
Krona One,Sans Serif,,INFO,loose,0.352,30.7,,17.3,,,4,50,2026-10-08-0604-1115,KronaOne-Regular.ttf,https://fonts.gstatic.com/s/kronaone/v15/jAnEgHdjHcjgfIb1ZcUCMY-h3cWkWg.ttf,
Krub,Sans Serif,Thai,INFO,standard,-0.142,25,38.2,15.2,0.74,0.923,9,,2026-10-08-0604-1115,Krub-Regular.ttf,https://fonts.gstatic.com/s/krub/v11/sZlLdRyC6CRYXkYQDLlTW6E.ttf,
Kufam,Sans Serif,Arab,INFO,standard,-0.005,19.1,20.8,11.6,0.798,0.516,35,,2026-10-08-0604-1115,Kufam-VariableFont_wght.ttf,https://fonts.gstatic.com/s/kufam/v26/C8ct4cY7pG7w_p6CLDwZwmGE.ttf,
Kulim Park,Sans Serif,,INFO,standard,-0.107,27.8,21.5,18.4,0.645,0.58,6,60,2026-10-08-0604-1115,KulimPark-Regular.ttf,https://fonts.gstatic.com/s/kulimpark/v15/fdN79secq3hflz1Uu3IwtF4m5aZxebw.ttf,
Kumar One,Display,Gujr,INFO,loose,0.371,22.1,,12.3,,,36,,2026-10-08-0604-1115,KumarOne-Regular.ttf,https://fonts.gstatic.com/s/kumarone/v25/bMr1mS-P958wYi6YaGeGNO6WU3oT0g.ttf,
Kumar One Outline,Display,,INFO,tight,-0.917,29.6,,17.8,,,13,60,2026-10-08-0604-1115,KumarOneOutline-Regular.ttf,https://fonts.gstatic.com/s/kumaroneoutline/v20/Noao6VH62pyLP0fsrZ-v18wlUEcX9zDwRQu8EGKF.ttf,
Kumbh Sans,Sans Serif,,INFO,standard,-0.205,20.7,21.4,11.3,0.703,0.728,26,70,2026-10-08-0604-1115,"KumbhSans-VariableFont_YOPQ,wght.ttf",https://fonts.gstatic.com/s/kumbhsans/v27/c4ml1n92AsfhuCq6tVsauodX-Kq-QUI.ttf,
Kurale,Serif,Deva,INFO,standard,0.127,19.7,36.7,11.5,0.84,0.913,47,,2026-10-08-0604-1115,Kurale-Regular.ttf,https://fonts.gstatic.com/s/kurale/v16/4iCs6KV9e9dXjho6eAT3v02QFg.ttf,
La Belle Aurore,Handwriting,,INFO,standard,-1.658,61.1,,43,,,17,,2026-10-08-0604-1115,LaBelleAurore-Regular.ttf,https://fonts.gstatic.com/s/labelleaurore/v23/RrQIbot8-mNYKnGNDkWlocovHeIIG-eFNVmULg.ttf,
Labrada,Serif,,INFO,loose,0.555,23.7,36.5,16.6,0.619,0.884,19,60,2026-10-08-0604-1115,Labrada-VariableFont_wght.ttf,https://fonts.gstatic.com/s/labrada/v4/ieV-2Y9HLWefIpOyDV5ALUIfEcs.ttf,
Lacquer,Display,,INFO,loose,0.757,9.5,8.2,8.9,0.802,0.323,96,90,2026-10-08-0604-1115,Lacquer-Regular.ttf,https://fonts.gstatic.com/s/lacquer/v16/EYqzma1QwqpG4_BBB7-AXhttQ5I.ttf,
Laila,Serif,Deva,INFO,loose,0.255,26.3,,15.1,,,10,,2026-10-08-0604-1115,Laila-Regular.ttf,https://fonts.gstatic.com/s/laila/v20/LYjMdG_8nE8jDIRdiidIrEIu.ttf,
Lakki Reddy,Handwriting,Telu,INFO,tight,-2.095,50.5,,34.7,,,28,,2026-10-08-0604-1115,LakkiReddy-Regular.ttf,https://fonts.gstatic.com/s/lakkireddy/v25/S6u5w49MUSzD9jlCPmvLZQfox9k97-xZ.ttf,
Lalezar,Sans Serif,Arab,INFO,loose,0.311,13.2,25.3,7.9,0.756,0.652,84,,2026-10-08-0604-1115,Lalezar-Regular.ttf,https://fonts.gstatic.com/s/lalezar/v16/zrfl0HLVx-HwTP82UaDyIiL0RCg.ttf,
Lancelot,Display,,WARN,standard,0.195,29.1,32.8,16.9,0.765,0.94,14,60,2026-10-08-0604-1115,Lancelot-Regular.ttf,https://fonts.gstatic.com/s/lancelot/v28/J7acnppxBGtQEulG4JY4xJ9CGyAa.ttf,"WARN spacing/pairs: 18 pairs are spaced far from how Display fonts usually compare with the model (units per 1000 em, + looser): Qg -487, Qq -460, Qp -449, Qy -404, QH -389, QJ -471, Zg -276, Zp -250, ZH -244, Zq -216."
Langar,Display,Guru,INFO,standard,0.03,24.1,23.7,14.7,0.69,0.465,27,,2026-10-08-0604-1115,Langar-Regular.ttf,https://fonts.gstatic.com/s/langar/v30/kJEyBukW7AIlgjGVrTVZ99sqrQ.ttf,
Lateef,Serif,Arab,INFO,loose,0.432,13.3,,10.1,,,95,,2026-10-08-0604-1115,Lateef-Regular.ttf,https://fonts.gstatic.com/s/lateef/v35/hESw6XVnNCxEvkbMpheEZo_H_w.ttf,
Lato,Sans Serif,,INFO,standard,-0.042,15.8,23.9,9.5,0.647,0.902,64,70,2026-10-08-0604-1115,Lato-Regular.ttf,https://fonts.gstatic.com/s/lato/v25/S6uyw4BMUTPHvxk6XweuBCY.ttf,
Lavishly Yours,Handwriting,,INFO,tight,-6,71.9,79.2,61.5,0.449,0.666,,,2026-10-08-0604-1115,LavishlyYours-Regular.ttf,https://fonts.gstatic.com/s/lavishlyyours/v7/jizDREVIvGwH5OjiZmX9r5z_WxUY0TY7ikbI.ttf,
League Gothic,Sans Serif,,INFO,loose,0.657,10.2,17,6.4,0.798,0.38,95,90,2026-10-08-0604-1115,LeagueGothic-Regular-VariableFont_wdth.ttf,https://fonts.gstatic.com/s/leaguegothic/v13/qFdC35CBi4tvBz81xy7WG7ep4h8ij1I7LLE.ttf,
League Script,Handwriting,,INFO,tight,-6,105.5,15.3,78.1,0.04,0.43,,,2026-10-08-0604-1115,LeagueScript-Regular.ttf,https://fonts.gstatic.com/s/leaguescript/v30/CSR54zpSlumSWj9CGVsoBZdeaNNUuOwkC2s.ttf,
League Spartan,Sans Serif,,INFO,standard,0.013,21,20,13.9,0.742,0.844,24,70,2026-10-08-0604-1115,LeagueSpartan-VariableFont_wght.ttf,https://fonts.gstatic.com/s/leaguespartan/v15/kJEqBuEW6A0lliaV_m88ja5TwsZ3J5i1DJZg.ttf,
Leckerli One,Handwriting,,INFO,tight,-1.537,64.6,38.4,54,0.46,0.4,14,,2026-10-08-0604-1115,LeckerliOne-Regular.ttf,https://fonts.gstatic.com/s/leckerlione/v22/V8mCoQH8VCsNttEnxnGQ-1itLZxcBtItFw.ttf,
Ledger,Serif,,WARN,loose,0.496,35.1,45.5,21.9,0.587,0.661,2,40,2026-10-08-0604-1115,Ledger-Regular.ttf,https://fonts.gstatic.com/s/ledger/v17/j8_q6-HK1L3if_sxm8DwHTBhHw.ttf,"WARN spacing/evenness: Shape error 35.1 units per 1000 em (gaps that depart from even spacing of these shapes): 98th percentile of Serif fonts (median 19.5, robust z +3.8)."
Lekton,Monospace,,SKIP,,,,,,,,,,,Lekton-Regular.ttf,https://fonts.gstatic.com/s/lekton/v21/SZc43FDmLaWmWpBeXxfonUPL6Q.ttf,"SKIP spacing/monospaced: Skipped: every letter has the same advance width, so the spacing is set by the width, not by sidebearings and kerning."
Lemon,Display,,INFO,loose,0.306,22.4,37.7,18.4,0.858,0.986,33,70,2026-10-08-0604-1115,Lemon-Regular.ttf,https://fonts.gstatic.com/s/lemon/v19/HI_EiYEVKqRMq0jBSZXAQ4-d.ttf,
Lemonada,Display,Arab,INFO,loose,0.269,26.6,47.8,23.8,0.612,0.889,19,,2026-10-08-0604-1115,Lemonada-VariableFont_wght.ttf,https://fonts.gstatic.com/s/lemonada/v31/0QIjMXFD9oygTWy_R_tOtfWm8qTX.ttf,
Lexend,Sans Serif,,INFO,standard,0.116,19.1,20.9,11.5,0.758,0.8,35,70,2026-10-08-0604-1115,Lexend-VariableFont_wght.ttf,https://fonts.gstatic.com/s/lexend/v26/wlpwgwvFAVdoq2_f_K4V0WdXaQ.ttf,
Lexend Deca,Sans Serif,,INFO,standard,0.116,19.1,20.9,11.5,0.758,0.8,35,70,2026-10-08-0604-1115,LexendDeca-VariableFont_wght.ttf,https://fonts.gstatic.com/s/lexenddeca/v25/K2F1fZFYk-dHSE0UPPuwQ6qgLS76ZHOM.ttf,
Lexend Exa,Sans Serif,,INFO,loose,0.709,22.6,24.8,13.7,0.759,0.765,16,60,2026-10-08-0604-1115,LexendExa-VariableFont_wght.ttf,https://fonts.gstatic.com/s/lexendexa/v35/UMBXrPdOoHOnxExyjdBeWirXArM58BY.ttf,
Lexend Giga,Sans Serif,,INFO,loose,0.925,26,27.3,16.4,0.757,0.766,8,60,2026-10-08-0604-1115,LexendGiga-VariableFont_wght.ttf,https://fonts.gstatic.com/s/lexendgiga/v27/PlI5Fl67Mah5Y8yMHE7lkVxEt8CwfGaD.ttf,
Lexend Mega,Sans Serif,,INFO,loose,1.009,28,29,18,0.755,0.748,5,50,2026-10-08-0604-1115,LexendMega-VariableFont_wght.ttf,https://fonts.gstatic.com/s/lexendmega/v27/qFdA35aBi5JtHD41zSTFEv7K6BsAikI7.ttf,
Lexend Peta,Sans Serif,,WARN,loose,1.087,30.2,30.8,19.8,0.753,0.74,4,50,2026-10-08-0604-1115,LexendPeta-VariableFont_wght.ttf,https://fonts.gstatic.com/s/lexendpeta/v30/BXRvvFPGjeLPh0kCfI4OkE_1c8Tf1IW3.ttf,"WARN spacing/tightness: Overall tightness: Looseness +1.09 is at the 97th percentile of Sans Serif fonts (median +0.03, robust z +3.6)."
Lexend Tera,Sans Serif,,WARN,loose,1.165,32.3,32.5,21.4,0.75,0.728,3,50,2026-10-08-0604-1115,LexendTera-VariableFont_wght.ttf,https://fonts.gstatic.com/s/lexendtera/v29/RrQUbo98_jt_IXnBPwCWtZhARYMgGtWA.ttf,"WARN spacing/tightness: Overall tightness: Looseness +1.17 is at the 98th percentile of Sans Serif fonts (median +0.03, robust z +3.8). | WARN spacing/glyph-sides: 3 glyph sides are spaced far from the norms of Sans Serif fonts (units per 1000 em against their median): j left +72, I right +64, I left +62."
Lexend Zetta,Sans Serif,,WARN,loose,1.329,38.1,37.7,26,0.75,0.721,1,40,2026-10-08-0604-1115,LexendZetta-VariableFont_wght.ttf,https://fonts.gstatic.com/s/lexendzetta/v32/ll87K2KYXje7CdOFnEWcU8soliQejRR7AQ.ttf,"WARN spacing/tightness: Overall tightness: Looseness +1.33 is at the 98th percentile of Sans Serif fonts (median +0.03, robust z +4.4). | WARN spacing/evenness: Shape error 38.1 units per 1000 em (gaps that depart from even spacing of these shapes): 99th percentile of Sans Serif fonts (median 17.0, robust z +4.7). | WARN spacing/glyph-sides: 5 glyph sides are spaced far from the norms of Sans Serif fonts (units per 1000 em against their median): J right -63, j left +89, I left +69, I right +69, ’ left -114. | WARN spacing/pairs: 47 pairs are spaced far from how Sans Serif fonts usually compare with the model (units per 1000 em, + looser): nj +140, Jv -110, xI +122, nx +106, hx +106, Ix +124, tj +159, Js -96, Ja -111, tI +135."
Libertinus Keyboard,Display,,SKIP,,,,,,,,,,,LibertinusKeyboard-Regular.ttf,https://fonts.gstatic.com/s/libertinuskeyboard/v2/NaPEcYrQAP5Z2JsyIac0i2DYHaapaf43RryztWo_3fk.ttf,"SKIP spacing/monospaced: Skipped: every letter has the same advance width, so the spacing is set by the width, not by sidebearings and kerning."
Libertinus Math,Display,,INFO,standard,0.224,23.6,25.5,12.9,0.73,0.733,29,70,2026-10-08-0604-1115,LibertinusMath-Regular.ttf,https://fonts.gstatic.com/s/libertinusmath/v2/Gw6iwc3770TVMoHVurPejWtfenRLv_KJt3R-2Q.ttf,
Libertinus Mono,Monospace,,SKIP,,,,,,,,,,,LibertinusMono-Regular.ttf,https://fonts.gstatic.com/s/libertinusmono/v1/_gPg1RnxrjY_TDm97ApTqwneJJFToBF3YROW_w.ttf,"SKIP spacing/monospaced: Skipped: every letter has the same advance width, so the spacing is set by the width, not by sidebearings and kerning."
Libertinus Sans,Sans Serif,,INFO,loose,0.361,16.6,26.4,10,0.702,0.684,55,70,2026-10-08-0604-1115,LibertinusSans-Regular.ttf,https://fonts.gstatic.com/s/libertinussans/v1/YA9Lr0-a6k7ZLbw_dle4knJh2cqMjt3V_dB0Yw.ttf,
Libertinus Serif,Serif,,INFO,standard,0.126,16,18.5,8.6,0.763,0.74,82,80,2026-10-08-0604-1115,LibertinusSerif-Regular.ttf,https://fonts.gstatic.com/s/libertinusserif/v1/RLpkK4bw7KinajYBg0RTTwCLF5Ben6kFUHPIFaU.ttf,
Libertinus Serif Display,Display,,INFO,standard,0.198,18.2,23.4,9.8,0.565,0.509,55,70,2026-10-08-0604-1115,LibertinusSerifDisplay-Regular.ttf,https://fonts.gstatic.com/s/libertinusserifdisplay/v2/0FlHVOmbklub_P32Hm53RVREi5BsXWudOF_Gpgcrg81gHhVOxQ.ttf,
Libre Barcode 128,Display,,SKIP,,,,,,,,,,,LibreBarcode128-Regular.ttf,https://fonts.gstatic.com/s/librebarcode128/v31/cIfnMbdUsUoiW3O_hVviCwVjuLtXeJ_A_gMk0izH.ttf,"SKIP spacing/monospaced: Skipped: every letter has the same advance width, so the spacing is set by the width, not by sidebearings and kerning."
Libre Barcode 128 Text,Display,,SKIP,,,,,,,,,,,LibreBarcode128Text-Regular.ttf,https://fonts.gstatic.com/s/librebarcode128text/v31/fdNv9tubt3ZEnz1Gu3I4-zppwZ9CWZ16Z0w5cV3Y6M90w4k.ttf,"SKIP spacing/monospaced: Skipped: every letter has the same advance width, so the spacing is set by the width, not by sidebearings and kerning."
Libre Barcode 39,Display,,SKIP,,,,,,,,,,,LibreBarcode39-Regular.ttf,https://fonts.gstatic.com/s/librebarcode39/v25/-nFnOHM08vwC6h8Li1eQnP_AHzI2K_d709jy92k.ttf,"SKIP spacing/monospaced: Skipped: every letter has the same advance width, so the spacing is set by the width, not by sidebearings and kerning."
Libre Barcode 39 Extended,Display,,WARN,tight,-3.029,2.6,,15,,,100,100,2026-10-08-0604-1115,LibreBarcode39Extended-Regular.ttf,https://fonts.gstatic.com/s/librebarcode39extended/v30/8At7Gt6_O5yNS0-K4Nf5U922qSzhJ3dUdfJpwNUgfNRCOZ1GOBw.ttf,"WARN spacing/tightness: Overall tightness: Looseness -3.03 is at the 0th percentile of Display fonts (median +0.04, robust z -5.6)."
Libre Barcode 39 Extended Text,Display,,INFO,tight,-1.674,7.1,,15.2,,,100,100,2026-10-08-0604-1115,LibreBarcode39ExtendedText-Regular.ttf,https://fonts.gstatic.com/s/librebarcode39extendedtext/v30/eLG1P_rwIgOiDA7yrs9LoKaYRVLQ1YldrrOnnL7xPO4jNP68fLIiPopNNA.ttf,
Libre Barcode 39 Text,Display,,SKIP,,,,,,,,,,,LibreBarcode39Text-Regular.ttf,https://fonts.gstatic.com/s/librebarcode39text/v32/sJoa3KhViNKANw_E3LwoDXvs5Un0HQ1vT-031RRL-9rYaw.ttf,"SKIP spacing/monospaced: Skipped: every letter has the same advance width, so the spacing is set by the width, not by sidebearings and kerning."
Libre Barcode EAN13 Text,Display,,SKIP,,,,,,,,,,,LibreBarcodeEAN13Text-Regular.ttf,https://fonts.gstatic.com/s/librebarcodeean13text/v25/wlpigxXFDU1_oCu9nfZytgIqSG0XRcJm_OQiB96PAGEki52WfA.ttf,SKIP spacing/not-latin: Skipped: the core Latin letters are not all there (10 missing: UVWYZuvwyz…). The check covers fonts with the basic Latin alphabet.
Libre Baskerville,Serif,,INFO,standard,0.09,18.1,20.9,10.2,0.738,0.821,62,70,2026-10-08-0604-1115,LibreBaskerville-VariableFont_wght.ttf,https://fonts.gstatic.com/s/librebaskerville/v24/kmKnZrc3Hgbbcjq75U4uslyuy4kn0pNeYRI4CN2V.ttf,
Libre Bodoni,Serif,,INFO,standard,-0.032,21.9,23.5,13.1,0.803,0.753,29,70,2026-10-08-0604-1115,LibreBodoni-VariableFont_wght.ttf,https://fonts.gstatic.com/s/librebodoni/v9/_Xmr-H45qDWDYULr5OfyZudNxgKQu_avAg.ttf,
Libre Caslon Condensed,Serif,,INFO,standard,0.019,16.3,21.3,8.3,0.799,0.796,80,80,2026-10-08-0604-1115,LibreCaslonCondensed-VariableFont_wght.ttf,https://fonts.gstatic.com/s/librecasloncondensed/v3/flUpRrasxYEyVwtcWIsbLunUPow3bHNaxvyEb68gZG6GFQU.ttf,
Libre Caslon Display,Serif,,INFO,standard,-0.055,18.4,22.1,9.2,0.789,0.687,59,70,2026-10-08-0604-1115,LibreCaslonDisplay-Regular.ttf,https://fonts.gstatic.com/s/librecaslondisplay/v18/TuGOUUFxWphYQ6YI6q9Xp61FQzxDRKmzr2lRdRhtCC4d.ttf,
Libre Caslon Text,Serif,,INFO,standard,0.07,18.6,23.1,9.4,0.75,0.824,56,70,2026-10-08-0604-1115,LibreCaslonText-Regular.ttf,https://fonts.gstatic.com/s/librecaslontext/v5/DdT878IGsGw1aF1JU10PUbTvNNaDMcq_3eNrHgO1.ttf,
Libre Franklin,Sans Serif,,INFO,standard,-0.086,17.1,21.4,9.2,0.847,0.765,49,70,2026-10-08-0604-1115,LibreFranklin-VariableFont_wght.ttf,https://fonts.gstatic.com/s/librefranklin/v20/jizDREVItHgc8qDIbSTKq4XkRhUY0TY7ikbI.ttf,
Licorice,Handwriting,,INFO,tight,-1.347,50.4,28.9,44.4,0.328,0.767,28,,2026-10-08-0604-1115,Licorice-Regular.ttf,https://fonts.gstatic.com/s/licorice/v8/t5tjIR8TMomTCAyjNk23hqLgzCHu.ttf,
Life Savers,Display,,INFO,tight,-0.513,20.5,24.3,11.8,0.825,0.91,44,70,2026-10-08-0604-1115,LifeSavers-Regular.ttf,https://fonts.gstatic.com/s/lifesavers/v23/ZXuie1UftKKabUQMgxAal_lrFgpbuNvB.ttf,
Lilex,Monospace,,SKIP,,,,,,,,,,,Lilex-VariableFont_wght.ttf,https://fonts.gstatic.com/s/lilex/v1/DPEiYwmezwMATDTpLjoJd-Xa.ttf,"SKIP spacing/monospaced: Skipped: every letter has the same advance width, so the spacing is set by the width, not by sidebearings and kerning."
Lilita One,Display,,INFO,loose,0.848,20.8,25.5,11.8,0.499,0.809,41,70,2026-10-08-0604-1115,LilitaOne-Regular.ttf,https://fonts.gstatic.com/s/lilitaone/v17/i7dPIFZ9Zz-WBtRtedDbUEZ2RFq7AwU.ttf,
Lily Script One,Display,,FAIL,tight,-2.86,71.9,55.3,53.9,0.573,0.956,1,40,2026-10-08-0604-1115,LilyScriptOne-Regular.ttf,https://fonts.gstatic.com/s/lilyscriptone/v16/LhW9MV7ZMfIPdMxeBjBvFN8SXLS4gsSjQNsRMg.ttf,"WARN spacing/tightness: Overall tightness: Looseness -2.86 is at the 0th percentile of Display fonts (median +0.04, robust z -5.3). | FAIL spacing/evenness: Shape error 71.9 units per 1000 em (gaps that depart from even spacing of these shapes): 99th percentile of Display fonts (median 19.4, robust z +7.1). | FAIL spacing/glyph-sides: 4 sidebearings are far outside the norms of Display fonts (units per 1000 em against their median): O right -164, ' right +252, ' left +231, J right -151. | WARN spacing/pairs: 227 pairs are spaced far from how Display fonts usually compare with the model (units per 1000 em, + looser): 'S +340, 'O +358, '' +460, 't +301, 'H +367, 'f +324, 'Q +327, 'i +293, 'K +333, 'N +319."
Limelight,Display,,INFO,loose,0.213,22,,14.3,,,37,70,2026-10-08-0604-1115,Limelight-Regular.ttf,https://fonts.gstatic.com/s/limelight/v21/XLYkIZL7aopJVbZJHDuYPeNGrnY2TA.ttf,
Linden Hill,Serif,,INFO,standard,0.225,19.4,24.3,11.2,0.741,0.657,51,70,2026-10-08-0604-1115,LindenHill-Regular.ttf,https://fonts.gstatic.com/s/lindenhill/v27/-F61fjxoKSg9Yc3hZgO8ygFI7CwC009k.ttf,
LINE Seed JP,Sans Serif,Jpan,INFO,standard,-0.026,22.9,30.6,12.5,0.642,0.791,15,,2026-10-08-0604-1115,LINESeedJP-Regular.ttf,https://fonts.gstatic.com/s/lineseedjp/v6/MwQxbh7r89it6QsEXfZb-jMfjZtKpXulTQ.ttf,
Linefont,Display,,SKIP,,,,,,,,,,,"Linefont-VariableFont_wdth,wght.ttf",https://fonts.gstatic.com/s/linefont/v11/dg4m_pzpoqcLKUIzVetHpbglShon.ttf,"SKIP spacing/monospaced: Skipped: every letter has the same advance width, so the spacing is set by the width, not by sidebearings and kerning."
Lisu Bosa,Serif,Lisu,INFO,loose,0.335,16.9,,10.4,,,75,,2026-10-08-0604-1115,LisuBosa-Regular.ttf,https://fonts.gstatic.com/s/lisubosa/v2/3XFoErkv240fsdmJRJQvl0viTf3E3Q.ttf,
Liter,Sans Serif,,INFO,standard,-0.06,19.5,21.9,10.8,0.74,0.776,32,70,2026-10-08-0604-1115,Liter-Regular.ttf,https://fonts.gstatic.com/s/liter/v4/SLXGc1nX4GQ4d2ImRJqExst1.ttf,
Literata,Serif,,INFO,loose,0.519,22.6,24.6,14.7,0.779,0.66,25,70,2026-10-08-0604-1115,"Literata-VariableFont_opsz,wght.ttf",https://fonts.gstatic.com/s/literata/v40/or3hQ6P12-iJxAIgLbT3LLQ1niPn.ttf,
Liu Jian Mao Cao,Handwriting,Hans,INFO,standard,-0.267,34.8,,17.9,,,56,,2026-10-08-0604-1115,LiuJianMaoCao-Regular.ttf,https://fonts.gstatic.com/s/liujianmaocao/v24/845DNN84HJrccNonurqXILGpvCOoferVKGWsUo8.ttf,
Livvic,Sans Serif,,INFO,tight,-0.308,18.2,20.5,11.5,0.666,0.675,41,70,2026-10-08-0604-1115,Livvic-Regular.ttf,https://fonts.gstatic.com/s/livvic/v15/rnCp-x1S2hzjrlfnb-k6unzeSA.ttf,
Lobster,Display,,WARN,tight,-3.637,46.1,175.4,33,,0,3,50,2026-10-08-0604-1115,Lobster-Regular.ttf,https://fonts.gstatic.com/s/lobster/v32/neILzCirqoswsqX9_oWsMqEzSJQ.ttf,"WARN spacing/tightness: Overall tightness: Looseness -3.64 is at the 0th percentile of Display fonts (median +0.04, robust z -6.8). | WARN spacing/evenness: Shape error 46.1 units per 1000 em (gaps that depart from even spacing of these shapes): 97th percentile of Display fonts (median 19.4, robust z +3.6). | WARN spacing/glyph-sides: 5 glyph sides are spaced far from the norms of Display fonts (units per 1000 em against their median): o right -114, T right -221, F right -135, ( left +147, f left -70. | WARN spacing/pairs: 74 pairs are spaced far from how Display fonts usually compare with the model (units per 1000 em, + looser): Lf -512, Lp -368, Lq -289, Lj -503, Ln -203, Lr -203, Lh -206, Lk -205, Lm -203, Lg -236."
Lobster Two,Display,,WARN,tight,-0.935,36.2,29.7,27.5,0.643,0.747,7,60,2026-10-08-0604-1115,LobsterTwo-Regular.ttf,https://fonts.gstatic.com/s/lobstertwo/v22/BngMUXZGTXPUvIoyV6yN59fK7KSJ4ACD.ttf,"WARN spacing/glyph-sides: 15 glyph sides are spaced far from the norms of Display fonts (units per 1000 em against their median): o right -122, d right -83, u right -84, s right -86, h right -84, n right -84, e right -79, j right -89. | WARN spacing/pairs: 32 pairs are spaced far from how Display fonts usually compare with the model (units per 1000 em, + looser): Lf -337, Lp -220, Ln -179, Lr -179, Lb -183, Lh -181, Le -185, Lk -180, Lm -178, LE -183."
Londrina Outline,Display,,WARN,tight,-2.042,9.1,16.4,5.3,0.656,0.688,97,90,2026-10-08-0604-1115,LondrinaOutline-Regular.ttf,https://fonts.gstatic.com/s/londrinaoutline/v29/C8c44dM8vmb14dfsZxhetg3pDH-SfuoxrSKMDvI.ttf,"WARN spacing/tightness: Overall tightness: Looseness -2.04 is at the 1st percentile of Display fonts (median +0.04, robust z -3.8)."
Londrina Shadow,Display,,WARN,tight,-2.954,13.5,20,11.7,0.53,0.731,81,80,2026-10-08-0604-1115,LondrinaShadow-Regular.ttf,https://fonts.gstatic.com/s/londrinashadow/v28/oPWX_kB4kOQoWNJmjxLV5JuoCUlXRlaSxkrMCQ.ttf,"WARN spacing/tightness: Overall tightness: Looseness -2.95 is at the 0th percentile of Display fonts (median +0.04, robust z -5.5)."
Londrina Sketch,Display,,INFO,tight,-1.723,12.2,18.1,7.5,0.685,0.665,89,80,2026-10-08-0604-1115,LondrinaSketch-Regular.ttf,https://fonts.gstatic.com/s/londrinasketch/v27/c4m41npxGMTnomOHtRU68eIJn8qfWWn5Pos6CA.ttf,
Londrina Solid,Display,,INFO,loose,0.236,9.2,17.5,5.1,0.694,0.714,97,90,2026-10-08-0604-1115,LondrinaSolid-Regular.ttf,https://fonts.gstatic.com/s/londrinasolid/v19/flUhRq6sw40kQEJxWNgkLuudGcNZIhI8tIHh.ttf,
Long Cang,Handwriting,Hans,INFO,standard,-0.047,21.9,18.9,32.5,0.497,0.861,85,,2026-10-08-0604-1115,LongCang-Regular.ttf,https://fonts.gstatic.com/s/longcang/v21/LYjAdGP8kkgoTec8zkRgrXArXN7HWQ.ttf,
Lora,Serif,,INFO,standard,-0.026,14.1,16,9.3,0.694,0.666,92,90,2026-10-08-0604-1115,Lora-VariableFont_wght.ttf,https://fonts.gstatic.com/s/lora/v37/0QIvMX1D_JOuAw3xItNPh_A.ttf,
Love Light,Handwriting,,INFO,tight,-6,93.9,73.9,69.7,0.013,0.565,,,2026-10-08-0604-1115,LoveLight-Regular.ttf,https://fonts.gstatic.com/s/lovelight/v8/t5tlIR0TNJyZWimpNAXDjKbCyTHuspo.ttf,
Love Ya Like A Sister,Display,,INFO,tight,-0.816,23.3,,14.2,,,30,70,2026-10-08-0604-1115,LoveYaLikeASister-Regular.ttf,https://fonts.gstatic.com/s/loveyalikeasister/v23/R70EjzUBlOqPeouhFDfR80-0FhOqJubN-Be78nZcsGGycA.ttf,
Loved by the King,Handwriting,,INFO,standard,0.258,31.4,,19.6,,,61,,2026-10-08-0604-1115,LovedbytheKing-Regular.ttf,https://fonts.gstatic.com/s/lovedbytheking/v24/Gw6gwdP76VDVJNXerebZxUMeRXUF2PiNlXFu2R64.ttf,
Lovers Quarrel,Handwriting,,INFO,tight,-6,53.1,45.7,40.8,0.527,0.7,,,2026-10-08-0604-1115,LoversQuarrel-Regular.ttf,https://fonts.gstatic.com/s/loversquarrel/v25/Yq6N-LSKXTL-5bCy8ksBzpQ_-zAsY7pO6siz.ttf,
Luckiest Guy,Display,,INFO,tight,-0.801,12.1,12.7,7.8,0.696,0.669,89,80,2026-10-08-0604-1115,LuckiestGuy-Regular.ttf,https://fonts.gstatic.com/s/luckiestguy/v25/_gP_1RrxsjcxVyin9l9n_j2RStR3qDpraA.ttf,
Lugrasimo,Handwriting,,WARN,standard,-0.325,55,,79.4,,,24,,2026-10-08-0604-1115,Lugrasimo-Regular.ttf,https://fonts.gstatic.com/s/lugrasimo/v5/qkBXXvoF_s_eT9c7Y7ae5JRLkAXbMQ.ttf,"WARN spacing/glyph-sides: 6 glyph sides are spaced far from the norms of Handwriting fonts (units per 1000 em against their median): - right -207, & right -315, J left +183, g left +97, c right -82, C right -173."
Lumanosimo,Handwriting,,INFO,tight,-0.542,35.8,,53.6,,,53,,2026-10-08-0604-1115,Lumanosimo-Regular.ttf,https://fonts.gstatic.com/s/lumanosimo/v5/K2F0fZBYg_JDSEZHEfO8AoqKAyLzfWo.ttf,
Lunasima,Sans Serif,,INFO,standard,0.055,20.1,,12,,,29,70,2026-10-08-0604-1115,Lunasima-Regular.ttf,https://fonts.gstatic.com/s/lunasima/v1/wEO-EBvPh9RSOj7JFAwle94H1VIe.ttf,
Lusitana,Serif,,INFO,standard,0.169,22.2,35.2,11.6,0.76,0.98,27,70,2026-10-08-0604-1115,Lusitana-Regular.ttf,https://fonts.gstatic.com/s/lusitana/v14/CSR84z9ShvucWzsMKxhaRuMiSct_.ttf,
Lustria,Serif,,INFO,standard,-0.113,17.5,21.1,8.6,0.765,0.96,67,80,2026-10-08-0604-1115,Lustria-Regular.ttf,https://fonts.gstatic.com/s/lustria/v14/9oRONYodvDEyjuhOrCg5MtPyAcg.ttf,
Luxurious Roman,Display,,INFO,standard,-0.301,26,42.3,16,0.542,0.844,20,60,2026-10-08-0604-1115,LuxuriousRoman-Regular.ttf,https://fonts.gstatic.com/s/luxuriousroman/v10/buEupou_ZcP1w0yTKxJJokVSmbpqYgckeo9RMw.ttf,
Luxurious Script,Handwriting,,INFO,tight,-6,90.2,92.1,82.3,0.265,0.422,,,2026-10-08-0604-1115,LuxuriousScript-Regular.ttf,https://fonts.gstatic.com/s/luxuriousscript/v9/ahcCv9e7yydulT32KZ0rBIoD7DzMg0rOby1JtYk.ttf,
LXGW Marker Gothic,Sans Serif,Hant,INFO,loose,0.604,31.7,,19.3,,,3,,2026-10-08-0604-1115,LXGWMarkerGothic-Regular.ttf,https://fonts.gstatic.com/s/lxgwmarkergothic/v4/Gg8oN4AaXyDVTi_NlS1-xCtMQxY3lToBjuw_cZe26Q.ttf,
LXGW WenKai Mono TC,Monospace,Hant,SKIP,,,,,,,,,,,LXGWWenKaiMonoTC-Regular.ttf,https://fonts.gstatic.com/s/lxgwwenkaimonotc/v11/pxiYyos4iPVgyWx9WtufHnsIf5nkaB0Him6CovpOkXA.ttf,"SKIP spacing/monospaced: Skipped: every letter has the same advance width, so the spacing is set by the width, not by sidebearings and kerning."
LXGW WenKai TC,Handwriting,Hant,INFO,standard,0.113,27.5,,16.3,,,71,,2026-10-08-0604-1115,LXGWWenKaiTC-Regular.ttf,https://fonts.gstatic.com/s/lxgwwenkaitc/v11/w8gDH20td8wNsI3f40DmtXZb48uKLd0hZzVB.ttf,
M PLUS 1,Sans Serif,Jpan,INFO,standard,-0.054,24.4,28.2,16.3,0.832,0.576,11,,2026-10-08-0604-1115,MPLUS1-VariableFont_wght.ttf,https://fonts.gstatic.com/s/mplus1/v17/R70ZjygA28ymD4HgBVu4si6cViv4.ttf,
M PLUS 1 Code,Monospace,Jpan,SKIP,,,,,,,,,,,MPLUS1Code-VariableFont_wght.ttf,https://fonts.gstatic.com/s/mplus1code/v18/ypvfbXOOx2xFpzmYJS3N2_J2nhhYtUb0gZk.ttf,"SKIP spacing/monospaced: Skipped: every letter has the same advance width, so the spacing is set by the width, not by sidebearings and kerning."
M PLUS 1p,Sans Serif,Jpan,INFO,standard,0.141,29.8,31.3,20.9,0.769,0.62,4,,2026-10-08-0604-1115,MPLUS1p-Regular.ttf,https://fonts.gstatic.com/s/mplus1p/v33/e3tjeuShHdiFyPFzBRro-D4Ec2jKqw.ttf,
M PLUS 2,Sans Serif,Jpan,INFO,standard,-0.037,25.6,29.2,16.8,0.82,0.575,8,,2026-10-08-0604-1115,MPLUS2-VariableFont_wght.ttf,https://fonts.gstatic.com/s/mplus2/v17/7Au8p_Eq3gO_OGbGGgLW4EAFOUEH.ttf,
M PLUS Code Latin,Sans Serif,,SKIP,,,,,,,,,,,"MPLUSCodeLatin-VariableFont_wdth,wght.ttf",https://fonts.gstatic.com/s/mpluscodelatin/v17/hv-MlyV-aXg7x7tULiNXXBA0Np4WMTUULmBGjSwZ.ttf,"SKIP spacing/monospaced: Skipped: every letter has the same advance width, so the spacing is set by the width, not by sidebearings and kerning."
M PLUS Rounded 1c,Sans Serif,Jpan,INFO,standard,0.131,30.5,33.5,21.5,0.763,0.601,4,,2026-10-08-0604-1115,MPLUSRounded1c-Regular.ttf,https://fonts.gstatic.com/s/mplusrounded1c/v22/VdGEAYIAV6gnpUpoWwNkYvrugw9RuPWGzr8C7vav.ttf,
M PLUS U,Sans Serif,Jpan,INFO,tight,-0.203,28.8,33.8,18.6,0.815,0.64,5,,2026-10-08-0604-1115,MPLUSU-VariableFont_wght.ttf,https://fonts.gstatic.com/s/mplusu/v2/-W_9XJfyAgH86Tq6MtoYREcjeo0k.ttf,
Ma Shan Zheng,Handwriting,Hans,INFO,tight,-0.982,27.9,30.5,19.2,0.668,0.556,70,,2026-10-08-0604-1115,MaShanZheng-Regular.ttf,https://fonts.gstatic.com/s/mashanzheng/v18/NaPecZTRCLxvwo41b4gvzkXaRMTsDIRSfr0.ttf,
Macondo,Display,,INFO,standard,-0.139,22.3,42.9,12.7,0.831,0.899,34,70,2026-10-08-0604-1115,Macondo-Regular.ttf,https://fonts.gstatic.com/s/macondo/v27/RrQQboN9-iB1IXmOS2XO0LBBd4Y.ttf,
Macondo Swash Caps,Display,,WARN,standard,0.054,31.7,37.9,16.2,0.472,0.942,11,60,2026-10-08-0604-1115,MacondoSwashCaps-Regular.ttf,https://fonts.gstatic.com/s/macondoswashcaps/v26/6NUL8EaAJgGKZA7lpt941Z9s6ZYgDq6Oekoa_mm5bA.ttf,"WARN spacing/glyph-sides: 4 glyph sides are spaced far from the norms of Display fonts (units per 1000 em against their median): K right -158, S left +66, X right -102, A left -88. | WARN spacing/pairs: 62 pairs are spaced far from how Display fonts usually compare with the model (units per 1000 em, + looser): KS -516, KY -674, NY -447, NA -399, KA -625, RY -474, XS -445, Kp -347, KM -393, NS -292."
Mada,Sans Serif,Arab,INFO,standard,0.146,16.2,22.4,10.3,0.615,0.714,59,,2026-10-08-0604-1115,Mada-VariableFont_wght.ttf,https://fonts.gstatic.com/s/mada/v21/7Auwp_0qnzeSTTXMLCrX0kU.ttf,
Madimi One,Sans Serif,,INFO,standard,0.426,20.6,20.8,10.7,0.668,0.209,26,70,2026-10-08-0604-1115,MadimiOne-Regular.ttf,https://fonts.gstatic.com/s/madimione/v1/2V0YKIEADpA8U6RygDnZZFQoBoHMd2U.ttf,
Magra,Sans Serif,,INFO,loose,0.197,17,,12.4,,,50,70,2026-10-08-0604-1115,Magra-Regular.ttf,https://fonts.gstatic.com/s/magra/v15/uK_94ruaZus72k5xIDMfO-ed.ttf,
Maiden Orange,Serif,,INFO,standard,-0.018,10.8,16,6.5,0.684,0.928,100,100,2026-10-08-0604-1115,MaidenOrange-Regular.ttf,https://fonts.gstatic.com/s/maidenorange/v32/kJE1BuIX7AUmhi2V4m08kb1XjOZdCZS8FY8.ttf,
Maitree,Serif,,INFO,standard,0.016,21.7,23.2,13.2,0.728,0.712,32,70,2026-10-08-0604-1115,Maitree-Regular.ttf,https://fonts.gstatic.com/s/maitree/v11/MjQGmil5tffhpBrkrtmmfJmDoL4.ttf,
Major Mono Display,Monospace,,SKIP,,,,,,,,,,,MajorMonoDisplay-Regular.ttf,https://fonts.gstatic.com/s/majormonodisplay/v18/RWmVoLyb5fEqtsfBX9PDZIGr2tFubRhLCn2QIndPww.ttf,"SKIP spacing/monospaced: Skipped: every letter has the same advance width, so the spacing is set by the width, not by sidebearings and kerning."
Mako,Sans Serif,,INFO,standard,0.112,9.4,12.4,5,0.665,0.712,98,90,2026-10-08-0604-1115,Mako-Regular.ttf,https://fonts.gstatic.com/s/mako/v19/H4coBX6Mmc_Z0ST09g478Lo.ttf,
Mali,Handwriting,Thai,INFO,standard,0.102,25.9,34.9,15.4,0.495,0.92,74,,2026-10-08-0604-1115,Mali-Regular.ttf,https://fonts.gstatic.com/s/mali/v13/N0ba2SRONuN4eCrODlxxOd8.ttf,
Mallanna,Sans Serif,Telu,INFO,standard,-0.064,19.7,,10.9,,,31,,2026-10-08-0604-1115,Mallanna-Regular.ttf,https://fonts.gstatic.com/s/mallanna/v15/hv-Vlzx-KEQb84YaDGwzEzRwVvJ-.ttf,
Maname,Serif,Sinh,INFO,standard,0.104,18.2,22.1,10.8,0.577,0.433,61,,2026-10-08-0604-1115,Maname-Regular.ttf,https://fonts.gstatic.com/s/maname/v2/gNMFW3J8RpCx9my42FkGGI6q_Q.ttf,
Mandali,Sans Serif,Telu,INFO,standard,-0.02,21.2,,11.7,,,23,,2026-10-08-0604-1115,Mandali-Regular.ttf,https://fonts.gstatic.com/s/mandali/v16/LhWlMVbYOfASNfNUVFk1ZPdcKtA.ttf,
Manjari,Sans Serif,Mlym,INFO,tight,-0.274,23.7,24.6,13,,0.77,12,,2026-10-08-0604-1115,Manjari-Regular.ttf,https://fonts.gstatic.com/s/manjari/v14/k3kQo8UPMOBO2w1UTd7iL0nAMaM.ttf,
Manrope,Sans Serif,,INFO,tight,-0.26,27.2,25.7,15.7,0.643,0.804,7,60,2026-10-08-0604-1115,Manrope-VariableFont_wght.ttf,https://fonts.gstatic.com/s/manrope/v20/xn7gYHE41ni1AdIRsgC7S9XdZN8.ttf,
Mansalva,Handwriting,,INFO,loose,1.268,25.1,49.4,14.6,0.732,0.553,76,,2026-10-08-0604-1115,Mansalva-Regular.ttf,https://fonts.gstatic.com/s/mansalva/v16/aWB4m0aacbtDfvq5NJllI47vdyBg.ttf,
Manuale,Serif,,INFO,standard,0.104,21.1,25.9,13.2,0.564,0.689,34,70,2026-10-08-0604-1115,Manuale-VariableFont_wght.ttf,https://fonts.gstatic.com/s/manuale/v31/f0X20eas_8Z-TFZdBPbEw8nG6aY.ttf,
Manufacturing Consent,Display,,WARN,standard,0.006,22.4,41.4,13.8,-0.302,0.221,33,60,2026-10-08-0604-1115,ManufacturingConsent-Regular.ttf,https://fonts.gstatic.com/s/manufacturingconsent/v1/N0bL2TVONuFkPkuHfiECSLCwuZS-D-IsakikR6QvbfFYLA.ttf,"WARN spacing/pairs: 25 pairs are spaced far from how Display fonts usually compare with the model (units per 1000 em, + looser): Su -145, XB -194, XH -174, XF -176, Sp -120, XK -175, XL -174, LF -157, LK -156, XU -162."
Marcellus,Serif,,INFO,tight,-0.372,16.6,23.2,9,0.882,0.875,78,80,2026-10-08-0604-1115,Marcellus-Regular.ttf,https://fonts.gstatic.com/s/marcellus/v14/wEO_EBrOk8hQLDvIAF8FUfAL3EsHiA.ttf,
Marcellus SC,Serif,,INFO,tight,-0.319,17.7,18,9.9,0.858,0.934,66,70,2026-10-08-0604-1115,MarcellusSC-Regular.ttf,https://fonts.gstatic.com/s/marcellussc/v14/ke8iOgUHP1dg-Rmi6RWjbLEPgdydGKikhA.ttf,
Marck Script,Handwriting,,INFO,standard,-0.784,38.9,67.6,22.9,0.666,0.747,48,,2026-10-08-0604-1115,MarckScript-Regular.ttf,https://fonts.gstatic.com/s/marckscript/v22/nwpTtK2oNgBA3Or78gapdwuCzyI-aMPF7Q.ttf,
Margarine,Display,,INFO,standard,0.09,12.8,19.8,6.1,0.73,0.826,85,80,2026-10-08-0604-1115,Margarine-Regular.ttf,https://fonts.gstatic.com/s/margarine/v27/qkBXXvoE6trLT9Y7YLye5JRLkAXbMQ.ttf,
Marhey,Display,Arab,INFO,standard,0.287,17.1,23.6,8.7,0.692,0.487,61,,2026-10-08-0604-1115,Marhey-VariableFont_wght.ttf,https://fonts.gstatic.com/s/marhey/v8/x3dhck7Laq-T7wlhkYUldNsetg.ttf,
Markazi Text,Serif,Arab,INFO,loose,0.35,10.5,16,6.2,0.77,0.81,100,,2026-10-08-0604-1115,MarkaziText-VariableFont_wght.ttf,https://fonts.gstatic.com/s/markazitext/v28/syk0-ydym6AtQaiEtX7yhqblpn-UJ1H6Uw.ttf,
Marko One,Serif,,INFO,loose,0.408,19.7,,14.7,,,47,70,2026-10-08-0604-1115,MarkoOne-Regular.ttf,https://fonts.gstatic.com/s/markoone/v24/9Btq3DFG0cnVM5lw1haaKpUfrHPzUw.ttf,
Marmelad,Sans Serif,,INFO,loose,0.493,21.3,37.1,12.7,0.792,0.742,22,60,2026-10-08-0604-1115,Marmelad-Regular.ttf,https://fonts.gstatic.com/s/marmelad/v19/Qw3eZQdSHj_jK2e-8tFLG-YMC0R8.ttf,
Martel,Serif,Deva,INFO,loose,0.275,26.7,23,18.4,0.947,0.826,10,,2026-10-08-0604-1115,Martel-Regular.ttf,https://fonts.gstatic.com/s/martel/v12/PN_xRfK9oXHga0XtYcI-jT3L_w.ttf,
Martel Sans,Sans Serif,Deva,INFO,loose,0.257,17.2,,11.2,,,47,,2026-10-08-0604-1115,MartelSans-Regular.ttf,https://fonts.gstatic.com/s/martelsans/v14/h0GsssGi7VdzDgKjM-4d8ijfze-PPlUu.ttf,
Martian Mono,Monospace,,SKIP,,,,,,,,,,,"MartianMono-VariableFont_wdth,wght.ttf",https://fonts.gstatic.com/s/martianmono/v6/2V0aKIcADoYhV6w87xrTKjsiAqPJZ2Xx8w.ttf,"SKIP spacing/monospaced: Skipped: every letter has the same advance width, so the spacing is set by the width, not by sidebearings and kerning."
Marvel,Sans Serif,,INFO,standard,0.034,9.5,12.6,5.7,0.73,0.889,98,90,2026-10-08-0604-1115,Marvel-Regular.ttf,https://fonts.gstatic.com/s/marvel/v17/nwpVtKeoNgBV0qaIkV7ED366zg.ttf,
Matangi,Sans Serif,Deva,INFO,tight,-0.954,22.1,27,10.9,0.752,0.809,19,,2026-10-08-0604-1115,Matangi-VariableFont_wght.ttf,https://fonts.gstatic.com/s/matangi/v5/kmK9ZqE2FhDIeX2QpD1v0ybZuuQ.ttf,
Mate,Serif,,INFO,standard,0.052,19.4,46.2,12.9,0.807,0.971,51,70,2026-10-08-0604-1115,Mate-Regular.ttf,https://fonts.gstatic.com/s/mate/v19/m8JdjftRd7WZ2z28WoXSaLU.ttf,
Mate SC,Serif,,INFO,loose,0.226,20.2,45.2,14.2,0.68,1,43,70,2026-10-08-0604-1115,MateSC-Regular.ttf,https://fonts.gstatic.com/s/matesc/v23/-nF8OGQ1-uoVr2wKyiXZ95OkJwA.ttf,
Matemasie,Sans Serif,,INFO,standard,0.026,12.9,13.3,7.6,0.745,0.281,87,80,2026-10-08-0604-1115,Matemasie-Regular.ttf,https://fonts.gstatic.com/s/matemasie/v4/OD5BuMCN3ne3Gmr7dlL3rEq4DL6w2w.ttf,
Maven Pro,Sans Serif,,INFO,standard,0.155,24.7,29.7,13.4,0.857,0.95,10,60,2026-10-08-0604-1115,MavenPro-VariableFont_wght.ttf,https://fonts.gstatic.com/s/mavenpro/v40/7Au9p_AqnyWWAxW2Wk32ym4JMFge0g.ttf,
McLaren,Display,,INFO,standard,-0.118,15.5,26.5,7.4,0.621,0.769,68,80,2026-10-08-0604-1115,McLaren-Regular.ttf,https://fonts.gstatic.com/s/mclaren/v19/2EbnL-ZuAXFqZFXISYYf8z2Yt_c.ttf,
Mea Culpa,Handwriting,,INFO,tight,-6,116.3,178,100.2,0.149,0.41,,,2026-10-08-0604-1115,MeaCulpa-Regular.ttf,https://fonts.gstatic.com/s/meaculpa/v8/AMOTz4GcuWbEIuza8jsZms0QW3mqyg.ttf,
Meddon,Handwriting,,INFO,tight,-6,182.6,,122,,,,,2026-10-08-0604-1115,Meddon-Regular.ttf,https://fonts.gstatic.com/s/meddon/v27/kmK8ZqA2EgDNeHTZhBdB3y_Aow.ttf,
MedievalSharp,Display,,INFO,standard,0.179,24.3,,15.6,,,26,70,2026-10-08-0604-1115,MedievalSharp-Regular.ttf,https://fonts.gstatic.com/s/medievalsharp/v28/EvOJzAlL3oU5AQl2mP5KdgptAq96MwvXLDk.ttf,
Medula One,Display,,INFO,standard,0.176,8.9,17.3,5.7,0.607,0.555,98,90,2026-10-08-0604-1115,MedulaOne-Regular.ttf,https://fonts.gstatic.com/s/medulaone/v20/YA9Wr0qb5kjJM6l2V0yukiEqs7GtlvY.ttf,
Meera Inimai,Sans Serif,Taml,WARN,standard,-0.052,29.2,,45.4,,,4,,2026-10-08-0604-1115,MeeraInimai-Regular.ttf,https://fonts.gstatic.com/s/meerainimai/v14/845fNMM5EIqOW5MPuvO3ILep_2jDVevnLQ.ttf,"WARN spacing/glyph-sides: 1 sidebearing is far outside the norms of Sans Serif fonts (units per 1000 em against their median): j left +186. | WARN spacing/pairs: 32 pairs are spaced far from how Sans Serif fonts usually compare with the model (units per 1000 em, + looser): wj +144, sj +148, yj +170, zj +151, xj +171, oj +142, kj +168, ej +140, Oj +142, rj +152."
Megrim,Display,,INFO,standard,-0.025,19.8,,9.5,,,48,70,2026-10-08-0604-1115,Megrim-Regular.ttf,https://fonts.gstatic.com/s/megrim/v18/46kulbz5WjvLqJZlbWXgd0RY1g.ttf,
Meie Script,Handwriting,,FAIL,standard,-0.268,188.8,,161.9,,,0,,2026-10-08-0604-1115,MeieScript-Regular.ttf,https://fonts.gstatic.com/s/meiescript/v22/_LOImzDK7erRjhunIspaMjxn5IXg0WDz.ttf,"FAIL spacing/evenness: Shape error 188.8 units per 1000 em (gaps that depart from even spacing of these shapes): 100th percentile of Handwriting fonts (median 36.4, robust z +7.8). | FAIL spacing/glyph-sides: 23 sidebearings are far outside the norms of Handwriting fonts (units per 1000 em against their median): N right -603, M right -402, O left +482, G left +408, V left +569, U left +521, W left +595, F left +365. | WARN spacing/pairs: 895 pairs are spaced far from how Handwriting fonts usually compare with the model (units per 1000 em, + looser): Nc -588, Nv -554, Nw -556, No -564, Nq -549, Ng -568, Na -548, ’U +597, Ni -572, ’O +597."
Menbere,Sans Serif,Ethi,INFO,standard,0.029,14.6,14.6,10.2,0.721,0.33,74,,2026-10-08-0604-1115,Menbere-VariableFont_wght.ttf,https://fonts.gstatic.com/s/menbere/v1/lJwH-p0zhmBrWvcG6UiArb8L3iY.ttf,
Meow Script,Handwriting,,INFO,tight,-6,67.5,61.8,84.3,0.1,0.538,,,2026-10-08-0604-1115,MeowScript-Regular.ttf,https://fonts.gstatic.com/s/meowscript/v6/0FlQVPqanlaJrtr8AnJ0ESch0_0CfDf1.ttf,
Merienda,Handwriting,,INFO,loose,0.323,27.2,34.6,20,0.877,0.894,71,,2026-10-08-0604-1115,Merienda-VariableFont_wght.ttf,https://fonts.gstatic.com/s/merienda/v22/gNMHW3x8Qoy5_mf8uVMCOou6_dvg.ttf,
Merriweather,Serif,,INFO,standard,0.008,15.4,15.4,14.3,0.637,0.443,88,80,2026-10-08-0604-1115,"Merriweather-VariableFont_opsz,wdth,wght.ttf",https://fonts.gstatic.com/s/merriweather/v33/u-440qyriQwlOrhSvowK_l5OeyxNV-bnrw.ttf,
Merriweather Sans,Sans Serif,,INFO,loose,0.316,23.2,27.1,14.1,0.785,0.746,14,60,2026-10-08-0604-1115,MerriweatherSans-VariableFont_wght.ttf,https://fonts.gstatic.com/s/merriweathersans/v28/2-c99IRs1JiJN1FRAMjTN5zd9vgsFEXySDTL8wtf.ttf,
Metal,Display,Khmr,WARN,standard,-0.391,33,39.5,48.8,0.648,0.739,10,,2026-10-08-0604-1115,Metal-Regular.ttf,https://fonts.gstatic.com/s/metal/v32/lW-wwjUJIXTo7i3nnoQAUdN2.ttf,"WARN spacing/glyph-sides: 23 glyph sides are spaced far from the norms of Display fonts (units per 1000 em against their median): U right -105, J right -104, g left +78, H right -102, N right -100, V left +122, W left +116, r left +72."
Metal Mania,Display,,INFO,tight,-6,35.8,25.6,24.5,0.442,0.984,,,2026-10-08-0604-1115,MetalMania-Regular.ttf,https://fonts.gstatic.com/s/metalmania/v23/RWmMoKWb4e8kqMfBUdPFJeXCg6UKDXlq.ttf,
Metamorphous,Display,,INFO,standard,0.115,26.7,,16.7,,,18,60,2026-10-08-0604-1115,Metamorphous-Regular.ttf,https://fonts.gstatic.com/s/metamorphous/v22/Wnz8HA03aAXcC39ZEX5y1330PCCthTsmaQ.ttf,
Metrophobic,Sans Serif,,INFO,standard,0.065,17.6,20.4,9.9,0.619,0.611,45,70,2026-10-08-0604-1115,Metrophobic-Regular.ttf,https://fonts.gstatic.com/s/metrophobic/v24/sJoA3LZUhMSAPV_u0qwiAT-J737FPEEL.ttf,
Michroma,Sans Serif,,FAIL,tight,-0.837,46.8,28.6,29.7,0.824,0.817,1,40,2026-10-08-0604-1115,Michroma-Regular.ttf,https://fonts.gstatic.com/s/michroma/v21/PN_zRfy9qWD8fEagAMg6rzjb_-Da.ttf,"FAIL spacing/evenness: Shape error 46.8 units per 1000 em (gaps that depart from even spacing of these shapes): 99th percentile of Sans Serif fonts (median 17.0, robust z +6.7)."
Micro 5,Display,,INFO,loose,1.378,10,,47.2,,,94,90,2026-10-08-0604-1115,Micro5-Regular.ttf,https://fonts.gstatic.com/s/micro5/v2/H4cnBX2MkcfEngTr0gYQ7LO5mqc.ttf,
Micro 5 Charted,Display,,INFO,tight,-6,2.6,,25,,,,,2026-10-08-0604-1115,Micro5Charted-Regular.ttf,https://fonts.gstatic.com/s/micro5charted/v2/hESp6XxmPDtTtADZhn7oD_yrmxEGRUsJQAlbUA.ttf,
Milonga,Display,,INFO,standard,-0.135,19.2,26.9,9.5,0.494,0.745,51,70,2026-10-08-0604-1115,Milonga-Regular.ttf,https://fonts.gstatic.com/s/milonga/v24/SZc53FHnIaK9W5kffz3GkUrS8DI.ttf,
Miltonian,Display,,INFO,tight,-0.549,13.3,13.7,7.3,0.688,0.692,82,80,2026-10-08-0604-1115,Miltonian-Regular.ttf,https://fonts.gstatic.com/s/miltonian/v32/zOL-4pbPn6Ne9JqTg9mr6e5As-FeiQ.ttf,
Miltonian Tattoo,Display,,INFO,standard,0.043,16.7,16.3,11.4,0.698,0.725,63,70,2026-10-08-0604-1115,MiltonianTattoo-Regular.ttf,https://fonts.gstatic.com/s/miltoniantattoo/v34/EvOUzBRL0o0kCxF-lcMCQxlpVsA_FwP8MDBku-s.ttf,
Mina,Sans Serif,Beng,INFO,standard,-0.174,26.6,,15,,,7,,2026-10-08-0604-1115,Mina-Regular.ttf,https://fonts.gstatic.com/s/mina/v14/-nFzOGc18vARrz9j7i3y65o.ttf,
Mingzat,Sans Serif,Lepc,INFO,loose,0.299,25.4,,13.3,,,9,,2026-10-08-0604-1115,Mingzat-Regular.ttf,https://fonts.gstatic.com/s/mingzat/v12/0QIgMX5C-o-oWWyvBttkm_mv670.ttf,
Miniver,Display,,INFO,tight,-6,50.6,,39.6,,,,,2026-10-08-0604-1115,Miniver-Regular.ttf,https://fonts.gstatic.com/s/miniver/v27/eLGcP-PxIg-5H0vC770Cy8r8fWA.ttf,
Miranda Sans,Sans Serif,,INFO,standard,-0.013,14.9,22.7,7.9,0.737,0.751,72,80,2026-10-08-0604-1115,MirandaSans-VariableFont_wght.ttf,https://fonts.gstatic.com/s/mirandasans/v3/aFTT7Pt8ZWk4XsiWhk7Rb_etaIf4VllXuA.ttf,
Miriam Libre,Sans Serif,Hebr,INFO,loose,0.33,17,17.1,9.7,0.769,0.403,50,,2026-10-08-0604-1115,MiriamLibre-VariableFont_wght.ttf,https://fonts.gstatic.com/s/miriamlibre/v19/DdTh798HsHwubBAqfkcBTL_vYJn_Teun9g.ttf,
Mirza,Serif,Arab,INFO,standard,0.238,17.1,25.1,11.1,0.808,0.737,72,,2026-10-08-0604-1115,Mirza-Regular.ttf,https://fonts.gstatic.com/s/mirza/v19/co3ImWlikiN5EurdKMewsrvI.ttf,
Miss Fajardose,Handwriting,,INFO,tight,-6,165.4,157.1,150.4,-0.084,0.406,,,2026-10-08-0604-1115,MissFajardose-Regular.ttf,https://fonts.gstatic.com/s/missfajardose/v23/E21-_dn5gvrawDdPFVl-N0Ajb8qvWPaJq4no.ttf,
Mitr,Sans Serif,Thai,INFO,standard,-0.067,20.8,22.2,12.1,0.759,0.486,25,,2026-10-08-0604-1115,Mitr-Regular.ttf,https://fonts.gstatic.com/s/mitr/v13/pxiLypw5ucZFyTsyMJj_b1o.ttf,
Mochiy Pop One,Sans Serif,Jpan,INFO,standard,0.16,25.3,,13.6,,,9,,2026-10-08-0604-1115,MochiyPopOne-Regular.ttf,https://fonts.gstatic.com/s/mochiypopone/v12/QdVPSTA9Jh-gg-5XZP2UmU4O9kwwD3s6ZKAi.ttf,
Mochiy Pop P One,Sans Serif,Jpan,INFO,standard,0.16,25.3,,13.6,,,9,,2026-10-08-0604-1115,MochiyPopPOne-Regular.ttf,https://fonts.gstatic.com/s/mochiypoppone/v12/Ktk2AKuPeY_td1-h9LayHYWCjAqyN4O3WYZB_sU.ttf,
Modak,Display,Deva,INFO,tight,-1.541,9.7,10.4,7.1,0.68,0.495,95,,2026-10-08-0604-1115,Modak-Regular.ttf,https://fonts.gstatic.com/s/modak/v21/EJRYQgs1XtIEsnMH8BVZ76KU.ttf,
Modern Antiqua,Display,,INFO,loose,0.157,28.2,,19.6,,,16,60,2026-10-08-0604-1115,ModernAntiqua-Regular.ttf,https://fonts.gstatic.com/s/modernantiqua/v26/NGStv5TIAUg6Iq_RLNo_2dp1sI1Ea2u0c3Gi.ttf,
Moderustic,Sans Serif,,INFO,standard,0.008,21.2,23.8,11.8,0.686,0.876,23,60,2026-10-08-0604-1115,Moderustic-VariableFont_wght.ttf,https://fonts.gstatic.com/s/moderustic/v3/2-ci9J9s3o6eLFNHFdXYcu7XoZFDf2Q.ttf,
Mogra,Display,Gujr,INFO,loose,0.419,22.2,23.9,16.7,0.389,0.369,35,,2026-10-08-0604-1115,Mogra-Regular.ttf,https://fonts.gstatic.com/s/mogra/v22/f0X40eSs8c95TBo4DvLmxtnG.ttf,
Mohave,Sans Serif,,INFO,loose,0.573,14.7,20.9,8.9,0.527,0.783,73,80,2026-10-08-0604-1115,Mohave-VariableFont_wght.ttf,https://fonts.gstatic.com/s/mohave/v13/7cHpv4ksjJunKqMPC8E46HsxnA.ttf,
Moirai One,Display,Kore,INFO,tight,-1.842,26.3,19.2,19.1,0.858,0.309,19,,2026-10-08-0604-1115,MoiraiOne-Regular.ttf,https://fonts.gstatic.com/s/moiraione/v3/2sDbZGFUgJLJmby6xgNGT0WWB7UcfCg.ttf,
Molengo,Sans Serif,,INFO,loose,0.198,22.1,17.5,13.5,0.546,1,19,60,2026-10-08-0604-1115,Molengo-Regular.ttf,https://fonts.gstatic.com/s/molengo/v17/I_uuMpWeuBzZNBtQbbRQkiCvs5Y.ttf,
Molle,Handwriting,,INFO,tight,-6,69.8,,68.3,,,,,,Molle-Italic.ttf,https://fonts.gstatic.com/s/molle/v25/E21n_dL5hOXFhWEsXzgmVydREus.ttf,
Momo Signature,Sans Serif,,INFO,tight,-6,113.9,128.1,120.6,0.312,0.847,,,2026-10-08-0604-1115,MomoSignature-Regular.ttf,https://fonts.gstatic.com/s/momosignature/v2/RrQJbop99C51b06IDAuFoM0yCqcoMcmJPECN.ttf,
Momo Trust Display,Sans Serif,,INFO,loose,0.36,15,15.9,9.2,0.734,0.346,71,80,2026-10-08-0604-1115,MomoTrustDisplay-Regular.ttf,https://fonts.gstatic.com/s/momotrustdisplay/v2/WWXPlieNYgyPZLyBUuEkKZFhFHyjqb1un2xNNgNa1A.ttf,
Momo Trust Sans,Sans Serif,,INFO,standard,0.121,17.4,19.6,11.1,0.622,0.435,46,70,2026-10-08-0604-1115,MomoTrustSans-VariableFont_wght.ttf,https://fonts.gstatic.com/s/momotrustsans/v4/BXRzvFfHh_fFyXlQWZgO0TyUN7P31beyoRkJIA.ttf,
Mona Sans,Sans Serif,,WARN,tight,-0.369,16.3,18.5,10.5,0.847,0.458,58,70,2026-10-08-0604-1115,"MonaSans-VariableFont_wdth,wght.ttf",https://fonts.gstatic.com/s/monasans/v4/o-0IIpQmx24alC5A4PNb4j5Ba_2c7A.ttf,WARN spacing/instances: 1 location of the designspace is spaced far from the norms or from its neighbours: Black (spacing jumps against its neighbours).
Monda,Sans Serif,,INFO,loose,0.613,21.5,21.9,11.8,0.533,0.805,22,60,2026-10-08-0604-1115,Monda-VariableFont_wght.ttf,https://fonts.gstatic.com/s/monda/v19/TK3tWkYFABsmjvpmNBsLvPdG.ttf,
Monofett,Monospace,,SKIP,,,,,,,,,,,Monofett-Regular.ttf,https://fonts.gstatic.com/s/monofett/v24/mFTyWbofw6zc9NtnW43SuRwr0VJ7.ttf,"SKIP spacing/monospaced: Skipped: every letter has the same advance width, so the spacing is set by the width, not by sidebearings and kerning."
Monomakh,Display,Cyrl,INFO,loose,0.31,19.8,39.4,10.6,0.824,0.899,48,,2026-10-08-0604-1115,Monomakh-Regular.ttf,https://fonts.gstatic.com/s/monomakh/v1/Wnz4HAk3Yh_SC3FACTYdiArcPRKo.ttf,
Monomaniac One,Sans Serif,Hira,INFO,loose,0.814,16,18.9,9.8,0.263,0.787,62,,2026-10-08-0604-1115,MonomaniacOne-Regular.ttf,https://fonts.gstatic.com/s/monomaniacone/v15/4iC06K17YctZjx50EU-QlwPmcqRnqYkB5kwI.ttf,
Monoton,Display,,INFO,tight,-0.971,25.7,30.8,17.1,0.251,0.701,21,60,2026-10-08-0604-1115,Monoton-Regular.ttf,https://fonts.gstatic.com/s/monoton/v22/5h1aiZUrOngCibe4fkbBQ2S7FU8.ttf,
Monsieur La Doulaise,Handwriting,,INFO,tight,-6,197.9,177.3,152.1,0.442,0.594,,,2026-10-08-0604-1115,MonsieurLaDoulaise-Regular.ttf,https://fonts.gstatic.com/s/monsieurladoulaise/v20/_Xmz-GY4rjmCbQfc-aPRaa4pqV340p7EZl5ewkEU4HTy.ttf,
Montaga,Serif,,INFO,loose,0.295,20.3,22.9,12.3,0.699,0.751,42,70,2026-10-08-0604-1115,Montaga-Regular.ttf,https://fonts.gstatic.com/s/montaga/v14/H4cnBX2Ml8rCkEO_0gYQ7LO5mqc.ttf,
Montagu Slab,Serif,,INFO,standard,-0.192,15.4,15.2,8.8,0.833,0.513,88,80,2026-10-08-0604-1115,"MontaguSlab-VariableFont_opsz,wght.ttf",https://fonts.gstatic.com/s/montaguslab/v17/6qLHKZIQtB_zv0xUaXRDWkYlFlnXaxIyYw.ttf,
MonteCarlo,Handwriting,,INFO,tight,-6,77.7,94.9,86.4,0.196,0.676,,,2026-10-08-0604-1115,MonteCarlo-Regular.ttf,https://fonts.gstatic.com/s/montecarlo/v13/buEzpo6-f9X01GadLA0G0CoV_NxLeiw.ttf,
Montenegrin Gothic One,Serif,,WARN,tight,-0.1,20.3,16.5,39.6,0.699,0.332,42,60,2026-10-08-0604-1115,MontenegrinGothicOne-Regular.ttf,https://fonts.gstatic.com/s/montenegringothicone/v2/Z9XHDnlOQBOL3vX7a9a3psnL-c3rnUnyw7QanwZUGAoD6lA.ttf,"WARN spacing/glyph-sides: 14 glyph sides are spaced far from the norms of Serif fonts (units per 1000 em against their median): I left -70, F left -70, E left -70, R left -70, N left -66, L left -69, H left -69, B left -69."
Montez,Handwriting,,INFO,tight,-0.858,38.8,34.3,24.5,0.595,0.709,49,,2026-10-08-0604-1115,Montez-Regular.ttf,https://fonts.gstatic.com/s/montez/v25/845ZNMk5GoGIX8lm1LDeSd-R_g.ttf,
Montserrat,Sans Serif,,INFO,tight,-0.336,19.6,22.1,13.8,0.578,0.645,31,70,2026-10-08-0604-1115,Montserrat-VariableFont_wght.ttf,https://fonts.gstatic.com/s/montserrat/v31/JTUSjIg1_i6t8kCHKm45xW5rygbi49c.ttf,
Montserrat Alternates,Sans Serif,,INFO,tight,-0.37,18.8,20.7,13.4,0.527,0.614,37,70,2026-10-08-0604-1115,MontserratAlternates-Regular.ttf,https://fonts.gstatic.com/s/montserratalternates/v18/mFTvWacfw6zH4dthXcyms1lPpC8I_b0juU0J7K3RCJ1b0w.ttf,
Montserrat Underline,Sans Serif,,WARN,tight,-1.249,13.3,16.9,6.8,-0.022,0.003,83,80,2026-10-08-0604-1115,MontserratUnderline-VariableFont_wght.ttf,https://fonts.gstatic.com/s/montserratunderline/v3/mFTuWaYfw6zH4dthXcyms01NtC8I_7U5uR4pxoPdAYRC.ttf,"WARN spacing/tightness: Overall tightness: Looseness -1.25 is at the 0th percentile of Sans Serif fonts (median +0.03, robust z -4.3)."
Moo Lah Lah,Display,,INFO,tight,-0.79,27.5,32,16,0.837,0.677,17,60,2026-10-08-0604-1115,MooLahLah-Regular.ttf,https://fonts.gstatic.com/s/moolahlah/v8/dg4h_p_opKZOA0w1AYcm55wtYQYugjW4.ttf,
Mooli,Sans Serif,,INFO,standard,-0.141,20.1,22.9,11.3,0.717,0.65,29,70,2026-10-08-0604-1115,Mooli-Regular.ttf,https://fonts.gstatic.com/s/mooli/v1/-F6_fjJpLyk1bYPBBG7YpzlJ.ttf,
Moon Dance,Handwriting,,INFO,standard,-0.485,42.5,47.5,29.6,0.659,0.907,40,,2026-10-08-0604-1115,MoonDance-Regular.ttf,https://fonts.gstatic.com/s/moondance/v8/WBLgrEbUbFlYW9ekmGawe2XiKMiokE4.ttf,
Moul,Display,Khmr,INFO,loose,0.899,18.5,25.8,11,0.785,0.735,54,,2026-10-08-0604-1115,Moul-Regular.ttf,https://fonts.gstatic.com/s/moul/v30/nuF2D__FSo_3E-RYiJCy-00.ttf,
Moulpali,Sans Serif,Khmr,INFO,loose,0.835,14,38.2,8,0.644,0.701,79,,2026-10-08-0604-1115,Moulpali-Regular.ttf,https://fonts.gstatic.com/s/moulpali/v33/H4ckBXKMl9HagUWymyY6wr-wg763.ttf,
Mountains of Christmas,Display,,WARN,standard,-0.129,25.7,23,16.9,0.766,0.737,21,60,2026-10-08-0604-1115,MountainsofChristmas-Regular.ttf,https://fonts.gstatic.com/s/mountainsofchristmas/v24/3y9w6a4zcCnn5X0FDyrKi2ZRUBIy8uxoUo7ePNamMPNpJpc.ttf,"WARN spacing/glyph-sides: 3 glyph sides are spaced far from the norms of Display fonts (units per 1000 em against their median): Q right -99, k right -130, R right -95."
Mouse Memoirs,Sans Serif,,INFO,standard,0.054,7.9,12.2,4.7,0.698,0.71,99,100,2026-10-08-0604-1115,MouseMemoirs-Regular.ttf,https://fonts.gstatic.com/s/mousememoirs/v19/t5tmIRoSNJ-PH0WNNgDYxdSb7TnFrpOHYh4.ttf,
Mozilla Headline,Sans Serif,,INFO,standard,-0.141,14.2,15.3,9.2,0.707,0.711,77,80,2026-10-08-0604-1115,"MozillaHeadline-VariableFont_wdth,wght.ttf",https://fonts.gstatic.com/s/mozillaheadline/v1/QGY1z-UXahmCOps4kyMKGuSA9pYtwfjcL4mVDik.ttf,
Mozilla Text,Sans Serif,,INFO,standard,-0.039,13.8,18.5,7.6,0.778,0.691,80,80,2026-10-08-0604-1115,MozillaText-VariableFont_wght.ttf,https://fonts.gstatic.com/s/mozillatext/v1/SZc-3FrnJ7S7WZIff2mJ7Tbz6BlLiCcUGA.ttf,
Mr Bedfort,Handwriting,,INFO,tight,-6,57.1,44.5,43.6,0.442,0.638,,,2026-10-08-0604-1115,MrBedfort-Regular.ttf,https://fonts.gstatic.com/s/mrbedfort/v23/MQpR-WCtNZSWAdTMwBicliq0XZe_Iy8.ttf,
Mr Dafoe,Handwriting,,INFO,tight,-6,110.2,85.7,113.1,0.049,0.489,,,2026-10-08-0604-1115,MrDafoe-Regular.ttf,https://fonts.gstatic.com/s/mrdafoe/v15/lJwE-pIzkS5NXuMMrGiqg7MCxz_C.ttf,
Mr De Haviland,Handwriting,,INFO,tight,-6,111.2,89,91,-0.07,0.33,,,2026-10-08-0604-1115,MrDeHaviland-Regular.ttf,https://fonts.gstatic.com/s/mrdehaviland/v15/OpNVnooIhJj96FdB73296ksbOj3C4ULVNTlB.ttf,
Mrs Saint Delafield,Handwriting,,INFO,tight,-6,100.8,90.1,104.5,0.486,0.614,,,2026-10-08-0604-1115,MrsSaintDelafield-Regular.ttf,https://fonts.gstatic.com/s/mrssaintdelafield/v14/v6-IGZDIOVXH9xtmTZfRagunqBw5WC62cK4tLsubB2w.ttf,
Mrs Sheppards,Handwriting,,INFO,tight,-6,95.5,79,109.6,0.02,0.143,,,2026-10-08-0604-1115,MrsSheppards-Regular.ttf,https://fonts.gstatic.com/s/mrssheppards/v25/PN_2Rfm9snC0XUGoEZhb91ig3vjxynMix4Y.ttf,
Ms Madi,Handwriting,,INFO,tight,-6,76.6,81.1,64.5,0.222,0.408,,,2026-10-08-0604-1115,MsMadi-Regular.ttf,https://fonts.gstatic.com/s/msmadi/v2/HTxsL2UxNnOji5E1N-DPiI7QAYo.ttf,
Mukta,Sans Serif,Deva,INFO,standard,0.015,14.2,18.6,9.1,0.701,0.629,77,,2026-10-08-0604-1115,Mukta-Regular.ttf,https://fonts.gstatic.com/s/mukta/v17/iJWKBXyXfDDVXYnGp32S0H3f.ttf,
Mukta Mahee,Sans Serif,Guru,INFO,standard,0.016,13.8,18.7,8.4,0.677,0.61,80,,2026-10-08-0604-1115,MuktaMahee-Regular.ttf,https://fonts.gstatic.com/s/muktamahee/v19/XRXQ3IOIi0hcP8iVU67hA-vNWz4PDWtj.ttf,
Mukta Malar,Sans Serif,Taml,INFO,standard,-0.097,15.7,14.1,11,0.79,0.628,65,,2026-10-08-0604-1115,MuktaMalar-Regular.ttf,https://fonts.gstatic.com/s/muktamalar/v14/MCoXzAXyz8LOE2FpJMxZqLv4LfQJwHbn.ttf,
Mukta Vaani,Sans Serif,Gujr,INFO,standard,0.015,14.6,20.5,9.1,0.685,0.592,74,,2026-10-08-0604-1115,MuktaVaani-Regular.ttf,https://fonts.gstatic.com/s/muktavaani/v15/3Jn5SD_-ynaxmxnEfVHPIF0FfORL0fNy.ttf,
Mulish,Sans Serif,,INFO,standard,-0.202,16.2,19.3,9,0.735,0.687,59,70,2026-10-08-0604-1115,Mulish-VariableFont_wght.ttf,https://fonts.gstatic.com/s/mulish/v18/1Ptvg83HX_SGhgqU2AAsQqB3BA.ttf,
Murecho,Sans Serif,Jpan,INFO,standard,-0.173,16.9,16.6,9.4,0.734,0.901,52,,2026-10-08-0604-1115,Murecho-VariableFont_wght.ttf,https://fonts.gstatic.com/s/murecho/v18/q5uHsoq3NOBn_I-gmilCBxxdmYU.ttf,
MuseoModerno,Display,,INFO,tight,-0.513,22.1,28.3,13.9,0.57,0.592,36,70,2026-10-08-0604-1115,MuseoModerno-VariableFont_wght.ttf,https://fonts.gstatic.com/s/museomoderno/v29/zrfi0HnU0_7wWdMrFcWqSEXVXAPqgALaow.ttf,
My Soul,Handwriting,,INFO,tight,-6,114.8,149.1,103.9,0.22,0.378,,,2026-10-08-0604-1115,MySoul-Regular.ttf,https://fonts.gstatic.com/s/mysoul/v7/3XFqErcuy945_u6KF_Ulk2nnXf0.ttf,
Mynerve,Handwriting,,INFO,loose,0.835,27.1,35.7,15.4,0.472,0.484,72,,2026-10-08-0604-1115,Mynerve-Regular.ttf,https://fonts.gstatic.com/s/mynerve/v8/P5sCzZKPdNjb4jt7xCRuiZ-uydg.ttf,
Mystery Quest,Display,,WARN,tight,-1.877,45.1,,29.8,,,3,50,2026-10-08-0604-1115,MysteryQuest-Regular.ttf,https://fonts.gstatic.com/s/mysteryquest/v21/-nF6OG414u0E6k0wynSGlujRHwElD_9Qz9E.ttf,"WARN spacing/tightness: Overall tightness: Looseness -1.88 is at the 3rd percentile of Display fonts (median +0.04, robust z -3.5). | WARN spacing/glyph-sides: 7 glyph sides are spaced far from the norms of Display fonts (units per 1000 em against their median): E left -146, B left -130, K right -116, A left -102, A right -102, D left -90, k right -93. | WARN spacing/pairs: 82 pairs are spaced far from how Display fonts usually compare with the model (units per 1000 em, + looser): xE -236, kE -224, xB -217, VE -233, kB -200, wE -208, KE -209, CE -159, vE -207, vB -202."
Nabla,Display,,WARN,loose,1.871,15,51,6.6,0.494,0.875,71,80,2026-10-08-0604-1115,"Nabla-Regular-VariableFont_EDPT,EHLT.ttf",https://fonts.gstatic.com/s/nabla/v17/j8_l6-LI0Lvpe6kRse78FCl4.ttf,WARN spacing/instances: 2 locations of the designspace are spaced far from the norms or from their neighbours: EHLT 0 (min) (spacing jumps against its neighbours); EHLT 24 (max) (spacing jumps against its neighbours).
Namdhinggo,Serif,Limb,INFO,loose,0.258,16.5,,8.8,,,79,,2026-10-08-0604-1115,Namdhinggo-Regular.ttf,https://fonts.gstatic.com/s/namdhinggo/v2/uk-mEGe3rbgg8Xzoy5-TDnWj4yxx7o8.ttf,
Nanum Brush Script,Handwriting,Kore,INFO,loose,0.661,28.7,,17.7,,,68,,2026-10-08-0604-1115,NanumBrushScript-Regular.ttf,https://fonts.gstatic.com/s/nanumbrushscript/v26/wXK2E2wfpokopxzthSqPbcR5_gVaxazyjqBr1lO97Q.ttf,
Nanum Gothic,Sans Serif,Kore,INFO,standard,-0.055,25.2,,13.9,,,9,,2026-10-08-0604-1115,NanumGothic-Regular.ttf,https://fonts.gstatic.com/s/nanumgothic/v26/PN_3Rfi-oW3hYwmKDpxS7F_z_tLfxno73g.ttf,
Nanum Gothic Coding,Handwriting,Kore,SKIP,,,,,,,,,,,NanumGothicCoding-Regular.ttf,https://fonts.gstatic.com/s/nanumgothiccoding/v27/8QIVdjzHisX_8vv59_xMxtPFW4IXROwsy6QxVs1X7tc.ttf,"SKIP spacing/monospaced: Skipped: every letter has the same advance width, so the spacing is set by the width, not by sidebearings and kerning."
Nanum Myeongjo,Serif,Kore,INFO,standard,0.235,27,39.4,13.4,0.757,1,9,,2026-10-08-0604-1115,NanumMyeongjo-Regular.ttf,https://fonts.gstatic.com/s/nanummyeongjo/v31/9Btx3DZF0dXLMZlywRbVRNhxy1LreHQ8juyl.ttf,
Nanum Pen Script,Handwriting,Kore,INFO,loose,0.73,24.2,,14.5,,,78,,2026-10-08-0604-1115,NanumPenScript-Regular.ttf,https://fonts.gstatic.com/s/nanumpenscript/v25/daaDSSYiLGqEal3MvdA_FOL_3FkN2z7-aMFCcTU.ttf,
Narnoor,Sans Serif,Gong,INFO,loose,0.394,24.3,,13.9,,,11,,2026-10-08-0604-1115,Narnoor-Regular.ttf,https://fonts.gstatic.com/s/narnoor/v10/cIf9MaFWuVo-UTyPxCmrYGkHgIs.ttf,
Nata Sans,Sans Serif,,INFO,tight,-0.273,20,18.1,10.8,0.744,0.485,29,70,2026-10-08-0604-1115,NataSans-VariableFont_wght.ttf,https://fonts.gstatic.com/s/natasans/v1/1q2EY5KBClBit88SU_tOyMQbjEX5fw.ttf,
National Park,Sans Serif,,INFO,standard,-0.087,18.3,22.8,9.1,0.657,0.692,40,70,2026-10-08-0604-1115,NationalPark-VariableFont_wght.ttf,https://fonts.gstatic.com/s/nationalpark/v4/GftD7vJOtg4NO-gmoY4nmcqP410fThX-Zsw.ttf,
Neonderthaw,Handwriting,,INFO,tight,-6,63.6,103.8,50.1,0.754,0.971,,,2026-10-08-0604-1115,Neonderthaw-Regular.ttf,https://fonts.gstatic.com/s/neonderthaw/v8/Iure6Yx5-oWVZI0r-17AeZZJprVA4XQ0.ttf,
Nerko One,Handwriting,,INFO,loose,0.694,13.1,32.6,6.3,0.923,0.923,96,,2026-10-08-0604-1115,NerkoOne-Regular.ttf,https://fonts.gstatic.com/s/nerkoone/v17/m8JQjfZSc7OXlB3ZMOjzcJ5BZmqa3A.ttf,
Neucha,Handwriting,,INFO,tight,-0.619,15.8,25.8,9.5,0.761,0.866,94,,2026-10-08-0604-1115,Neucha-Regular.ttf,https://fonts.gstatic.com/s/neucha/v18/q5uGsou0JOdh94bvugNsCxVEgA.ttf,
Neuton,Serif,,INFO,standard,-0.196,16.6,,9.5,,,78,80,2026-10-08-0604-1115,Neuton-Regular.ttf,https://fonts.gstatic.com/s/neuton/v24/UMBTrPtMoH62xUZyyII7civlBw.ttf,
New Amsterdam,Sans Serif,,INFO,tight,-0.409,10.2,8.8,6.6,0.919,0.294,95,90,2026-10-08-0604-1115,NewAmsterdam-Regular.ttf,https://fonts.gstatic.com/s/newamsterdam/v1/YA9Vr02Y5lucHqUlbEe51kBtl7mGiv_Q7dA.ttf,
New Rocker,Display,,INFO,loose,0.252,23.8,28.5,12.8,0.69,0.564,28,70,2026-10-08-0604-1115,NewRocker-Regular.ttf,https://fonts.gstatic.com/s/newrocker/v17/MwQzbhjp3-HImzcCU_cJkGMViblPtXs.ttf,
New Tegomin,Serif,Jpan,WARN,loose,0.566,53.7,,31.5,,,0,,2026-10-08-0604-1115,NewTegomin-Regular.ttf,https://fonts.gstatic.com/s/newtegomin/v13/SLXMc1fV7Gd9USdBAfPlqfN0Q3ptkDMN.ttf,"WARN spacing/evenness: Shape error 53.7 units per 1000 em (gaps that depart from even spacing of these shapes): 100th percentile of Serif fonts (median 19.5, robust z +8.2). | WARN spacing/glyph-sides: 3 sidebearings are far outside the norms of Serif fonts (units per 1000 em against their median): . right +222, , right +225, ' right +235. | WARN spacing/pairs: 187 pairs are spaced far from how Serif fonts usually compare with the model (units per 1000 em, + looser): 'S +228, .a +204, .( +374, .u +233, .i +198, .l +213, .r +209, .k +200, ,( +371, .L +201."
News Cycle,Sans Serif,,INFO,tight,-0.398,18.1,18,10.3,0.786,0.649,41,70,2026-10-08-0604-1115,NewsCycle-Regular.ttf,https://fonts.gstatic.com/s/newscycle/v26/CSR64z1Qlv-GDxkbKVQ_TOcATNt_pOU.ttf,
Newsreader,Serif,,WARN,standard,0.046,12.7,15,7.4,0.88,0.845,97,90,2026-10-08-0604-1115,"Newsreader-VariableFont_opsz,wght.ttf",https://fonts.gstatic.com/s/newsreader/v26/cY9AfjOCX1hbuyalUrK479n4jaBGNpY.ttf,WARN spacing/instances: 1 location of the designspace is spaced far from the norms or from its neighbours: ExtraBold (spacing jumps against its neighbours).
Niconne,Handwriting,,INFO,tight,-1.491,41.5,108.6,29.3,0.1,0.719,44,,2026-10-08-0604-1115,Niconne-Regular.ttf,https://fonts.gstatic.com/s/niconne/v16/w8gaH2QvRug1_rTfrQut2F4OuOo.ttf,
Niramit,Sans Serif,Thai,WARN,standard,0.06,24.6,22.9,18.2,0.507,0.674,11,,2026-10-08-0604-1115,Niramit-Regular.ttf,https://fonts.gstatic.com/s/niramit/v12/I_uuMpWdvgLdNxVLbbRQkiCvs5Y.ttf,WARN spacing/glyph-sides: 1 sidebearing is far outside the norms of Sans Serif fonts (units per 1000 em against their median): j left +170.
Nixie One,Display,,INFO,tight,-0.395,17.1,16.9,10.8,0.683,0.836,61,70,2026-10-08-0604-1115,NixieOne-Regular.ttf,https://fonts.gstatic.com/s/nixieone/v17/lW-8wjkKLXjg5y2o2uUoUOFzpS-yLw.ttf,
Nobile,Sans Serif,,INFO,tight,-0.236,31.3,16,17.9,0.946,0.889,3,50,2026-10-08-0604-1115,Nobile-Regular.ttf,https://fonts.gstatic.com/s/nobile/v19/m8JTjflSeaOVl1i2XqfXeLVdbw.ttf,
Nokora,Sans Serif,Khmr,INFO,standard,-0.07,18.1,34.6,10.7,0.729,0.801,41,,2026-10-08-0604-1115,Nokora-VariableFont_wght.ttf,https://fonts.gstatic.com/s/nokora/v34/hYkIPuwgTubzaWxQOzoPovZg8Q.ttf,
Norican,Handwriting,,INFO,tight,-6,59.8,77.3,48.8,0.598,0.769,,,2026-10-08-0604-1115,Norican-Regular.ttf,https://fonts.gstatic.com/s/norican/v16/MwQ2bhXp1eSBqjkPGJJRtGs-lbA.ttf,
Nosifer,Display,,INFO,loose,0.562,16.2,52.9,10.8,0.996,0.571,65,70,2026-10-08-0604-1115,Nosifer-Regular.ttf,https://fonts.gstatic.com/s/nosifer/v23/ZGjXol5JTp0g5bxZaC1RVDNdGDs.ttf,
Notable,Sans Serif,,WARN,tight,-0.427,22.2,24.5,15.8,0.896,0.481,18,60,2026-10-08-0604-1115,Notable-Regular.ttf,https://fonts.gstatic.com/s/notable/v20/gNMEW3N_SIqx-WX9-HMoFIez5MI.ttf,"WARN spacing/pairs: 17 pairs are spaced far from how Sans Serif fonts usually compare with the model (units per 1000 em, + looser): p, -414, p. -392, av -132, aw -128, lw -132, f, -269, f. -270, lv -132, lg +102, lW -133."
Nothing You Could Do,Handwriting,,WARN,tight,-0.963,56.1,,38.8,,,22,,2026-10-08-0604-1115,NothingYouCouldDo-Regular.ttf,https://fonts.gstatic.com/s/nothingyoucoulddo/v21/oY1B8fbBpaP5OX3DtrRYf_Q2BPB1SnfZb0OJl1ol2Ymo.ttf,"WARN spacing/glyph-sides: 1 sidebearing is far outside the norms of Handwriting fonts (units per 1000 em against their median): J right -398. | WARN spacing/pairs: 53 pairs are spaced far from how Handwriting fonts usually compare with the model (units per 1000 em, + looser): Ji -329, Jd -381, Jg -321, Jo -318, Jc -316, J& -369, Jq -322, JS -331, Ju -323, Jy -334."
Noticia Text,Serif,,INFO,standard,0.111,19.5,25.1,13.8,0.871,0.851,50,70,2026-10-08-0604-1115,NoticiaText-Regular.ttf,https://fonts.gstatic.com/s/noticiatext/v16/VuJ2dNDF2Yv9qppOePKYRP1GYTFZt0rNpQ.ttf,
Noto Color Emoji,Sans Serif,,SKIP,,,,,,,,,,,,,SKIP spacing/not-latin: Skipped: the family has no Latin subset (emoji). The check covers fonts with the basic Latin alphabet.
Noto Emoji,Sans Serif,,SKIP,,,,,,,,,,,,,SKIP spacing/not-latin: Skipped: the family has no Latin subset (emoji). The check covers fonts with the basic Latin alphabet.
Noto Kufi Arabic,Sans Serif,Arab,INFO,standard,-0.052,15.7,21.2,10.3,0.762,0.911,65,,2026-10-08-0604-1115,NotoKufiArabic-VariableFont_wght.ttf,https://fonts.gstatic.com/s/notokufiarabic/v27/CSRk4ydQnPyaDxEXLFF6LZVLKrodnOQPF2KpMzE.ttf,
Noto Music,Sans Serif,,INFO,standard,-0.052,15.7,21.2,10.3,0.761,0.911,65,70,2026-10-08-0604-1115,NotoMusic-Regular.ttf,https://fonts.gstatic.com/s/notomusic/v21/pe0rMIiSN5pO63htf1sxIteQB9Zra1U.ttf,
Noto Naskh Arabic,Serif,Arab,INFO,loose,0.201,15.4,21.2,9.6,0.816,0.936,88,,2026-10-08-0604-1115,NotoNaskhArabic-VariableFont_wght.ttf,https://fonts.gstatic.com/s/notonaskharabic/v44/RrQKbpV-9Dd1b1OAGA6M9PkyDuVBeO2BF1yELmgy.ttf,
Noto Nastaliq Urdu,Serif,Arab,WARN,loose,0.364,25.5,32.8,14.1,0.821,0.926,12,,2026-10-08-0604-1115,NotoNastaliqUrdu-VariableFont_wght.ttf,https://fonts.gstatic.com/s/notonastaliqurdu/v23/LhW4MUPbN-oZdNFcBy1-DJYsEoTq5puHSPANO9blOA.ttf,"WARN spacing/pairs: 41 pairs are spaced far from how Serif fonts usually compare with the model (units per 1000 em, + looser): !z +166, !g +168, !T +159, !f +163, !! +293, !s +159, !m +164, !G +168, !e +168, !Z +160."
Noto Rashi Hebrew,Serif,Hebr,INFO,loose,0.242,15.9,23,9.4,0.814,0.937,84,,2026-10-08-0604-1115,NotoRashiHebrew-VariableFont_wght.ttf,https://fonts.gstatic.com/s/notorashihebrew/v28/EJRMQh82XsIK-QFmqXk4zvLwFVya0utA2omSrzS8.ttf,
Noto Sans,Sans Serif,,INFO,standard,-0.052,15.7,21.2,10.3,0.762,0.911,65,70,2026-10-08-0604-1115,"NotoSans-VariableFont_wdth,wght.ttf",https://fonts.gstatic.com/s/notosans/v42/o-0IIpQlx3QUlC5A4PNb4j5Ba_2c7A.ttf,
Noto Sans Adlam,Sans Serif,Adlm,INFO,standard,-0.056,16,21.2,10.4,0.761,0.911,62,,2026-10-08-0604-1115,NotoSansAdlam-VariableFont_wght.ttf,https://fonts.gstatic.com/s/notosansadlam/v27/neITzCCpqp0s5pPusPamd81eMfjVqVkarSqSwA.ttf,
Noto Sans Adlam Unjoined,Sans Serif,Adlm,INFO,standard,-0.056,16,21.2,10.4,0.761,0.911,62,,2026-10-08-0604-1115,NotoSansAdlamUnjoined-VariableFont_wght.ttf,https://fonts.gstatic.com/s/notosansadlamunjoined/v28/P5sRzY2MYsLRsB5_ildkzPPDsLQXcOEmaFOqOGcAaZ41lBRPOw.ttf,
Noto Sans Anatolian Hieroglyphs,Sans Serif,Hluw,INFO,standard,-0.052,16,,10.3,,,62,,2026-10-08-0604-1115,NotoSansAnatolianHieroglyphs-Regular.ttf,https://fonts.gstatic.com/s/notosansanatolianhieroglyphs/v17/ijw9s4roRME5LLRxjsRb8A0gKPSWq4BbDmHHu6j2pEtUJzZWXybIymc5QYo.ttf,
Noto Sans Arabic,Sans Serif,Arab,INFO,standard,-0.052,15.7,21.2,10.3,0.762,0.911,65,,2026-10-08-0604-1115,"NotoSansArabic-VariableFont_wdth,wght.ttf",https://fonts.gstatic.com/s/notosansarabic/v33/nwpPtLGrOAZMl5nJ_wfgRg3DrWFZQML36H986K0.ttf,
Noto Sans Armenian,Sans Serif,Armn,INFO,standard,-0.045,15.1,18.4,9.9,0.737,0.917,71,,2026-10-08-0604-1115,"NotoSansArmenian-VariableFont_wdth,wght.ttf",https://fonts.gstatic.com/s/notosansarmenian/v47/ZgNOjOZKPa7CHqq0h37c7ReDUubm2SEHHliXap5UrA.ttf,
Noto Sans Avestan,Sans Serif,Avst,INFO,standard,-0.051,15.8,21.6,10.2,0.755,0.907,64,,2026-10-08-0604-1115,NotoSansAvestan-Regular.ttf,https://fonts.gstatic.com/s/notosansavestan/v22/bWti7ejKfBziStx7lIzKOLQZKhIJkyu9SASLji8U.ttf,
Noto Sans Balinese,Sans Serif,Bali,INFO,standard,-0.052,16,,10.2,,,62,,2026-10-08-0604-1115,NotoSansBalinese-VariableFont_wght.ttf,https://fonts.gstatic.com/s/notosansbalinese/v27/NaPFcYvSBuhTirw6IaFn6UrRDaqje-lzZpaduWMmxA.ttf,
Noto Sans Bamum,Sans Serif,Bamu,INFO,standard,-0.052,16,,10.2,,,62,,2026-10-08-0604-1115,NotoSansBamum-VariableFont_wght.ttf,https://fonts.gstatic.com/s/notosansbamum/v35/uk-7EGK3o6EruUbnwovcbBTkkklQ9qRP5I18Mg.ttf,
Noto Sans Bassa Vah,Sans Serif,Bass,INFO,standard,-0.052,16,,10.2,,,62,,2026-10-08-0604-1115,NotoSansBassaVah-VariableFont_wght.ttf,https://fonts.gstatic.com/s/notosansbassavah/v21/PN_sRee-r3f7LnqsD5sax12gjZn7mBpL_4c2VNUQptE.ttf,
Noto Sans Batak,Sans Serif,Batk,INFO,standard,-0.052,15.7,21.4,10.3,0.755,0.901,65,,2026-10-08-0604-1115,NotoSansBatak-Regular.ttf,https://fonts.gstatic.com/s/notosansbatak/v24/gok2H6TwAEdtF9N8-mdTCQvT-Zdgo4_PHuk74A.ttf,
Noto Sans Bengali,Sans Serif,Beng,INFO,standard,-0.024,15.2,20,9.9,0.756,0.898,71,,2026-10-08-0604-1115,"NotoSansBengali-VariableFont_wdth,wght.ttf",https://fonts.gstatic.com/s/notosansbengali/v33/Cn-sJsCGWQxOjaGwMQ6fIiMywrNJIlaxvBuclp_T.ttf,
Noto Sans Bhaiksuki,Sans Serif,Bhks,INFO,standard,-0.052,16,,10.3,,,62,,2026-10-08-0604-1115,NotoSansBhaiksuki-Regular.ttf,https://fonts.gstatic.com/s/notosansbhaiksuki/v18/UcC63EosKniBH4iELXATsSBWdvUHXxhj8rLUdU4wh9U.ttf,
Noto Sans Brahmi,Sans Serif,Brah,INFO,standard,-0.052,15.7,21.2,10.3,0.761,0.911,65,,2026-10-08-0604-1115,NotoSansBrahmi-Regular.ttf,https://fonts.gstatic.com/s/notosansbrahmi/v20/vEFK2-VODB8RrNDvZSUmQQIIByV18tK1W77HtMo.ttf,
Noto Sans Buginese,Sans Serif,Bugi,INFO,standard,-0.052,16,,10.3,,,62,,2026-10-08-0604-1115,NotoSansBuginese-Regular.ttf,https://fonts.gstatic.com/s/notosansbuginese/v21/esDM30ldNv-KYGGJpKGk18phe_7Da6_gtfuEXLmNtw.ttf,
Noto Sans Buhid,Sans Serif,Buhd,INFO,standard,-0.052,15.7,21.2,10.3,0.761,0.911,65,,2026-10-08-0604-1115,NotoSansBuhid-Regular.ttf,https://fonts.gstatic.com/s/notosansbuhid/v23/Dxxy8jiXMW75w3OmoDXVWJD7YwzAe6tgnaFoGA.ttf,
Noto Sans Canadian Aboriginal,Sans Serif,Cans,INFO,standard,-0.052,15.7,21.2,10.3,0.761,0.911,65,,2026-10-08-0604-1115,NotoSansCanadianAboriginal-VariableFont_wght.ttf,https://fonts.gstatic.com/s/notosanscanadianaboriginal/v28/4C_gLjTuEqPj-8J01CwaGkiZ9os0iGVkezM1mUT-j_Lmly1RyBEnAtbz.ttf,
Noto Sans Carian,Sans Serif,Cari,INFO,standard,-0.052,16,,10.3,,,62,,2026-10-08-0604-1115,NotoSansCarian-Regular.ttf,https://fonts.gstatic.com/s/notosanscarian/v17/LDIpaoiONgYwA9Yc6f0gUILeMIOgs7ob9yGLmfI.ttf,
Noto Sans Caucasian Albanian,Sans Serif,,INFO,standard,-0.052,15.7,21.2,10.3,0.761,0.911,65,70,2026-10-08-0604-1115,NotoSansCaucasianAlbanian-Regular.ttf,https://fonts.gstatic.com/s/notosanscaucasianalbanian/v19/nKKA-HM_FYFRJvXzVXaANsU0VzsAc46QGOkWytlTs-TXrYDmoVmRSZo.ttf,
Noto Sans Chakma,Sans Serif,Cakm,INFO,standard,-0.052,16,,10.3,,,62,,2026-10-08-0604-1115,NotoSansChakma-Regular.ttf,https://fonts.gstatic.com/s/notosanschakma/v19/Y4GQYbJ8VTEp4t3MKJSMjg5OIzhi4JjTQhYBeYo.ttf,
Noto Sans Cham,Sans Serif,Cham,INFO,standard,-0.052,15.7,21.2,10.3,0.761,0.911,65,,2026-10-08-0604-1115,NotoSansCham-VariableFont_wght.ttf,https://fonts.gstatic.com/s/notosanscham/v33/pe03MIySN5pO62Z5YkFyQb_bbv5qWVAgVol-.ttf,
Noto Sans Cherokee,Sans Serif,Cher,INFO,standard,-0.052,16,,10.3,,,62,,2026-10-08-0604-1115,NotoSansCherokee-VariableFont_wght.ttf,https://fonts.gstatic.com/s/notosanscherokee/v25/KFO6Cm6Yu8uF-29fiz9vQF9YWK6Z8O1ue1GwCVgHYg.ttf,
Noto Sans Chorasmian,Sans Serif,Chrs,INFO,standard,-0.052,15.7,21.2,10.3,0.761,0.911,65,,2026-10-08-0604-1115,NotoSansChorasmian-Regular.ttf,https://fonts.gstatic.com/s/notosanschorasmian/v3/MQpL-X6uKMC7ROPLwRnI9ULxK_7NVkf8S5vyoH7w4g9b.ttf,
Noto Sans Coptic,Sans Serif,Copt,INFO,standard,-0.052,15.7,21.2,10.3,0.761,0.911,65,,2026-10-08-0604-1115,NotoSansCoptic-Regular.ttf,https://fonts.gstatic.com/s/notosanscoptic/v22/iJWfBWmUZi_OHPqn4wq6kgqumOEd78u_VG0xR4Y.ttf,
Noto Sans Cuneiform,Sans Serif,Xsux,INFO,standard,-0.052,16,,10.3,,,62,,2026-10-08-0604-1115,NotoSansCuneiform-Regular.ttf,https://fonts.gstatic.com/s/notosanscuneiform/v18/bMrrmTWK7YY-MF22aHGGd7H8PhJtvBDWgb9JlRQueeQ.ttf,
Noto Sans Cypriot,Sans Serif,Cprt,INFO,standard,-0.052,15.7,21.2,10.3,0.761,0.911,65,,2026-10-08-0604-1115,NotoSansCypriot-Regular.ttf,https://fonts.gstatic.com/s/notosanscypriot/v20/8AtzGta9PYqQDjyp79a6f8Cj-3a3cxIsK5MPpahF.ttf,
Noto Sans Cypro Minoan,Sans Serif,,INFO,standard,-0.052,15.7,21.2,10.3,0.761,0.911,65,70,2026-10-08-0604-1115,NotoSansCyproMinoan-Regular.ttf,https://fonts.gstatic.com/s/notosanscyprominoan/v1/2Eb2L_dtDUlkNmPHB_UVtEzp3ZlPGqZ_4nAGq9eSf8_eQSE.ttf,
Noto Sans Deseret,Sans Serif,Dsrt,INFO,standard,-0.052,16,,10.3,,,62,,2026-10-08-0604-1115,NotoSansDeseret-Regular.ttf,https://fonts.gstatic.com/s/notosansdeseret/v18/MwQsbgPp1eKH6QsAVuFb9AZM6MMr2Vq9ZnJSZtQG.ttf,
Noto Sans Devanagari,Sans Serif,Deva,INFO,standard,0.133,20.1,24,11.9,0.769,0.917,29,,2026-10-08-0604-1115,"NotoSansDevanagari-VariableFont_wdth,wght.ttf",https://fonts.gstatic.com/s/notosansdevanagari/v30/TuGOUUFzXI5FBtUq5a8bjKYTZjtRU6Sgv2lRdRhtCC4d.ttf,
Noto Sans Display,Sans Serif,,INFO,standard,-0.031,14.8,20.2,9.8,0.758,0.882,73,80,2026-10-08-0604-1115,"NotoSansDisplay-VariableFont_wdth,wght.ttf",https://fonts.gstatic.com/s/notosansdisplay/v30/RLplK4fy6r6tOBEJg0IAKzqdFZVZxokvfn_BDLxR.ttf,
Noto Sans Duployan,Sans Serif,Dupl,INFO,standard,0.08,15.8,21.8,12.4,0.769,0.903,64,,2026-10-08-0604-1115,NotoSansDuployan-Regular.ttf,https://fonts.gstatic.com/s/notosansduployan/v19/gokzH7nwAEdtF9N8-mdTDx_X9JM5wsvrFsIn6WYDvA.ttf,
Noto Sans Egyptian Hieroglyphs,Sans Serif,Egyp,INFO,standard,-0.052,15.7,21.2,10.3,0.761,0.911,65,,2026-10-08-0604-1115,NotoSansEgyptianHieroglyphs-Regular.ttf,https://fonts.gstatic.com/s/notosansegyptianhieroglyphs/v30/vEF42-tODB8RrNDvZSUmRhcQHzx1s7y_F9-j3qSzEcbEYindSVK8xRg7iw.ttf,
Noto Sans Elbasan,Sans Serif,Elba,INFO,standard,-0.052,16,,10.3,,,62,,2026-10-08-0604-1115,NotoSansElbasan-Regular.ttf,https://fonts.gstatic.com/s/notosanselbasan/v17/-F6rfiZqLzI2JPCgQBnw400qp1trvHdlre4dFcFh.ttf,
Noto Sans Elymaic,Sans Serif,,INFO,standard,-0.052,15.7,21.2,10.3,0.761,0.911,65,70,2026-10-08-0604-1115,NotoSansElymaic-Regular.ttf,https://fonts.gstatic.com/s/notosanselymaic/v18/UqyKK9YTJW5liNMhTMqe9vUFP65ZD4AjWOT0zi2V.ttf,
Noto Sans Ethiopic,Sans Serif,Ethi,INFO,standard,-0.052,16,,10.3,,,62,,2026-10-08-0604-1115,"NotoSansEthiopic-VariableFont_wdth,wght.ttf",https://fonts.gstatic.com/s/notosansethiopic/v50/7cH1v50vjIepfJVOZZgcpQ5B9FBTH9KcPtq-rpvLpQ.ttf,
Noto Sans Georgian,Sans Serif,Geor,INFO,standard,-0.052,15.7,21.2,10.3,0.761,0.911,65,,2026-10-08-0604-1115,"NotoSansGeorgian-VariableFont_wdth,wght.ttf",https://fonts.gstatic.com/s/notosansgeorgian/v48/PlIgFke5O6RzLfvNNVSitxkr76PRHBCiaf5GGPq86g.ttf,
Noto Sans Glagolitic,Sans Serif,Glag,INFO,standard,-0.052,15.7,21.2,10.3,0.761,0.911,65,,2026-10-08-0604-1115,NotoSansGlagolitic-Regular.ttf,https://fonts.gstatic.com/s/notosansglagolitic/v19/1q2ZY4-BBFBst88SU_tOj4J-4yuNF_HI4ERK4Amu7nM1.ttf,
Noto Sans Gothic,Sans Serif,Goth,INFO,standard,-0.052,16,,10.3,,,62,,2026-10-08-0604-1115,NotoSansGothic-Regular.ttf,https://fonts.gstatic.com/s/notosansgothic/v17/TuGKUUVzXI5FBtUq5a8bj6wRbzxTFMX40kFQRx0.ttf,
Noto Sans Grantha,Sans Serif,Gran,INFO,standard,-0.052,15.7,21.2,10.3,0.761,0.911,65,,2026-10-08-0604-1115,NotoSansGrantha-Regular.ttf,https://fonts.gstatic.com/s/notosansgrantha/v20/3y976akwcCjmsU8NDyrKo3IQfQ4o-r8cFeulHc6N.ttf,
Noto Sans Gujarati,Sans Serif,Gujr,INFO,standard,-0.052,15.7,21.2,10.3,0.762,0.911,65,,2026-10-08-0604-1115,"NotoSansGujarati-VariableFont_wdth,wght.ttf",https://fonts.gstatic.com/s/notosansgujarati/v27/wlpsgx_HC1ti5ViekvcxnhMlCVo3f5p13JpDd6u3AQ.ttf,
Noto Sans Gunjala Gondi,Sans Serif,Gong,INFO,standard,0.066,19,21.4,11.4,0.695,0.916,35,,2026-10-08-0604-1115,NotoSansGunjalaGondi-VariableFont_wght.ttf,https://fonts.gstatic.com/s/notosansgunjalagondi/v21/bWto7e7KfBziStx7lIzKPrcSMwcEnCv6DW7n5hcVXYMTK4q1.ttf,
Noto Sans Gurmukhi,Sans Serif,Guru,INFO,standard,0.133,20.6,23.6,11.9,0.676,0.922,26,,2026-10-08-0604-1115,"NotoSansGurmukhi-VariableFont_wdth,wght.ttf",https://fonts.gstatic.com/s/notosansgurmukhi/v29/w8gHH3EvQP81sInb43inmyN9zZ7hb7AJZgdEAj--IQ.ttf,
Noto Sans Hanifi Rohingya,Sans Serif,Rohg,INFO,standard,-0.052,15.7,21.2,10.2,0.762,0.911,65,,2026-10-08-0604-1115,NotoSansHanifiRohingya-VariableFont_wght.ttf,https://fonts.gstatic.com/s/notosanshanifirohingya/v30/5h1IiYsoOmIC3Yu3MDXLDw3UZCgghyOEBBY7hhLN0IbPeXAy64Y.ttf,
Noto Sans Hanunoo,Sans Serif,Hano,INFO,standard,-0.052,15.7,21.2,10.3,0.761,0.911,65,,2026-10-08-0604-1115,NotoSansHanunoo-Regular.ttf,https://fonts.gstatic.com/s/notosanshanunoo/v22/f0Xs0fCv8dxkDWlZSoXOj6CphMloFsEsEpgL_ix2.ttf,
Noto Sans Hatran,Sans Serif,Hatr,INFO,standard,-0.052,16,,10.3,,,62,,2026-10-08-0604-1115,NotoSansHatran-Regular.ttf,https://fonts.gstatic.com/s/notosanshatran/v17/A2BBn4Ne0RgnVF3Lnko-0sOBIfL_mM83r1nwzDs.ttf,
Noto Sans Hebrew,Sans Serif,Hebr,INFO,standard,-0.147,15.2,20.8,9.4,0.758,0.882,71,,2026-10-08-0604-1115,"NotoSansHebrew-VariableFont_wdth,wght.ttf",https://fonts.gstatic.com/s/notosanshebrew/v50/or35Q7v33eiDljA1IufXTtVf7V6Rpko_aen0c78.ttf,
Noto Sans HK,Sans Serif,Hant,INFO,standard,0.319,31.6,32.3,17.6,0.65,0.732,3,,2026-10-08-0604-1115,NotoSansHK-VariableFont_wght.ttf,https://fonts.gstatic.com/s/notosanshk/v36/nKKQ-GM_FYFRJvXzVXaAPe9hNHB3Eu7mOQ.ttf,
Noto Sans Imperial Aramaic,Sans Serif,Armi,INFO,standard,-0.052,15.7,21.2,10.3,0.761,0.911,65,,2026-10-08-0604-1115,NotoSansImperialAramaic-Regular.ttf,https://fonts.gstatic.com/s/notosansimperialaramaic/v18/a8IMNpjwKmHXpgXbMIsbTc_kvks91LlLetBr5itQrtdml3YfPNno.ttf,
Noto Sans Indic Siyaq Numbers,Sans Serif,,INFO,standard,-0.052,15.7,21.2,10.3,0.761,0.911,65,70,2026-10-08-0604-1115,NotoSansIndicSiyaqNumbers-Regular.ttf,https://fonts.gstatic.com/s/notosansindicsiyaqnumbers/v17/6xK5dTJFKcWIu4bpRBjRZRpsIYHabOeZ8UZLubTzpXNHKx2WPOpVd5Iu.ttf,
Noto Sans Inscriptional Pahlavi,Sans Serif,Phli,INFO,standard,-0.052,15.7,21.2,10.3,0.761,0.911,65,,2026-10-08-0604-1115,NotoSansInscriptionalPahlavi-Regular.ttf,https://fonts.gstatic.com/s/notosansinscriptionalpahlavi/v18/ll8UK3GaVDuxR-TEqFPIbsR79Xxz9WEKbwsjpz7VklYlC7FCVtqVOAYK0QA.ttf,
Noto Sans Inscriptional Parthian,Sans Serif,Prti,INFO,standard,-0.052,15.7,21.2,10.3,0.761,0.911,65,,2026-10-08-0604-1115,NotoSansInscriptionalParthian-Regular.ttf,https://fonts.gstatic.com/s/notosansinscriptionalparthian/v18/k3k7o-IMPvpLmixcA63oYi-yStDkgXuXncL7dzfW3P4TAJ2yklBJ2jNkLlLr.ttf,
Noto Sans Javanese,Sans Serif,Java,INFO,standard,-0.052,15.7,21.2,10.2,0.762,0.911,65,,2026-10-08-0604-1115,NotoSansJavanese-VariableFont_wght.ttf,https://fonts.gstatic.com/s/notosansjavanese/v25/2V0AKJkDAIA6Hp4zoSScDjV0Y-eoHAHJ8r88Rp29eA.ttf,
Noto Sans JP,Sans Serif,Jpan,INFO,standard,0.188,18.3,25.5,11.5,0.618,0.74,40,,2026-10-08-0604-1115,NotoSansJP-VariableFont_wght.ttf,https://fonts.gstatic.com/s/notosansjp/v57/-F62fjtqLzI2JPCgQBnw7HFoxgIO2lZ9hg.ttf,
Noto Sans Kaithi,Sans Serif,Kthi,INFO,standard,-0.052,15.7,21.2,10.3,0.761,0.911,65,,2026-10-08-0604-1115,NotoSansKaithi-Regular.ttf,https://fonts.gstatic.com/s/notosanskaithi/v23/buEtppS9f8_vkXadMBJJu0tWjLwjQi0KdoZIKlo.ttf,
Noto Sans Kannada,Sans Serif,Knda,INFO,standard,0.07,19.7,20.6,11.3,0.675,0.922,31,,2026-10-08-0604-1115,"NotoSansKannada-VariableFont_wdth,wght.ttf",https://fonts.gstatic.com/s/notosanskannada/v32/8vIS7xs32H97qzQKnzfeXycxXZyUmz6kR47NCV5Z.ttf,
Noto Sans Kawi,Sans Serif,Kawi,INFO,standard,-0.052,15.7,21.2,10.2,0.762,0.911,65,,2026-10-08-0604-1115,NotoSansKawi-VariableFont_wght.ttf,https://fonts.gstatic.com/s/notosanskawi/v5/92zMtBJLNqsg7tCciW0EPHNNh0xrTCFOFZUF.ttf,
Noto Sans Kayah Li,Sans Serif,Kali,INFO,standard,-0.052,15.7,21.2,10.2,0.762,0.911,65,,2026-10-08-0604-1115,NotoSansKayahLi-VariableFont_wght.ttf,https://fonts.gstatic.com/s/notosanskayahli/v26/B50SF61OpWTRcGrhOVJJwOMXdca6Yec-gFPEM4EAUw.ttf,
Noto Sans Kharoshthi,Sans Serif,Khar,INFO,standard,-0.052,15.7,21.2,10.3,0.761,0.911,65,,2026-10-08-0604-1115,NotoSansKharoshthi-Regular.ttf,https://fonts.gstatic.com/s/notosanskharoshthi/v17/Fh4qPiLjKS30-P4-pGMMXCCfvkc5Vd7KE5z4rFyx5mR1.ttf,
Noto Sans Khmer,Sans Serif,Khmr,INFO,standard,-0.055,15.6,21.2,10.1,0.761,0.911,68,,2026-10-08-0604-1115,"NotoSansKhmer-VariableFont_wdth,wght.ttf",https://fonts.gstatic.com/s/notosanskhmer/v29/ijwNs5roRME5LLRxjsRb-gssOenawssxJii23w.ttf,
Noto Sans Khojki,Sans Serif,Khoj,INFO,standard,-0.052,15.7,21.2,10.3,0.761,0.911,65,,2026-10-08-0604-1115,NotoSansKhojki-Regular.ttf,https://fonts.gstatic.com/s/notosanskhojki/v20/-nFnOHM29Oofr2wohFbTuPPKVWpmK_d709jy92k.ttf,
Noto Sans Khudawadi,Sans Serif,Sind,INFO,standard,-0.052,15.7,21.2,10.3,0.761,0.911,65,,2026-10-08-0604-1115,NotoSansKhudawadi-Regular.ttf,https://fonts.gstatic.com/s/notosanskhudawadi/v23/fdNi9t6ZsWBZ2k5ltHN73zZ5hc8HANlHIjRnVVXz9MY.ttf,
Noto Sans KR,Sans Serif,Kore,INFO,standard,0.188,18.3,25.5,11.5,0.618,0.74,40,,2026-10-08-0604-1115,NotoSansKR-VariableFont_wght.ttf,https://fonts.gstatic.com/s/notosanskr/v40/PbykFmXiEBPT4ITbgNA5Cgm21nTs4JMMuA.ttf,
Noto Sans Lao,Sans Serif,Laoo,INFO,standard,-0.052,15.7,21.2,10.3,0.761,0.911,65,,2026-10-08-0604-1115,"NotoSansLao-VariableFont_wdth,wght.ttf",https://fonts.gstatic.com/s/notosanslao/v33/bx6DNx2Ol_ixgdYWLm9BwxM3L2Wj1qsPTKs.ttf,
Noto Sans Lao Looped,Sans Serif,Laoo,INFO,standard,-0.052,15.7,21.2,10.3,0.761,0.911,65,,2026-10-08-0604-1115,"NotoSansLaoLooped-VariableFont_wdth,wght.ttf",https://fonts.gstatic.com/s/notosanslaolooped/v10/a8IGNpbwKmHXpgXbMIsbSMP7-3U72qUOX4IKoU4xzO9n.ttf,
Noto Sans Lepcha,Sans Serif,Lepc,INFO,standard,-0.052,15.7,21.2,10.3,0.761,0.911,65,,2026-10-08-0604-1115,NotoSansLepcha-Regular.ttf,https://fonts.gstatic.com/s/notosanslepcha/v20/0QI7MWlB_JWgA166SKhu05TekNS32AJstqBXgd4.ttf,
Noto Sans Limbu,Sans Serif,Limb,INFO,standard,-0.052,15.7,21.2,10.3,0.761,0.911,65,,2026-10-08-0604-1115,NotoSansLimbu-Regular.ttf,https://fonts.gstatic.com/s/notosanslimbu/v26/3JnlSDv90Gmq2mrzckOBBRRoNJVj0MF3OHRDnA.ttf,
Noto Sans Linear A,Sans Serif,Lina,INFO,standard,-0.052,15.7,21.2,10.3,0.761,0.911,65,,2026-10-08-0604-1115,NotoSansLinearA-Regular.ttf,https://fonts.gstatic.com/s/notosanslineara/v19/oPWS_l16kP4jCuhpgEGmwJOiA18FZj22zmHQAGQicw.ttf,
Noto Sans Linear B,Sans Serif,Linb,INFO,standard,-0.052,16,,10.3,,,62,,2026-10-08-0604-1115,NotoSansLinearB-Regular.ttf,https://fonts.gstatic.com/s/notosanslinearb/v18/HhyJU4wt9vSgfHoORYOiXOckKNB737IV3BkFTq4EPw.ttf,
Noto Sans Lisu,Sans Serif,Lisu,INFO,standard,-0.052,16,,10.2,,,62,,2026-10-08-0604-1115,NotoSansLisu-VariableFont_wght.ttf,https://fonts.gstatic.com/s/notosanslisu/v27/uk-6EGO3o6EruUbnwovcYhz6kgRw3IpD7ZRl.ttf,
Noto Sans Lycian,Sans Serif,,SKIP,,,,,,,,,,,,,SKIP spacing/not-latin: Skipped: the family has no Latin subset (lycian). The check covers fonts with the basic Latin alphabet.
Noto Sans Lydian,Sans Serif,Lydi,INFO,standard,-0.052,15.7,21.2,10.3,0.761,0.911,65,,2026-10-08-0604-1115,NotoSansLydian-Regular.ttf,https://fonts.gstatic.com/s/notosanslydian/v19/c4m71mVzGN7s8FmIukZJ1v4ZlcPReUPXMoIjEQI.ttf,
Noto Sans Mahajani,Sans Serif,Mahj,INFO,standard,-0.052,15.7,21.2,10.3,0.761,0.911,65,,2026-10-08-0604-1115,NotoSansMahajani-Regular.ttf,https://fonts.gstatic.com/s/notosansmahajani/v20/-F6sfiVqLzI2JPCgQBnw60Agp0JrvD5Fh8ARHNh4zg.ttf,
Noto Sans Malayalam,Sans Serif,Mlym,INFO,standard,-0.001,16.6,18.2,10.3,0.676,0.922,55,,2026-10-08-0604-1115,"NotoSansMalayalam-VariableFont_wdth,wght.ttf",https://fonts.gstatic.com/s/notosansmalayalam/v29/sJoY3K5XjsSdcnzn071rL37lpAOsUThnF5k90TZO69o.ttf,
Noto Sans Mandaic,Sans Serif,Mand,INFO,standard,-0.052,15.7,21.2,10.3,0.761,0.911,65,,2026-10-08-0604-1115,NotoSansMandaic-Regular.ttf,https://fonts.gstatic.com/s/notosansmandaic/v18/cIfnMbdWt1w_HgCcilqhKQBo_OsMI5_A_gMk0izH.ttf,
Noto Sans Manichaean,Sans Serif,Mani,INFO,standard,-0.052,15.7,21.2,10.3,0.761,0.911,65,,2026-10-08-0604-1115,NotoSansManichaean-Regular.ttf,https://fonts.gstatic.com/s/notosansmanichaean/v19/taiVGntiC4--qtsfi4Jp9-_GkPZZCcrfekqCNTtFCtdX.ttf,
Noto Sans Marchen,Sans Serif,Marc,INFO,standard,-0.052,15.7,21.2,10.3,0.761,0.911,65,,2026-10-08-0604-1115,NotoSansMarchen-Regular.ttf,https://fonts.gstatic.com/s/notosansmarchen/v21/aFTO7OZ_Y282EP-WyG6QTOX_C8WZMHhPk652ZaHk.ttf,
Noto Sans Masaram Gondi,Sans Serif,Gonm,INFO,standard,-0.045,16.2,17,10.5,0.677,0.922,59,,2026-10-08-0604-1115,NotoSansMasaramGondi-Regular.ttf,https://fonts.gstatic.com/s/notosansmasaramgondi/v19/6xK_dThFKcWIu4bpRBjRYRV7KZCbUq6n_1kPnuGe7RI9WSWX.ttf,
Noto Sans Math,Sans Serif,,INFO,standard,0.011,19.8,24.4,12.1,0.759,0.905,30,70,2026-10-08-0604-1115,NotoSansMath-Regular.ttf,https://fonts.gstatic.com/s/notosansmath/v19/7Aump_cpkSecTWaHRlH2hyV5UHkG-V048PW0.ttf,
Noto Sans Mayan Numerals,Sans Serif,,INFO,standard,-0.052,16,,10.3,,,62,70,2026-10-08-0604-1115,NotoSansMayanNumerals-Regular.ttf,https://fonts.gstatic.com/s/notosansmayannumerals/v17/PlIuFk25O6RzLfvNNVSivR09_KqYMwvvDKYjfIiE68oo6eepYQ.ttf,
Noto Sans Medefaidrin,Sans Serif,Medf,INFO,standard,-0.052,15.7,21.2,10.2,0.762,0.911,65,,2026-10-08-0604-1115,NotoSansMedefaidrin-VariableFont_wght.ttf,https://fonts.gstatic.com/s/notosansmedefaidrin/v29/WwkAxOq6Dk-wranENynkfeVsNbRZtbOIdLbvcDV8OQsNbw.ttf,
Noto Sans Meetei Mayek,Sans Serif,Mtei,INFO,standard,-0.052,15.7,21.2,10.3,0.761,0.911,65,,2026-10-08-0604-1115,NotoSansMeeteiMayek-VariableFont_wght.ttf,https://fonts.gstatic.com/s/notosansmeeteimayek/v20/HTx9L3QyKieByqY9eZPFweO0be7M21uSphSdnKkpbrJN35k.ttf,
Noto Sans Mende Kikakui,Sans Serif,Mend,INFO,standard,-0.052,16,,10.3,,,62,,2026-10-08-0604-1115,NotoSansMendeKikakui-Regular.ttf,https://fonts.gstatic.com/s/notosansmendekikakui/v30/11hRGoLHz17aKjQCWj-JHcLvu2Q5zZrnkbNCLUx_aDJLAHer.ttf,
Noto Sans Meroitic,Sans Serif,Mero,INFO,standard,-0.045,15.9,21.4,10.4,0.761,0.911,64,,2026-10-08-0604-1115,NotoSansMeroitic-Regular.ttf,https://fonts.gstatic.com/s/notosansmeroitic/v19/IFS5HfRJndhE3P4b5jnZ3ITPvC6i00UDgDhTiKY9KQ.ttf,
Noto Sans Miao,Sans Serif,Plrd,INFO,standard,-0.052,15.7,21.4,10.3,0.755,0.901,65,,2026-10-08-0604-1115,NotoSansMiao-Regular.ttf,https://fonts.gstatic.com/s/notosansmiao/v20/Dxxz8jmXMW75w3OmoDXVV4zyZUjgUYVslLhx.ttf,
Noto Sans Modi,Sans Serif,Modi,INFO,standard,-0.052,15.7,21.2,10.3,0.761,0.911,65,,2026-10-08-0604-1115,NotoSansModi-Regular.ttf,https://fonts.gstatic.com/s/notosansmodi/v25/pe03MIySN5pO62Z5YkFyT7jeav5qWVAgVol-.ttf,
Noto Sans Mongolian,Sans Serif,Mong,INFO,standard,-0.032,14.7,18.7,9.4,0.737,0.914,73,,2026-10-08-0604-1115,NotoSansMongolian-Regular.ttf,https://fonts.gstatic.com/s/notosansmongolian/v23/VdGCAYADGIwE0EopZx8xQfHlgEAMsrToxLsg6-av1x0.ttf,
Noto Sans Mono,Sans Serif,,SKIP,,,,,,,,,,,"NotoSansMono-VariableFont_wdth,wght.ttf",https://fonts.gstatic.com/s/notosansmono/v37/BngRUXNETWXI6LwhGYvaxZikqYCByxyKeuDp.ttf,"SKIP spacing/monospaced: Skipped: every letter has the same advance width, so the spacing is set by the width, not by sidebearings and kerning."
Noto Sans Mro,Sans Serif,Mroo,INFO,standard,-0.052,16,,10.3,,,62,,2026-10-08-0604-1115,NotoSansMro-Regular.ttf,https://fonts.gstatic.com/s/notosansmro/v20/qWcsB6--pZv9TqnUQMhe9b39WDzRtjkho4M.ttf,
Noto Sans Multani,Sans Serif,Mult,INFO,standard,-0.052,16,,10.3,,,62,,2026-10-08-0604-1115,NotoSansMultani-Regular.ttf,https://fonts.gstatic.com/s/notosansmultani/v22/9Bty3ClF38_RfOpe1gCaZ8p30BOFO1A0pfCs5Kos.ttf,
Noto Sans Myanmar,Sans Serif,Mymr,INFO,standard,-0.032,14.4,18.7,9.4,0.742,0.891,76,,2026-10-08-0604-1115,"NotoSansMyanmar-VariableFont_wdth,wght.ttf",https://fonts.gstatic.com/s/notosansmyanmar/v27/AlZq_y1ZtY3ymOryg38hOCSdOnFq0En23OU4o1AC.ttf,
Noto Sans Nabataean,Sans Serif,Nbat,INFO,standard,-0.052,16,,10.3,,,62,,2026-10-08-0604-1115,NotoSansNabataean-Regular.ttf,https://fonts.gstatic.com/s/notosansnabataean/v17/IFS4HfVJndhE3P4b5jnZ34DfsjO330dNoBJ9hK8kMK4.ttf,
Noto Sans Nag Mundari,Sans Serif,Nagm,INFO,standard,-0.072,18,23.4,12,0.766,0.908,42,,2026-10-08-0604-1115,NotoSansNagMundari-VariableFont_wght.ttf,https://fonts.gstatic.com/s/notosansnagmundari/v4/3qTzoi2hnSyU8TNFIdhZTyod3g5lBnKlQFksmg2vd02J1Q.ttf,
Noto Sans Nandinagari,Sans Serif,Nand,INFO,standard,-0.052,15.7,21.2,10.3,0.761,0.911,65,,2026-10-08-0604-1115,NotoSansNandinagari-Regular.ttf,https://fonts.gstatic.com/s/notosansnandinagari/v4/or38Q7733eiDljA1IufXSNFT-1KI5y10H4jVa5RXzC1KOw.ttf,
Noto Sans New Tai Lue,Sans Serif,Talu,INFO,standard,-0.052,15.7,21.2,10.2,0.762,0.911,65,,2026-10-08-0604-1115,NotoSansNewTaiLue-VariableFont_wght.ttf,https://fonts.gstatic.com/s/notosansnewtailue/v24/H4c5BW-Pl9DZ0Xe_nHUapt7PovLXAhAnY7wwY55O4AS32A.ttf,
Noto Sans Newa,Sans Serif,Newa,INFO,standard,-0.052,15.7,21.2,10.3,0.761,0.911,65,,2026-10-08-0604-1115,NotoSansNewa-Regular.ttf,https://fonts.gstatic.com/s/notosansnewa/v18/7r3fqXp6utEsO9pI4f8ok8sWg8n_qN4R5lNU.ttf,
Noto Sans NKo,Sans Serif,Nkoo,INFO,standard,-0.052,15.7,21.2,10.3,0.761,0.911,65,,2026-10-08-0604-1115,NotoSansNKo-Regular.ttf,https://fonts.gstatic.com/s/notosansnko/v7/esDX31ZdNv-KYGGJpKGk2_RpMpCMHMLBrdA.ttf,
Noto Sans NKo Unjoined,Sans Serif,Nkoo,INFO,standard,-0.052,15.7,21.2,10.2,0.762,0.911,65,,2026-10-08-0604-1115,NotoSansNKoUnjoined-VariableFont_wght.ttf,https://fonts.gstatic.com/s/notosansnkounjoined/v4/MCoCzBjx1d3VUhJFK9MYlNCXJ6VvqwGPz3szJutjFqMvktM.ttf,
Noto Sans Nushu,Sans Serif,,INFO,standard,-0.052,16,,10.3,,,62,70,2026-10-08-0604-1115,NotoSansNushu-Regular.ttf,https://fonts.gstatic.com/s/notosansnushu/v20/rnCw-xRQ3B7652emAbAe_Ai1IYaFWFAMArZKqQ.ttf,
Noto Sans Ogham,Sans Serif,Ogam,INFO,standard,-0.052,16,,10.3,,,62,,2026-10-08-0604-1115,NotoSansOgham-Regular.ttf,https://fonts.gstatic.com/s/notosansogham/v18/kmKlZqk1GBDGN0mY6k5lmEmww4hrt5laQxcoCA.ttf,
Noto Sans Ol Chiki,Sans Serif,Olck,INFO,standard,-0.052,16,,10.2,,,62,,2026-10-08-0604-1115,NotoSansOlChiki-VariableFont_wght.ttf,https://fonts.gstatic.com/s/notosansolchiki/v31/N0bI2TJNOPt-eHmFZCdQbrL32r-4CvhpBBaAT48zZA.ttf,
Noto Sans Old Hungarian,Sans Serif,,INFO,standard,-0.052,15.7,21.2,10.3,0.761,0.911,65,70,2026-10-08-0604-1115,NotoSansOldHungarian-Regular.ttf,https://fonts.gstatic.com/s/notosansoldhungarian/v19/E213_cD6hP3GwCJPEUssHEM0KqLaHJXg2PiIgRfjbg5nCYXt.ttf,
Noto Sans Old Italic,Sans Serif,Ital,INFO,standard,-0.052,15.7,21.2,10.3,0.761,0.911,65,,2026-10-08-0604-1115,NotoSansOldItalic-Regular.ttf,https://fonts.gstatic.com/s/notosansolditalic/v18/TuGOUUFzXI5FBtUq5a8bh68BJxxEVam7tWlRdRhtCC4d.ttf,
Noto Sans Old North Arabian,Sans Serif,Narb,INFO,standard,-0.052,16,,10.3,,,62,,2026-10-08-0604-1115,NotoSansOldNorthArabian-Regular.ttf,https://fonts.gstatic.com/s/notosansoldnortharabian/v17/esDF30BdNv-KYGGJpKGk2tNiMt7Jar6olZDyNdr81zBQmUo_xw4ABw.ttf,
Noto Sans Old Permic,Sans Serif,Perm,INFO,standard,-0.052,16,,10.3,,,62,,2026-10-08-0604-1115,NotoSansOldPermic-Regular.ttf,https://fonts.gstatic.com/s/notosansoldpermic/v18/snf1s1q1-dF8pli1TesqcbUY4Mr-ElrwKLdXgv_dKYB5.ttf,
Noto Sans Old Persian,Sans Serif,Xpeo,INFO,standard,-0.052,16,,10.3,,,62,,2026-10-08-0604-1115,NotoSansOldPersian-Regular.ttf,https://fonts.gstatic.com/s/notosansoldpersian/v17/wEOjEAbNnc5caQTFG18FHrZr9Bp6-8CmIJ_tqOlQfx9CjA.ttf,
Noto Sans Old Sogdian,Sans Serif,Sogo,INFO,standard,-0.052,15.7,21.2,10.3,0.761,0.911,65,,2026-10-08-0604-1115,NotoSansOldSogdian-Regular.ttf,https://fonts.gstatic.com/s/notosansoldsogdian/v18/3JnjSCH90Gmq2mrzckOBBhFhdrMst48aURt7neIqM-9uyg.ttf,
Noto Sans Old South Arabian,Sans Serif,Sarb,INFO,standard,-0.052,16,,10.3,,,62,,2026-10-08-0604-1115,NotoSansOldSouthArabian-Regular.ttf,https://fonts.gstatic.com/s/notosansoldsoutharabian/v17/3qT5oiOhnSyU8TNFIdhZTice3hB_HWKsEnF--0XCHiKx1OtDT9HwTA.ttf,
Noto Sans Old Turkic,Sans Serif,Orkh,INFO,standard,-0.052,15.7,21.2,10.3,0.761,0.911,65,,2026-10-08-0604-1115,NotoSansOldTurkic-Regular.ttf,https://fonts.gstatic.com/s/notosansoldturkic/v19/yMJNMJVya43H0SUF_WmcGEQVqoEMKDKbsE2RjEw-Vyws.ttf,
Noto Sans Oriya,Sans Serif,Orya,INFO,standard,0.119,19.4,23.8,11.4,0.658,0.904,32,,2026-10-08-0604-1115,"NotoSansOriya-VariableFont_wdth,wght.ttf",https://fonts.gstatic.com/s/notosansoriya/v35/AYCTpXfzfccDCstK_hrjDyADv5en5K3DZq1hIg.ttf,
Noto Sans Osage,Sans Serif,Osge,INFO,standard,-0.052,16,,10.3,,,62,,2026-10-08-0604-1115,NotoSansOsage-Regular.ttf,https://fonts.gstatic.com/s/notosansosage/v20/oPWX_kB6kP4jCuhpgEGmw4mtAVtXRlaSxkrMCQ.ttf,
Noto Sans Osmanya,Sans Serif,Osma,INFO,standard,-0.052,16,,10.3,,,62,,2026-10-08-0604-1115,NotoSansOsmanya-Regular.ttf,https://fonts.gstatic.com/s/notosansosmanya/v20/8vIS7xs32H97qzQKnzfeWzUyUpOJmz6kR47NCV5Z.ttf,
Noto Sans Pahawh Hmong,Sans Serif,Hmng,INFO,standard,-0.052,15.7,21.2,10.3,0.761,0.911,65,,2026-10-08-0604-1115,NotoSansPahawhHmong-Regular.ttf,https://fonts.gstatic.com/s/notosanspahawhhmong/v21/bWtp7e_KfBziStx7lIzKKaMUOBEA3UPQDW7krzc_c48aMpM.ttf,
Noto Sans Palmyrene,Sans Serif,Palm,INFO,standard,-0.052,16,,10.3,,,62,,2026-10-08-0604-1115,NotoSansPalmyrene-Regular.ttf,https://fonts.gstatic.com/s/notosanspalmyrene/v17/ZgNPjOdKPa7CHqq0h37c_ASCWvH93SFCPnK5ZpdNtcA.ttf,
Noto Sans Pau Cin Hau,Sans Serif,,INFO,standard,-0.052,16,,10.3,,,62,70,2026-10-08-0604-1115,NotoSansPauCinHau-Regular.ttf,https://fonts.gstatic.com/s/notosanspaucinhau/v21/x3d-cl3IZKmUqiMg_9wBLLtzl22EayN7ehIdjEWqKMxsKw.ttf,
Noto Sans PhagsPa,Sans Serif,Phag,INFO,standard,-0.052,15.7,21.2,10.3,0.761,0.911,65,,2026-10-08-0604-1115,NotoSansPhagsPa-Regular.ttf,https://fonts.gstatic.com/s/notosansphagspa/v24/XLY8IYr5bJNDGYxPGjyYbaEjwQR-LFlsYMYHGGeT.ttf,
Noto Sans Phoenician,Sans Serif,Phnx,INFO,standard,-0.052,16,,10.3,,,62,,2026-10-08-0604-1115,NotoSansPhoenician-Regular.ttf,https://fonts.gstatic.com/s/notosansphoenician/v18/jizFRF9Ksm4Bt9PvcTaEkIHiTVtxmFtS5X7Jot-p5561.ttf,
Noto Sans Psalter Pahlavi,Sans Serif,Phlp,INFO,standard,-0.052,15.7,21.2,10.3,0.761,0.911,65,,2026-10-08-0604-1115,NotoSansPsalterPahlavi-Regular.ttf,https://fonts.gstatic.com/s/notosanspsalterpahlavi/v18/rP2Vp3K65FkAtHfwd-eISGznYihzggmsicPfud3w1G3KsUQBct4.ttf,
Noto Sans Rejang,Sans Serif,Rjng,INFO,standard,-0.052,15.7,21.4,10.3,0.755,0.901,65,,2026-10-08-0604-1115,NotoSansRejang-Regular.ttf,https://fonts.gstatic.com/s/notosansrejang/v23/Ktk2AKuMeZjqPnXgyqrib7DIogqwN4O3WYZB_sU.ttf,
Noto Sans Runic,Sans Serif,Runr,INFO,standard,-0.052,16,,10.3,,,62,,2026-10-08-0604-1115,NotoSansRunic-Regular.ttf,https://fonts.gstatic.com/s/notosansrunic/v18/H4c_BXWPl9DZ0Xe_nHUaus7W68WWaxpvHtgIYg.ttf,
Noto Sans Samaritan,Sans Serif,Samr,INFO,standard,-0.052,15.7,21.2,10.3,0.761,0.911,65,,2026-10-08-0604-1115,NotoSansSamaritan-Regular.ttf,https://fonts.gstatic.com/s/notosanssamaritan/v17/buEqppe9f8_vkXadMBJJo0tSmaYjFkxOUo5jNlOVMzQ.ttf,
Noto Sans Saurashtra,Sans Serif,Saur,INFO,standard,-0.052,16,,10.3,,,62,,2026-10-08-0604-1115,NotoSansSaurashtra-Regular.ttf,https://fonts.gstatic.com/s/notosanssaurashtra/v24/ea8GacQ0Wfz_XKWXe6OtoA8w8zvmYwTef9ndjhPTSIx9.ttf,
Noto Sans SC,Sans Serif,Hans,INFO,standard,0.319,31.6,32.3,17.6,0.65,0.732,3,,2026-10-08-0604-1115,NotoSansSC-VariableFont_wght.ttf,https://fonts.gstatic.com/s/notosanssc/v41/k3kXo84MPvpLmixcA63oeALhKYiJ-Q7m8w.ttf,
Noto Sans Sharada,Sans Serif,Shrd,SKIP,,,,,,,,,,,NotoSansSharada-Regular.ttf,https://fonts.gstatic.com/s/notosanssharada/v18/gok0H7rwAEdtF9N8-mdTGALG6p0kwoXLPOwr4H8a.ttf,SKIP spacing/not-latin: Skipped: the core Latin letters are not all there (4 missing: EIOU…). The check covers fonts with the basic Latin alphabet.
Noto Sans Shavian,Sans Serif,Shaw,INFO,standard,-0.052,16,,10.3,,,62,,2026-10-08-0604-1115,NotoSansShavian-Regular.ttf,https://fonts.gstatic.com/s/notosansshavian/v18/CHy5V_HZE0jxJBQlqAeCKjJvQBNF4EFQSplv2Cwg.ttf,
Noto Sans Siddham,Sans Serif,Sidd,INFO,standard,-0.052,15.7,21.2,10.3,0.761,0.911,65,,2026-10-08-0604-1115,NotoSansSiddham-Regular.ttf,https://fonts.gstatic.com/s/notosanssiddham/v21/OZpZg-FwqiNLe9PELUikxTWDoCCeGqndk3Ic92ZH.ttf,
Noto Sans SignWriting,Sans Serif,,INFO,standard,-0.052,15.7,21.2,10.3,0.761,0.911,65,70,2026-10-08-0604-1115,NotoSansSignWriting-Regular.ttf,https://fonts.gstatic.com/s/notosanssignwriting/v5/Noas6VX_wIWFbTTCrYmvy9A2UnkL-2SZAWiUEVCARYQemg.ttf,
Noto Sans Sinhala,Sans Serif,Sinh,INFO,standard,-0.004,16.3,19.1,9.8,0.675,0.922,58,,2026-10-08-0604-1115,"NotoSansSinhala-VariableFont_wdth,wght.ttf",https://fonts.gstatic.com/s/notosanssinhala/v36/yMJIMJBya43H0SUF_WmcBEEf4rQVO3ny-WmZp1A3.ttf,
Noto Sans Sogdian,Sans Serif,Sogd,INFO,standard,-0.052,15.7,21.2,10.3,0.761,0.911,65,,2026-10-08-0604-1115,NotoSansSogdian-Regular.ttf,https://fonts.gstatic.com/s/notosanssogdian/v17/taiQGn5iC4--qtsfi4Jp6eHPnfxQBo--Pm6KHidM.ttf,
Noto Sans Sora Sompeng,Sans Serif,Sora,INFO,standard,-0.052,16,,10.2,,,62,,2026-10-08-0604-1115,NotoSansSoraSompeng-VariableFont_wght.ttf,https://fonts.gstatic.com/s/notosanssorasompeng/v26/PlIsFkO5O6RzLfvNNVSioxM2_OTrEhPyDLolMPuO7-gt-ec.ttf,
Noto Sans Soyombo,Sans Serif,Soyo,INFO,standard,-0.052,16,,10.3,,,62,,2026-10-08-0604-1115,NotoSansSoyombo-Regular.ttf,https://fonts.gstatic.com/s/notosanssoyombo/v18/RWmSoL-Y6-8q5LTtXs6MF6q7xsxgY0FrIFOcK25W.ttf,
Noto Sans Sundanese,Sans Serif,Sund,INFO,standard,-0.052,15.7,21.2,10.2,0.762,0.911,65,,2026-10-08-0604-1115,NotoSansSundanese-VariableFont_wght.ttf,https://fonts.gstatic.com/s/notosanssundanese/v28/FwZH7_84xUkosG2xJo2gm7nFwSLQkdymsWKGP6kvdPA.ttf,
Noto Sans Sunuwar,Sans Serif,Sunu,INFO,standard,-0.051,15.8,17.1,10.2,0.645,0.898,64,,2026-10-08-0604-1115,NotoSansSunuwar-Regular.ttf,https://fonts.gstatic.com/s/notosanssunuwar/v1/FwZB7_04xUkosG2xJo2gm7nF0DTfho_Du2akOrkv.ttf,
Noto Sans Syloti Nagri,Sans Serif,Sylo,INFO,standard,-0.052,15.7,21.2,10.3,0.761,0.911,65,,2026-10-08-0604-1115,NotoSansSylotiNagri-Regular.ttf,https://fonts.gstatic.com/s/notosanssylotinagri/v25/uU9eCAQZ75uhfF9UoWDRiY3q7Sf_VFV3m4dGFVfxN87gsj0.ttf,
Noto Sans Symbols,Sans Serif,,INFO,standard,-0.052,15.7,21.2,10.3,0.761,0.911,65,70,2026-10-08-0604-1115,NotoSansSymbols-VariableFont_wght.ttf,https://fonts.gstatic.com/s/notosanssymbols/v47/rP2dp3q65FkAtHfwd-eIS2brbDN6gwn8wq-72bOY.ttf,
Noto Sans Symbols 2,Sans Serif,Brai,INFO,standard,-0.025,15.7,21.2,10.3,0.761,0.911,65,,2026-10-08-0604-1115,NotoSansSymbols2-Regular.ttf,https://fonts.gstatic.com/s/notosanssymbols2/v25/I_uyMoGduATTei9eI8daxVHDyfisHr71ypPqfX71-AI.ttf,
Noto Sans Syriac,Sans Serif,Syrc,INFO,standard,-0.023,17,22.1,10.7,0.761,0.908,50,,2026-10-08-0604-1115,NotoSansSyriac-VariableFont_wght.ttf,https://fonts.gstatic.com/s/notosanssyriac/v18/Ktk2AKuMeZjqPnXgyqribqzQqgW0N4O3WYZB_sU.ttf,
Noto Sans Syriac Eastern,Sans Serif,Syrc,INFO,standard,-0.018,17.2,21.9,10.8,0.761,0.911,47,,2026-10-08-0604-1115,NotoSansSyriacEastern-VariableFont_wght.ttf,https://fonts.gstatic.com/s/notosanssyriaceastern/v3/Noah6Vj_wIWFbTTCrYmvy8AjVU8aslWRHHvRYxSkTa8Ck93gbw.ttf,
Noto Sans Syriac Western,Sans Serif,Syrc,INFO,standard,-0.023,17.2,22.5,10.7,0.736,0.902,47,,2026-10-08-0604-1115,NotoSansSyriacWestern-VariableFont_wght.ttf,https://fonts.gstatic.com/s/notosanssyriacwestern/v2/ke82OhEEMVFsvCav8hWjbItd6Jf6MP7Z9spJZ6UXK6ARIyH5IA.ttf,
Noto Sans Tagalog,Sans Serif,Tglg,INFO,standard,-0.052,15.7,21.2,10.3,0.761,0.911,65,,2026-10-08-0604-1115,NotoSansTagalog-Regular.ttf,https://fonts.gstatic.com/s/notosanstagalog/v23/J7aFnoNzCnFcV9ZI-sUYuvote1R0wwEAA8jHexnL.ttf,
Noto Sans Tagbanwa,Sans Serif,Tagb,INFO,standard,-0.052,16,,10.3,,,62,,2026-10-08-0604-1115,NotoSansTagbanwa-Regular.ttf,https://fonts.gstatic.com/s/notosanstagbanwa/v21/Y4GWYbB8VTEp4t3MKJSMmQdIKjRtt_nZRjQEaYpGoQ.ttf,
Noto Sans Tai Le,Sans Serif,Tale,INFO,standard,-0.052,15.7,21.2,10.3,0.761,0.911,65,,2026-10-08-0604-1115,NotoSansTaiLe-Regular.ttf,https://fonts.gstatic.com/s/notosanstaile/v19/vEFK2-VODB8RrNDvZSUmVxEATwR58tK1W77HtMo.ttf,
Noto Sans Tai Tham,Sans Serif,Lana,INFO,standard,-0.052,16,,10.2,,,62,,2026-10-08-0604-1115,NotoSansTaiTham-VariableFont_wght.ttf,https://fonts.gstatic.com/s/notosanstaitham/v25/kJEuBv0U4hgtwxDUw2x9q7tbjLIfbPGdDaRlkJrUNw.ttf,
Noto Sans Tai Viet,Sans Serif,Tavt,INFO,standard,-0.052,15.7,21.2,10.3,0.761,0.911,65,,2026-10-08-0604-1115,NotoSansTaiViet-Regular.ttf,https://fonts.gstatic.com/s/notosanstaiviet/v20/8QIUdj3HhN_lv4jf9vsE-9GMOLsaSPZr644fWsRO9w.ttf,
Noto Sans Takri,Sans Serif,Takr,INFO,standard,-0.052,15.7,21.2,10.3,0.761,0.911,65,,2026-10-08-0604-1115,NotoSansTakri-Regular.ttf,https://fonts.gstatic.com/s/notosanstakri/v25/TuGJUVpzXI5FBtUq5a8bnKIOdTwQNO_W3khJXg.ttf,
Noto Sans Tamil,Sans Serif,Taml,INFO,standard,0.006,16,18.5,9.8,0.676,0.922,62,,2026-10-08-0604-1115,"NotoSansTamil-VariableFont_wdth,wght.ttf",https://fonts.gstatic.com/s/notosanstamil/v31/ieVm2YdFI3GCY6SyQy1KfStzYKZ6x_-fACIgaw.ttf,
Noto Sans Tamil Supplement,Sans Serif,Taml,INFO,standard,-0.052,16,,10.3,,,62,,2026-10-08-0604-1115,NotoSansTamilSupplement-Regular.ttf,https://fonts.gstatic.com/s/notosanstamilsupplement/v23/DdTz78kEtnooLS5rXF1DaruiCd_bFp_Ph4sGcn7ax_vsAeMkeq1x.ttf,
Noto Sans Tangsa,Sans Serif,Tnsa,INFO,standard,-0.052,15.7,21.2,10.2,0.762,0.911,65,,2026-10-08-0604-1115,NotoSansTangsa-VariableFont_wght.ttf,https://fonts.gstatic.com/s/notosanstangsa/v9/z7NPdQPmcigbbZAIOl9igP26K470jouLY_WiBuM.ttf,
Noto Sans TC,Sans Serif,Hant,INFO,standard,0.319,31.6,32.3,17.6,0.65,0.732,3,,2026-10-08-0604-1115,NotoSansTC-VariableFont_wght.ttf,https://fonts.gstatic.com/s/notosanstc/v40/-nF7OG829Oofr2wohFbTp9iFPysLA_ZJ1g.ttf,
Noto Sans Telugu,Sans Serif,Telu,INFO,standard,0.066,18.3,20.3,10.9,0.675,0.922,40,,2026-10-08-0604-1115,"NotoSansTelugu-VariableFont_wdth,wght.ttf",https://fonts.gstatic.com/s/notosanstelugu/v30/0FlPVOGZlE2Rrtr-HmgkMWJNjJ5_XS_eTyer338.ttf,
Noto Sans Thaana,Sans Serif,Thaa,INFO,standard,-0.052,15.7,21.2,10.3,0.762,0.911,65,,2026-10-08-0604-1115,NotoSansThaana-VariableFont_wght.ttf,https://fonts.gstatic.com/s/notosansthaana/v26/C8c44dM-vnz-s-3jaEsxlxHkBH-WfuoxrSKMDvI.ttf,
Noto Sans Thai,Sans Serif,Thai,INFO,standard,-0.052,15.7,21.2,10.3,0.762,0.911,65,,2026-10-08-0604-1115,"NotoSansThai-VariableFont_wdth,wght.ttf",https://fonts.gstatic.com/s/notosansthai/v29/iJWdBXeUZi_OHPqn4wq6hQ2_hah-5c-dUX0x.ttf,
Noto Sans Thai Looped,Sans Serif,Thai,INFO,standard,-0.052,15.8,17.1,10.3,0.645,0.898,64,,2026-10-08-0604-1115,"NotoSansThaiLooped-VariableFont_wdth,wght.ttf",https://fonts.gstatic.com/s/notosansthailooped/v16/B50RF6pOpWTRcGrhOVJJ3-oPfY7WQuFu5R3gO6ocWiHvWQ.ttf,
Noto Sans Tifinagh,Sans Serif,Tfng,INFO,standard,-0.052,15.7,21.2,10.3,0.761,0.911,65,,2026-10-08-0604-1115,NotoSansTifinagh-Regular.ttf,https://fonts.gstatic.com/s/notosanstifinagh/v21/I_uzMoCduATTei9eI8dawkHIwvmhCvbn6rnEcXfs4Q.ttf,
Noto Sans Tirhuta,Sans Serif,Tirh,INFO,standard,-0.052,16,,10.3,,,62,,2026-10-08-0604-1115,NotoSansTirhuta-Regular.ttf,https://fonts.gstatic.com/s/notosanstirhuta/v17/t5t6IQYRNJ6TWjahPR6X-M-apUyby7uGUBsTrn5P.ttf,
Noto Sans Ugaritic,Sans Serif,Ugar,INFO,standard,-0.052,16,,10.3,,,62,,2026-10-08-0604-1115,NotoSansUgaritic-Regular.ttf,https://fonts.gstatic.com/s/notosansugaritic/v17/3qTwoiqhnSyU8TNFIdhZVCwbjCpkAXXkMhoIkiazfg.ttf,
Noto Sans Vai,Sans Serif,Vaii,INFO,standard,-0.052,16,,10.3,,,62,,2026-10-08-0604-1115,NotoSansVai-Regular.ttf,https://fonts.gstatic.com/s/notosansvai/v19/NaPecZTSBuhTirw6IaFn_UrURMTsDIRSfr0.ttf,
Noto Sans Vithkuqi,Sans Serif,Vith,INFO,standard,-0.052,16,,10.2,,,62,,2026-10-08-0604-1115,NotoSansVithkuqi-VariableFont_wght.ttf,https://fonts.gstatic.com/s/notosansvithkuqi/v3/jVyX7m77CXvQswd6WjYu9E1wN6cih2TIeTf0SZST2g.ttf,
Noto Sans Wancho,Sans Serif,Wcho,INFO,standard,-0.043,16.1,22.2,10.6,0.761,0.905,61,,2026-10-08-0604-1115,NotoSansWancho-Regular.ttf,https://fonts.gstatic.com/s/notosanswancho/v19/zrf-0GXXyfn6Fs0lH9P4cUubP0GBqAPopiRfKp8.ttf,
Noto Sans Warang Citi,Sans Serif,Wara,INFO,standard,-0.052,16,,10.3,,,62,,2026-10-08-0604-1115,NotoSansWarangCiti-Regular.ttf,https://fonts.gstatic.com/s/notosanswarangciti/v19/EYqtmb9SzL1YtsZSScyKDXIeOv3w-zgsNvKRpeVCCXzdgA.ttf,
Noto Sans Yi,Sans Serif,Yiii,INFO,standard,-0.052,16,,10.3,,,62,,2026-10-08-0604-1115,NotoSansYi-Regular.ttf,https://fonts.gstatic.com/s/notosansyi/v22/sJoD3LFXjsSdcnzn071rO3apxVDJNVgSNg.ttf,
Noto Sans Zanabazar Square,Sans Serif,Zanb,INFO,standard,-0.052,15.7,21.2,10.3,0.761,0.911,65,,2026-10-08-0604-1115,NotoSansZanabazarSquare-Regular.ttf,https://fonts.gstatic.com/s/notosanszanabazarsquare/v20/Cn-jJsuGWQxOjaGwMQ6fOicyxLBEMRfDtkzl4uagQtJxOCEgN0Gc.ttf,
Noto Serif,Serif,,INFO,loose,0.243,15.9,23,9.4,0.814,0.937,84,80,2026-10-08-0604-1115,"NotoSerif-VariableFont_wdth,wght.ttf",https://fonts.gstatic.com/s/notoserif/v33/ga6Iaw1J5X9T9RW6j9bNTFAcaRi_bMQ.ttf,
Noto Serif Ahom,Serif,Ahom,INFO,loose,0.241,15.9,23,9.4,0.814,0.931,84,,2026-10-08-0604-1115,NotoSerifAhom-Regular.ttf,https://fonts.gstatic.com/s/notoserifahom/v21/FeVIS0hfp6cprmEUffAW_fUL_AN-wuYrPFiwaw.ttf,
Noto Serif Armenian,Serif,Armn,INFO,loose,0.243,15.9,23.4,9.4,0.807,0.936,84,,2026-10-08-0604-1115,"NotoSerifArmenian-VariableFont_wdth,wght.ttf",https://fonts.gstatic.com/s/notoserifarmenian/v30/3XF2EqMt3YoFsciDRZxptyCUKJmytZ0kT0S1UL5Ayp0.ttf,
Noto Serif Balinese,Serif,Bali,INFO,loose,0.241,15.9,23,9.4,0.814,0.931,84,,2026-10-08-0604-1115,NotoSerifBalinese-Regular.ttf,https://fonts.gstatic.com/s/notoserifbalinese/v21/QdVKSS0-JginysQSRvuCmUMB_wVeQAxXRbgJdhapcUU.ttf,
Noto Serif Bengali,Serif,Beng,INFO,loose,0.308,20.5,27.2,12.1,0.81,0.91,39,,2026-10-08-0604-1115,"NotoSerifBengali-VariableFont_wdth,wght.ttf",https://fonts.gstatic.com/s/notoserifbengali/v31/hYkUPvggTvnzO14VSXltirUdnnkt1pw8UZiHeH5yig.ttf,
Noto Serif Devanagari,Serif,Deva,INFO,loose,0.41,24.3,35,14.1,0.816,0.927,17,,2026-10-08-0604-1115,"NotoSerifDevanagari-VariableFont_wdth,wght.ttf",https://fonts.gstatic.com/s/notoserifdevanagari/v34/x3d-cl3IZKmUqiMk48ZHXJ5jwU-DZGRSaQ4djEWqKMxsKw.ttf,
Noto Serif Display,Serif,,INFO,standard,-0.016,18,22.2,10.4,0.808,0.946,62,70,2026-10-08-0604-1115,"NotoSerifDisplay-VariableFont_wdth,wght.ttf",https://fonts.gstatic.com/s/notoserifdisplay/v29/buErppa9f8_vkXaZLAgP0G5Wi6QmA1QAcqRNOlqMKg.ttf,
Noto Serif Dives Akuru,Serif,Diak,INFO,loose,0.241,15.9,23,9.4,0.814,0.931,84,,2026-10-08-0604-1115,NotoSerifDivesAkuru-Regular.ttf,https://fonts.gstatic.com/s/notoserifdivesakuru/v8/QldfNSVMqAsHtsJ_TnD3aT03sMgd57ibeeZT60DIyoV9Ejs.ttf,
Noto Serif Dogra,Serif,Dogr,INFO,loose,0.241,15.9,23,9.4,0.814,0.931,84,,2026-10-08-0604-1115,NotoSerifDogra-Regular.ttf,https://fonts.gstatic.com/s/notoserifdogra/v24/MQpP-XquKMC7ROPP3QOOlm7xPu3fGy63IbPzkns.ttf,
Noto Serif Ethiopic,Serif,Ethi,INFO,loose,0.243,15.8,,9.4,,,86,,2026-10-08-0604-1115,"NotoSerifEthiopic-VariableFont_wdth,wght.ttf",https://fonts.gstatic.com/s/notoserifethiopic/v32/V8mZoR7-XjwJ8_Au3Ti5tXj5Rd83frpWNqU_FjYhCmo.ttf,
Noto Serif Georgian,Serif,Geor,INFO,loose,0.243,15.9,23,9.4,0.814,0.937,84,,2026-10-08-0604-1115,"NotoSerifGeorgian-VariableFont_wdth,wght.ttf",https://fonts.gstatic.com/s/notoserifgeorgian/v29/VEMtRpd8s4nv8hG_qOzL7HOAw4nt0Sl_RRe4_Tsdkf4.ttf,
Noto Serif Grantha,Serif,Gran,INFO,loose,0.241,15.9,23,9.4,0.814,0.931,84,,2026-10-08-0604-1115,NotoSerifGrantha-Regular.ttf,https://fonts.gstatic.com/s/notoserifgrantha/v22/qkBIXuEH5NzDDvc3fLDYxPk9-Wq3WLiqFENLR7fHGw.ttf,
Noto Serif Gujarati,Serif,Gujr,INFO,loose,0.312,20,24.9,12.2,0.814,0.931,46,,2026-10-08-0604-1115,NotoSerifGujarati-VariableFont_wght.ttf,https://fonts.gstatic.com/s/notoserifgujarati/v29/hESt6WBlOixO-3OJ1FTmTsmqlBRUJBVkaAhpVQOwBDU.ttf,
Noto Serif Gurmukhi,Serif,Guru,INFO,loose,0.194,15.6,22.7,9,0.808,0.934,87,,2026-10-08-0604-1115,NotoSerifGurmukhi-VariableFont_wght.ttf,https://fonts.gstatic.com/s/notoserifgurmukhi/v22/92zJtA9LNqsg7tCYlXdCV1VPnAEeDU0vNI0un_HLMEo.ttf,
Noto Serif Hebrew,Serif,Hebr,INFO,loose,0.243,15.9,23,9.4,0.814,0.937,84,,2026-10-08-0604-1115,"NotoSerifHebrew-VariableFont_wdth,wght.ttf",https://fonts.gstatic.com/s/notoserifhebrew/v30/k3kKo9MMPvpLmixYH7euCwmkS9Dohi_-2KiSGg-H.ttf,
Noto Serif Hentaigana,Serif,,INFO,standard,0.153,16.1,22.9,9.5,0.819,0.921,81,80,2026-10-08-0604-1115,NotoSerifHentaigana-VariableFont_wght.ttf,https://fonts.gstatic.com/s/notoserifhentaigana/v17/uk-9EHi3o6EruUbj3pGaDj3siVARn-kqgu1EM1vLGR4V2g.ttf,
Noto Serif HK,Serif,Hant,INFO,standard,0.356,32.5,24.4,20.3,0.842,0.571,4,,2026-10-08-0604-1115,NotoSerifHK-VariableFont_wght.ttf,https://fonts.gstatic.com/s/notoserifhk/v13/BngOUXBETWXI6LwlBZGcqL-B5qCr5RCDY_k.ttf,
Noto Serif JP,Serif,Jpan,INFO,standard,0.22,19.7,19.9,13.9,0.831,0.578,47,,2026-10-08-0604-1115,NotoSerifJP-VariableFont_wght.ttf,https://fonts.gstatic.com/s/notoserifjp/v34/xn7mYHs72GKoTvER4Gn3b5eMXN6kYkY0T84.ttf,
Noto Serif Kannada,Serif,Knda,INFO,loose,0.228,17.8,26.5,10.7,0.814,0.937,64,,2026-10-08-0604-1115,NotoSerifKannada-VariableFont_wght.ttf,https://fonts.gstatic.com/s/notoserifkannada/v30/v6-JGZHLJFKIhClqUYqXDiWqpxQxWSPyUIQDIsKCHg.ttf,
Noto Serif Khitan Small Script,Serif,,INFO,loose,0.241,15.7,,9.4,,,86,80,2026-10-08-0604-1115,NotoSerifKhitanSmallScript-Regular.ttf,https://fonts.gstatic.com/s/notoserifkhitansmallscript/v4/jizzRFVKsm4Bt9PrbSzC4KLlQUF5lRJg5j-l5PvyhfTdd4TsZ8lb39iddA.ttf,
Noto Serif Khmer,Serif,Khmr,INFO,loose,0.249,16.1,23,9.6,0.814,0.934,81,,2026-10-08-0604-1115,"NotoSerifKhmer-VariableFont_wdth,wght.ttf",https://fonts.gstatic.com/s/notoserifkhmer/v29/-F6qfidqLzI2JPCkXAO2hmogq0148ldPg-IUDNg.ttf,
Noto Serif Khojki,Serif,Khoj,INFO,loose,0.307,19.9,25.1,12,0.809,0.925,47,,2026-10-08-0604-1115,NotoSerifKhojki-VariableFont_wght.ttf,https://fonts.gstatic.com/s/notoserifkhojki/v13/I_u0MoOduATTei9aP90ctmPGxP2rBL7HwJfIeG71.ttf,
Noto Serif KR,Serif,Kore,INFO,standard,0.22,19.7,19.9,13.9,0.831,0.578,47,,2026-10-08-0604-1115,NotoSerifKR-VariableFont_wght.ttf,https://fonts.gstatic.com/s/notoserifkr/v32/3Jn7SDn90Gmq2mr3blnHaTZXduBp1ONyKHQ.ttf,
Noto Serif Lao,Serif,Laoo,INFO,loose,0.243,15.9,23,9.4,0.814,0.937,84,,2026-10-08-0604-1115,"NotoSerifLao-VariableFont_wdth,wght.ttf",https://fonts.gstatic.com/s/notoseriflao/v29/3y946bYwcCjmsU8JEzCMxEwQfFpAsZsUPves.ttf,
Noto Serif Makasar,Serif,Maka,INFO,loose,0.241,15.9,23,9.4,0.814,0.931,84,,2026-10-08-0604-1115,NotoSerifMakasar-Regular.ttf,https://fonts.gstatic.com/s/notoserifmakasar/v1/memjYbqtyH-NiZpFH_9zcvB_PqkfY9S7j4HTVSmevw.ttf,
Noto Serif Malayalam,Serif,Mlym,INFO,loose,0.277,16.8,25,9.4,0.804,0.912,77,,2026-10-08-0604-1115,NotoSerifMalayalam-VariableFont_wght.ttf,https://fonts.gstatic.com/s/notoserifmalayalam/v32/JIAsUU5sdmdP_HMcVcZFcH7DeVBeGVgSMFM9UJWbN_un.ttf,
Noto Serif Myanmar,Serif,,SKIP,,,,,,,,,,,,,SKIP spacing/not-latin: Skipped: the family has no Latin subset (myanmar). The check covers fonts with the basic Latin alphabet.
Noto Serif NP Hmong,Serif,Hmnp,INFO,loose,0.242,15.9,23,9.4,0.814,0.934,84,,2026-10-08-0604-1115,NotoSerifNPHmong-VariableFont_wght.ttf,https://fonts.gstatic.com/s/notoserifnphmong/v5/pON61gItFMO79E4L1GPUi-2sixKHZyFj7peYDHDLnAo.ttf,
Noto Serif Old Uyghur,Serif,Ougr,INFO,loose,0.241,15.9,22.9,9.4,0.817,0.932,84,,2026-10-08-0604-1115,NotoSerifOldUyghur-Regular.ttf,https://fonts.gstatic.com/s/notoserifolduyghur/v5/v6-KGZbLJFKIhClqUYqXDiGnrVoFRCW6JdwnKumeF2yVgA.ttf,
Noto Serif Oriya,Serif,Orya,INFO,loose,0.319,20.7,,12.5,,,37,,2026-10-08-0604-1115,NotoSerifOriya-VariableFont_wght.ttf,https://fonts.gstatic.com/s/notoseriforiya/v6/MjQdmj56u-r69izk_LDqWN7w0cYB0OBNBn8Kwb0.ttf,
Noto Serif Ottoman Siyaq,Serif,,INFO,loose,0.241,15.9,23,9.4,0.814,0.931,84,80,2026-10-08-0604-1115,NotoSerifOttomanSiyaq-Regular.ttf,https://fonts.gstatic.com/s/notoserifottomansiyaq/v2/fC1yPZ9IYnzRhTrrc4s8cSvYI0eozzaFOQ01qoHLJrgA00kAdA.ttf,
Noto Serif SC,Serif,Hans,INFO,standard,0.356,32.5,24.4,20.3,0.842,0.571,4,,2026-10-08-0604-1115,NotoSerifSC-VariableFont_wght.ttf,https://fonts.gstatic.com/s/notoserifsc/v36/H4chBXePl9DZ0Xe7gG9cyOj7oqacbzhqDtg.ttf,
Noto Serif Sinhala,Serif,Sinh,INFO,loose,0.292,18.6,28.3,10.1,0.807,0.902,56,,2026-10-08-0604-1115,"NotoSerifSinhala-VariableFont_wdth,wght.ttf",https://fonts.gstatic.com/s/notoserifsinhala/v30/DtV-JwinQqclnZE2CnsPug9lgGC3y2Fslsq8DNibFw.ttf,
Noto Serif Tamil,Serif,Taml,INFO,loose,0.249,16.1,23,9.6,0.814,0.934,81,,2026-10-08-0604-1115,"NotoSerifTamil-VariableFont_wdth,wght.ttf",https://fonts.gstatic.com/s/notoseriftamil/v31/LYjZdHr-klIgTfc40komjQ5OObazeJSY8z6Np1k.ttf,
Noto Serif Tangut,Serif,Tang,INFO,loose,0.241,15.9,22.9,9.4,0.817,0.932,84,,2026-10-08-0604-1115,NotoSerifTangut-Regular.ttf,https://fonts.gstatic.com/s/notoseriftangut/v19/xn76YGc72GKoTvER4Gn3b4m9Ern7Em41fcvN2KT4.ttf,
Noto Serif TC,Serif,Hant,INFO,standard,0.356,32.5,24.4,20.3,0.842,0.571,4,,2026-10-08-0604-1115,NotoSerifTC-VariableFont_wght.ttf,https://fonts.gstatic.com/s/notoseriftc/v37/XLYgIZb5bJNDGYxLBibeHZ0BhncESXFtUsM.ttf,
Noto Serif Telugu,Serif,Telu,INFO,loose,0.309,18.1,27.7,10.2,0.806,0.907,62,,2026-10-08-0604-1115,NotoSerifTelugu-VariableFont_wght.ttf,https://fonts.gstatic.com/s/notoseriftelugu/v29/tDbW2pCbnkEKmXNVmt2M1q6f4HWbbiSHZ0bc5Qj9.ttf,
Noto Serif Thai,Serif,Thai,INFO,loose,0.243,15.9,23,9.4,0.814,0.937,84,,2026-10-08-0604-1115,"NotoSerifThai-VariableFont_wdth,wght.ttf",https://fonts.gstatic.com/s/notoserifthai/v28/k3kIo80MPvpLmixYH7euCxWpSMut8SX6-q2CGg.ttf,
Noto Serif Tibetan,Serif,Tibt,INFO,loose,0.249,15.7,23.3,9.2,0.814,0.934,86,,2026-10-08-0604-1115,NotoSerifTibetan-VariableFont_wght.ttf,https://fonts.gstatic.com/s/notoseriftibetan/v24/gokzH7nwAEdtF9N45n0Vaz7O-pk0wsvrFsIn6WYDvA.ttf,
Noto Serif Todhri,Serif,Todr,INFO,loose,0.232,15.7,22.6,9.4,0.815,0.927,86,,2026-10-08-0604-1115,NotoSerifTodhri-Regular.ttf,https://fonts.gstatic.com/s/notoseriftodhri/v3/dFalZeyY-aYz1YVbjMoBWml1nBz7N3ByX6n0fnNk.ttf,
Noto Serif Toto,Serif,Toto,INFO,loose,0.241,15.9,22.9,9.4,0.817,0.932,84,,2026-10-08-0604-1115,NotoSerifToto-VariableFont_wght.ttf,https://fonts.gstatic.com/s/notoseriftoto/v10/Ktk1ALSMeZjqPnXk1rCkHYHNtwv3F6mZVY9Y5w.ttf,
Noto Serif Vithkuqi,Serif,Vith,INFO,loose,0.242,15.8,,9.4,,,86,,2026-10-08-0604-1115,NotoSerifVithkuqi-VariableFont_wght.ttf,https://fonts.gstatic.com/s/notoserifvithkuqi/v3/YA9Pr1OY7FjTf5szakutkndpw9HH-4a41dFGZiCpggI.ttf,
Noto Serif Yezidi,Serif,Yezi,INFO,loose,0.242,15.9,23,9.4,0.814,0.934,84,,2026-10-08-0604-1115,NotoSerifYezidi-VariableFont_wght.ttf,https://fonts.gstatic.com/s/notoserifyezidi/v23/XLY8IYr5bJNDGYxLBibeHZAn3B5KJFlsYMYHGGeT.ttf,
Noto Traditional Nushu,Sans Serif,Nshu,INFO,standard,-0.038,15,,9.4,,,71,,2026-10-08-0604-1115,NotoTraditionalNushu-VariableFont_wght.ttf,https://fonts.gstatic.com/s/nototraditionalnushu/v23/SZco3EDkJ7q9FaoMPlmF4Su8hlIjoGh5aj67J011GNh6SYA.ttf,
Noto Znamenny Musical Notation,Sans Serif,,INFO,standard,-0.052,15.7,21.2,10.3,0.761,0.911,65,70,2026-10-08-0604-1115,NotoZnamennyMusicalNotation-Regular.ttf,https://fonts.gstatic.com/s/notoznamennymusicalnotation/v7/CSRW4ylQnPyaDwAMK1U_AolTaJ4Lz41GcgaIZV9YO2rO88jvtpqqdoWa7g.ttf,
Nova Cut,Display,,INFO,loose,0.589,24.7,48.2,13.9,0.615,0.597,25,70,2026-10-08-0604-1115,NovaCut-Regular.ttf,https://fonts.gstatic.com/s/novacut/v26/KFOkCnSYu8mL-39LkWxPKTM1K9nz.ttf,
Nova Flat,Display,,INFO,loose,0.602,22.2,40.8,12,0.55,0.349,35,70,2026-10-08-0604-1115,NovaFlat-Regular.ttf,https://fonts.gstatic.com/s/novaflat/v26/QdVUSTc-JgqpytEbVebEuStkm20oJA.ttf,
Nova Mono,Monospace,,SKIP,,,,,,,,,,,NovaMono-Regular.ttf,https://fonts.gstatic.com/s/novamono/v23/Cn-0JtiGWQ5Ajb--MRKfYGxYrdM9Sg.ttf,"SKIP spacing/monospaced: Skipped: every letter has the same advance width, so the spacing is set by the width, not by sidebearings and kerning."
Nova Oval,Display,,INFO,loose,0.582,24.3,38.6,13.5,0.76,0.282,26,70,2026-10-08-0604-1115,NovaOval-Regular.ttf,https://fonts.gstatic.com/s/novaoval/v26/jAnEgHdmANHvPenMaswCMY-h3cWkWg.ttf,
Nova Round,Display,,INFO,loose,0.74,22.1,40.5,12.4,0.584,0.463,36,70,2026-10-08-0604-1115,NovaRound-Regular.ttf,https://fonts.gstatic.com/s/novaround/v23/flU9Rqquw5UhEnlwTJYTYYfeeetYEBc.ttf,
Nova Script,Display,,WARN,standard,0.042,30.2,43,74.7,0.461,0.758,12,60,2026-10-08-0604-1115,NovaScript-Regular.ttf,https://fonts.gstatic.com/s/novascript/v27/7Au7p_IpkSWSTWaFWkumvmQNEl0O0kEx.ttf,"WARN spacing/glyph-sides: 56 glyph sides are spaced far from the norms of Display fonts (units per 1000 em against their median): q left +83, U right -108, o left +83, ? left +160, ’ left +168, m left +81, ' right -140, e left +83."
Nova Slim,Display,,INFO,loose,0.418,20.8,34.6,11.8,0.623,0.521,41,70,2026-10-08-0604-1115,NovaSlim-Regular.ttf,https://fonts.gstatic.com/s/novaslim/v26/Z9XUDmZNQAuem8jyZcn-yMOInrib9Q.ttf,
Nova Square,Display,,INFO,loose,0.562,22.6,40.5,12.4,0.553,0.36,32,70,2026-10-08-0604-1115,NovaSquare-Regular.ttf,https://fonts.gstatic.com/s/novasquare/v27/RrQUbo9-9DV7b06QHgSWsZhARYMgGtWA.ttf,
NTR,Sans Serif,Telu,INFO,standard,-0.12,13.5,,6.2,,,82,,2026-10-08-0604-1115,NTR-Regular.ttf,https://fonts.gstatic.com/s/ntr/v19/RLpzK5Xy0ZjiGGhs5TA4bg.ttf,
Numans,Sans Serif,,INFO,standard,-0.063,18.3,19.1,10.5,0.789,0.87,40,70,2026-10-08-0604-1115,Numans-Regular.ttf,https://fonts.gstatic.com/s/numans/v16/SlGRmQmGupYAfH8IYRggiHVqaQ.ttf,
Nunito,Sans Serif,,INFO,standard,-0.202,14.5,15.3,8.1,0.759,0.645,75,80,2026-10-08-0604-1115,Nunito-VariableFont_wght.ttf,https://fonts.gstatic.com/s/nunito/v32/XRXV3I6Li01BKof4MuyAbsrVcA.ttf,
Nunito Sans,Sans Serif,,WARN,standard,-0.205,14.1,16.1,7.8,0.752,0.691,79,80,2026-10-08-0604-1115,"NunitoSans-VariableFont_YTLC,opsz,wdth,wght.ttf",https://fonts.gstatic.com/s/nunitosans/v19/pe0qMImSLYBIv1o4X1M8cfe6Kdpickwp.ttf,WARN spacing/instances: 6 locations of the designspace are spaced far from the norms or from their neighbours: Black (shape error 22.0); wght 1000 (max) (shape error 24.5); wght 1000 · wdth 125 · opsz 6 · YTLC 440 (shape error 31.7); wght 1000 · wdth 125 · opsz 12 · YTLC 440 (shape error 32.3); wght 1000 · wdth 125 · opsz 6 · YTLC 540 (shape error 31.1); wght 1000 · wdth 125 · opsz 12 · YTLC 540 (shape error 31.2).
Nuosu SIL,Sans Serif,Yiii,WARN,standard,0.194,30.1,,15.2,,,4,,2026-10-08-0604-1115,NuosuSIL-Regular.ttf,https://fonts.gstatic.com/s/nuosusil/v12/8vIK7wM3wmRn_kc4uAjeFGxbO_zo-w.ttf,"WARN spacing/glyph-sides: 1 sidebearing is far outside the norms of Sans Serif fonts (units per 1000 em against their median): ’ right +489. | WARN spacing/pairs: 68 pairs are spaced far from how Sans Serif fonts usually compare with the model (units per 1000 em, + looser): ’v +482, ’x +484, ’S +511, ’t +533, ’i +522, ’G +530, ’f +553, ’I +484, ’w +482, ’H +481."
Odibee Sans,Display,,INFO,loose,0.986,25.9,30.5,14.4,0.397,0.1,20,60,2026-10-08-0604-1115,OdibeeSans-Regular.ttf,https://fonts.gstatic.com/s/odibeesans/v20/neIPzCSooYAho6WvjeToRYkyepH9qGsf.ttf,
Odor Mean Chey,Serif,Khmr,INFO,loose,0.169,15.4,32.2,7.9,0.802,0.828,88,,2026-10-08-0604-1115,OdorMeanChey-Regular.ttf,https://fonts.gstatic.com/s/odormeanchey/v31/raxkHiKDttkTe1aOGcJMR1A_4mrY2zqUKafv.ttf,
Offside,Display,,INFO,loose,0.272,22.5,29.1,15.5,0.856,0.873,32,70,2026-10-08-0604-1115,Offside-Regular.ttf,https://fonts.gstatic.com/s/offside/v26/HI_KiYMWKa9QrAykQ5HiRp-dhpQ.ttf,
Oi,Display,,INFO,tight,-0.485,8.8,14.1,2.3,0.857,0.665,99,100,2026-10-08-0604-1115,Oi-Regular.ttf,https://fonts.gstatic.com/s/oi/v21/w8gXH2EuRqtaut6yjBOG.ttf,
Ojuju,Sans Serif,,INFO,tight,-0.599,27.6,22,18.7,0.635,0.2,6,60,2026-10-08-0604-1115,Ojuju-VariableFont_wght.ttf,https://fonts.gstatic.com/s/ojuju/v5/7r3IqXF7v9ApbqkppYgA3LZg.ttf,
Old Standard TT,Serif,,INFO,loose,0.422,21.9,39.7,12.7,0.727,0.972,29,70,2026-10-08-0604-1115,OldStandardTT-Regular.ttf,https://fonts.gstatic.com/s/oldstandardtt/v22/MwQubh3o1vLImiwAVvYawgcf2eVurVC5RHdCZg.ttf,
Oldenburg,Display,,INFO,standard,0.04,28.1,,19.3,,,16,60,2026-10-08-0604-1115,Oldenburg-Regular.ttf,https://fonts.gstatic.com/s/oldenburg/v24/fC1jPY5JYWzbywv7c4V6UU6oXyndrw.ttf,
Ole,Handwriting,,INFO,tight,-1.037,30.2,30,18.4,0.327,0.621,64,,2026-10-08-0604-1115,Ole-Regular.ttf,https://fonts.gstatic.com/s/ole/v6/dFazZf6Z-rd89fw69qJ_ew.ttf,
Oleo Script,Display,,INFO,standard,-0.024,25.6,39.5,26.9,0.801,0.425,22,60,2026-10-08-0604-1115,OleoScript-Regular.ttf,https://fonts.gstatic.com/s/oleoscript/v15/rax5HieDvtMOe0iICsUccBhasU7Q8Cad.ttf,
Oleo Script Swash Caps,Display,,FAIL,tight,-1.528,43.5,47.7,35.3,0.25,0.431,4,40,2026-10-08-0604-1115,OleoScriptSwashCaps-Regular.ttf,https://fonts.gstatic.com/s/oleoscriptswashcaps/v14/Noaj6Vb-w5SFbTTAsZP_7JkCS08K-jCzDn_HMXquSY0Hg90.ttf,"FAIL spacing/glyph-sides: 2 sidebearings are far outside the norms of Display fonts (units per 1000 em against their median): G right -160, C right -166. | WARN spacing/pairs: 57 pairs are spaced far from how Display fonts usually compare with the model (units per 1000 em, + looser): CR -175, CP -175, CL -160, Gf -184, Gp -172, Gk -159, CF -171, AB -216, Gh -159, Gn -149."
Onest,Sans Serif,,INFO,standard,-0.142,17.4,16.6,8.9,0.791,0.678,46,70,2026-10-08-0604-1115,Onest-VariableFont_wght.ttf,https://fonts.gstatic.com/s/onest/v11/gNMKW3F-SZuj7ymY8ncKEZez.ttf,
Oooh Baby,Handwriting,,INFO,tight,-6,62.8,105.3,73.8,0.532,0.888,,,2026-10-08-0604-1115,OoohBaby-Regular.ttf,https://fonts.gstatic.com/s/ooohbaby/v4/2sDcZGJWgJTT2Jf76xQDb2-4C7wFZQ.ttf,
Open Sans,Sans Serif,,INFO,standard,-0.128,16.2,,10.2,,,59,70,2026-10-08-0604-1115,"OpenSans-VariableFont_wdth,wght.ttf",https://fonts.gstatic.com/s/opensans/v44/mem8YaGs126MiZpBA-U1UpcaXcl0Aw.ttf,
Oranienbaum,Serif,,INFO,standard,0.047,17.6,19,12.3,0.769,0.852,67,80,2026-10-08-0604-1115,Oranienbaum-Regular.ttf,https://fonts.gstatic.com/s/oranienbaum/v16/OZpHg_txtzZKMuXLIVrx-3zn7kz3dpHc.ttf,
Orbit,Sans Serif,Kore,SKIP,,,,,,,,,,,Orbit-Regular.ttf,https://fonts.gstatic.com/s/orbit/v3/_LOCmz7I-uHd2mjEeqciRwRm.ttf,"SKIP spacing/monospaced: Skipped: every letter has the same advance width, so the spacing is set by the width, not by sidebearings and kerning."
Orbitron,Sans Serif,,WARN,tight,-1.015,35,30.4,23.9,0.854,0.309,2,40,2026-10-08-0604-1115,Orbitron-VariableFont_wght.ttf,https://fonts.gstatic.com/s/orbitron/v35/yMJRMIlzdpvBhQQL_Tq8fSx5i814.ttf,"WARN spacing/tightness: Overall tightness: Looseness -1.01 is at the 0th percentile of Sans Serif fonts (median +0.03, robust z -3.5). | WARN spacing/evenness: Shape error 35.0 units per 1000 em (gaps that depart from even spacing of these shapes): 98th percentile of Sans Serif fonts (median 17.0, robust z +4.0)."
Oregano,Display,,INFO,standard,-0.405,22.5,33.9,15,0.809,0.825,32,70,2026-10-08-0604-1115,Oregano-Regular.ttf,https://fonts.gstatic.com/s/oregano/v17/If2IXTPxciS3H4S2kZffPznO3yM.ttf,
Orelega One,Display,,INFO,standard,0.189,14.9,16.7,8.5,0.866,0.667,71,80,2026-10-08-0604-1115,OrelegaOne-Regular.ttf,https://fonts.gstatic.com/s/orelegaone/v14/3qTpojOggD2XtAdFb-QXZGt61EcYaQ7F.ttf,
Orienta,Sans Serif,,INFO,loose,0.436,18.9,33.3,14.2,0.876,0.985,36,70,2026-10-08-0604-1115,Orienta-Regular.ttf,https://fonts.gstatic.com/s/orienta/v16/PlI9FlK4Jrl5Y9zNeyeo9HRFhcU.ttf,
Original Surfer,Display,,INFO,tight,-0.375,16,21.3,5.8,0.716,0.579,67,80,2026-10-08-0604-1115,OriginalSurfer-Regular.ttf,https://fonts.gstatic.com/s/originalsurfer/v25/RWmQoKGZ9vIirYntXJ3_MbekzNMiDEtvAlaMKw.ttf,
Oswald,Sans Serif,,INFO,loose,0.425,12.9,14.9,7.9,0.788,0.739,87,80,2026-10-08-0604-1115,Oswald-VariableFont_wght.ttf,https://fonts.gstatic.com/s/oswald/v57/TK3iWkUHHAIjg75GHjUHte5fKg.ttf,
Outfit,Sans Serif,,INFO,standard,0.017,14.8,18.4,7,0.787,0.671,73,80,2026-10-08-0604-1115,Outfit-VariableFont_wght.ttf,https://fonts.gstatic.com/s/outfit/v15/QGYvz_MVcBeNP4N5s0Frc4H0ng.ttf,
Over the Rainbow,Handwriting,,INFO,standard,-0.238,41.9,,21.8,,,43,,2026-10-08-0604-1115,OvertheRainbow-Regular.ttf,https://fonts.gstatic.com/s/overtherainbow/v23/11haGoXG1k_HKhMLUWz7Mc7vvW5upvOm9NA2XG0.ttf,
Overlock,Display,,INFO,standard,0.011,17.5,26.7,10.7,0.834,0.777,59,70,2026-10-08-0604-1115,Overlock-Regular.ttf,https://fonts.gstatic.com/s/overlock/v19/Z9XVDmdMWRiN1_T9Z4Te4u2El6GC.ttf,
Overlock SC,Display,,INFO,standard,-0.03,20,25.2,13,0.876,0.84,46,70,2026-10-08-0604-1115,OverlockSC-Regular.ttf,https://fonts.gstatic.com/s/overlocksc/v25/1cX3aUHKGZrstGAY8nwVzHGAq8Sk1PoH.ttf,
Overpass,Sans Serif,,INFO,loose,0.539,16.2,17,8.6,0.774,0.456,59,70,2026-10-08-0604-1115,Overpass-VariableFont_wght.ttf,https://fonts.gstatic.com/s/overpass/v19/qFdH35WCmI96Ajtm82GiWdrCwwcJ.ttf,
Overpass Mono,Monospace,,SKIP,,,,,,,,,,,OverpassMono-VariableFont_wght.ttf,https://fonts.gstatic.com/s/overpassmono/v21/_Xmq-H86tzKDdAPa-KPQZ-AC5ii-t_-2G38.ttf,"SKIP spacing/monospaced: Skipped: every letter has the same advance width, so the spacing is set by the width, not by sidebearings and kerning."
Ovo,Serif,,INFO,standard,0.132,20.4,,11.4,,,40,70,2026-10-08-0604-1115,Ovo-Regular.ttf,https://fonts.gstatic.com/s/ovo/v18/yYLl0h7Wyfzjy4Q5_3WVxA.ttf,
Oxanium,Display,,INFO,standard,-0.012,14.6,21.8,8.5,0.651,0.924,74,80,2026-10-08-0604-1115,Oxanium-VariableFont_wght.ttf,https://fonts.gstatic.com/s/oxanium/v21/RrQQboN_4yJ0JmiMS2XO0LBBd4Y.ttf,
Oxygen,Sans Serif,,INFO,tight,-0.312,18.7,17,10,0.71,0.883,38,70,2026-10-08-0604-1115,Oxygen-Regular.ttf,https://fonts.gstatic.com/s/oxygen/v16/2sDfZG1Wl4Lcnbu6iUcnZ0SkAg.ttf,
Oxygen Mono,Monospace,,SKIP,,,,,,,,,,,OxygenMono-Regular.ttf,https://fonts.gstatic.com/s/oxygenmono/v15/h0GsssGg9FxgDgCjLeAd7ijfze-PPlUu.ttf,"SKIP spacing/monospaced: Skipped: every letter has the same advance width, so the spacing is set by the width, not by sidebearings and kerning."
Pacifico,Handwriting,,INFO,tight,-6,69.9,74.9,71.6,0.262,0.474,,,2026-10-08-0604-1115,Pacifico-Regular.ttf,https://fonts.gstatic.com/s/pacifico/v23/FwZY7-Qmy14u9lezJ96A4sijpFu_.ttf,
Padauk,Sans Serif,Mymr,INFO,standard,0.147,27.4,,13.6,,,7,,2026-10-08-0604-1115,Padauk-Regular.ttf,https://fonts.gstatic.com/s/padauk/v17/RrQRboJg-id7OnbBa0_g3LlYbg.ttf,
Padyakke Expanded One,Serif,Knda,INFO,standard,-0.236,33.6,31.3,23.3,0.633,0.618,3,,2026-10-08-0604-1115,PadyakkeExpandedOne-Regular.ttf,https://fonts.gstatic.com/s/padyakkeexpandedone/v8/K2FvfY9El_tbR0JfHb6WWvrBaU6XAUvC4IAYOKRkpDjeoQ.ttf,
Palanquin,Sans Serif,Deva,INFO,standard,-0.139,21.9,,14.3,,,21,,2026-10-08-0604-1115,Palanquin-Regular.ttf,https://fonts.gstatic.com/s/palanquin/v17/9XUnlJ90n1fBFg7ceXwsdlFMzLC2Zw.ttf,
Palanquin Dark,Sans Serif,Deva,INFO,loose,0.147,18.4,,13.5,,,39,,2026-10-08-0604-1115,PalanquinDark-Regular.ttf,https://fonts.gstatic.com/s/palanquindark/v17/xn75YHgl1nqmANMB-26xC7yuF_6OTEo9VtfE.ttf,
Palette Mosaic,Display,Hira,INFO,loose,6,31.6,,21.2,,,,,2026-10-08-0604-1115,PaletteMosaic-Regular.ttf,https://fonts.gstatic.com/s/palettemosaic/v13/AMOIz4aBvWuBFe3TohdW6YZ9MFiy4dxL4jSr.ttf,
Pangolin,Handwriting,,INFO,loose,0.321,21.9,24.6,13.6,0.607,0.64,85,,2026-10-08-0604-1115,Pangolin-Regular.ttf,https://fonts.gstatic.com/s/pangolin/v12/cY9GfjGcW0FPpi-tWPfK5d3aiLBG.ttf,
Paprika,Display,,INFO,standard,0.014,29.9,41,26.3,0.842,0.904,13,60,2026-10-08-0604-1115,Paprika-Regular.ttf,https://fonts.gstatic.com/s/paprika/v24/8QIJdijZitv49rDfuIgOq7jkAOw.ttf,
Parastoo,Serif,Arab,INFO,standard,-0.043,10.7,12.5,7,0.684,0.547,100,,2026-10-08-0604-1115,Parastoo-VariableFont_wght.ttf,https://fonts.gstatic.com/s/parastoo/v3/-F6yfj90ITQ4d9euQUrQjCVAxzAL.ttf,
Parisienne,Handwriting,,INFO,tight,-6,66,82.7,47.1,0.236,0.569,,,2026-10-08-0604-1115,Parisienne-Regular.ttf,https://fonts.gstatic.com/s/parisienne/v14/E21i_d3kivvAkxhLEVZpcy96DuKuavM.ttf,
Parkinsans,Sans Serif,Latn,INFO,tight,-0.306,27.7,26.3,16.9,0.78,0.554,6,60,2026-10-08-0604-1115,Parkinsans-VariableFont_wght.ttf,https://fonts.gstatic.com/s/parkinsans/v3/-W_7XJXvQyPb1QfpBpRrTkMBf50kbiM.ttf,
Passero One,Display,,INFO,loose,1.107,12.9,,9.3,,,84,80,2026-10-08-0604-1115,PasseroOne-Regular.ttf,https://fonts.gstatic.com/s/passeroone/v28/JTUTjIko8DOq5FeaeEAjgE5B5Arr-s50.ttf,
Passion One,Display,,INFO,loose,0.364,16.3,,10.6,,,65,70,2026-10-08-0604-1115,PassionOne-Regular.ttf,https://fonts.gstatic.com/s/passionone/v20/PbynFmL8HhTPqbjUzux3JHuW_Frg6YoV.ttf,
Passions Conflict,Handwriting,,INFO,tight,-6,51.6,48.9,30.9,0.288,0.789,,,2026-10-08-0604-1115,PassionsConflict-Regular.ttf,https://fonts.gstatic.com/s/passionsconflict/v9/kmKnZrcrFhfafnWX9x0GuEC-zowow5NeYRI4CN2V.ttf,
Pathway Extreme,Sans Serif,,INFO,tight,-0.351,22,23.3,13.3,0.653,0.265,20,60,2026-10-08-0604-1115,"PathwayExtreme-VariableFont_opsz,wdth,wght.ttf",https://fonts.gstatic.com/s/pathwayextreme/v7/neITzCC3pJ0rsaH2_sD-QttXPfDVqVkarSqSwA.ttf,
Pathway Gothic One,Sans Serif,,INFO,loose,0.777,12.3,18.1,8.7,0.843,0.94,89,80,2026-10-08-0604-1115,PathwayGothicOne-Regular.ttf,https://fonts.gstatic.com/s/pathwaygothicone/v16/MwQrbgD32-KAvjkYGNUUxAtW7pEBwx-dTFxeb80flQ.ttf,
Patrick Hand,Handwriting,,INFO,standard,0.161,24.6,,15.1,,,78,,2026-10-08-0604-1115,PatrickHand-Regular.ttf,https://fonts.gstatic.com/s/patrickhand/v25/LDI1apSQOAYtSuYWp8ZhfYeMWcjKm7sp8g.ttf,
Patrick Hand SC,Handwriting,,INFO,standard,-0.021,25.3,,16.3,,,75,,2026-10-08-0604-1115,PatrickHandSC-Regular.ttf,https://fonts.gstatic.com/s/patrickhandsc/v17/0nkwC9f7MfsBiWcLtY65AWDK873ViSi6JQc7Vg.ttf,
Pattaya,Sans Serif,Thai,INFO,tight,-6,46.2,,33.3,,,,,2026-10-08-0604-1115,Pattaya-Regular.ttf,https://fonts.gstatic.com/s/pattaya/v18/ea8ZadcqV_zkHY-XNdCn92ZEmVs.ttf,
Patua One,Display,,INFO,standard,0.173,13.8,19.9,7.7,0.763,0.866,79,80,2026-10-08-0604-1115,PatuaOne-Regular.ttf,https://fonts.gstatic.com/s/patuaone/v22/ZXuke1cDvLCKLDcimxBI5PNvNA9LuA.ttf,
Pavanam,Sans Serif,Taml,INFO,tight,-0.423,17.2,16.1,8.4,0.726,0.808,47,,2026-10-08-0604-1115,Pavanam-Regular.ttf,https://fonts.gstatic.com/s/pavanam/v13/BXRrvF_aiezLh0xPDOtQ9Wf0QcE.ttf,
Paytone One,Sans Serif,,INFO,loose,0.272,13.6,18.2,8.1,0.696,0.568,82,80,2026-10-08-0604-1115,PaytoneOne-Regular.ttf,https://fonts.gstatic.com/s/paytoneone/v25/0nksC9P7MfYHj2oFtYm2CiTqivr9iBq_.ttf,
Peddana,Serif,Telu,INFO,standard,0.15,17.5,,8.6,,,67,,2026-10-08-0604-1115,Peddana-Regular.ttf,https://fonts.gstatic.com/s/peddana/v24/aFTU7PBhaX89UcKWhh2aBYyMcKw.ttf,
Peralta,Serif,,WARN,standard,-0.257,17.3,19.4,9.1,0.713,0.803,70,60,2026-10-08-0604-1115,Peralta-Regular.ttf,https://fonts.gstatic.com/s/peralta/v21/hYkJPu0-RP_9d3kRGxAhrv956B8.ttf,"WARN spacing/pairs: 26 pairs are spaced far from how Serif fonts usually compare with the model (units per 1000 em, + looser): Hj -170, Sj -153, ej -168, Bj -156, pj -148, lj -179, oj -139, Oj -113, Ij -177, Aj -197."
Permanent Marker,Handwriting,,INFO,tight,-6,43.1,40.1,37.8,0.124,0.746,,,2026-10-08-0604-1115,PermanentMarker-Regular.ttf,https://fonts.gstatic.com/s/permanentmarker/v16/Fh4uPib9Iyv2ucM6pGQMWimMp004HaqIfrT5nlk.ttf,
Petemoss,Handwriting,,INFO,tight,-6,53,4.3,43.4,,1,,,2026-10-08-0604-1115,Petemoss-Regular.ttf,https://fonts.gstatic.com/s/petemoss/v9/A2BZn5tA2xgtGWHZgxkesKb9UouQ.ttf,
Petit Formal Script,Handwriting,,WARN,tight,-0.978,69.5,56.9,48.4,0.071,0.477,12,,2026-10-08-0604-1115,PetitFormalScript-Regular.ttf,https://fonts.gstatic.com/s/petitformalscript/v19/B50TF6xQr2TXJBnGOFME6u5OR83oRP5qoHnqP4gZSiE.ttf,"WARN spacing/glyph-sides: 4 glyph sides are spaced far from the norms of Handwriting fonts (units per 1000 em against their median): p left -120, s right +151, J left +157, p right +109."
Petrona,Serif,,INFO,loose,0.299,23.1,25.9,15.2,0.713,0.634,22,60,2026-10-08-0604-1115,Petrona-VariableFont_wght.ttf,https://fonts.gstatic.com/s/petrona/v38/mtG64_NXL7bZo9XXsXVStGsRwCU.ttf,
Phetsarath,Sans Serif,Laoo,SKIP,,,,,,,,,,,,,SKIP spacing/not-latin: Skipped: the family has no Latin subset (lao). The check covers fonts with the basic Latin alphabet.
Philosopher,Sans Serif,,INFO,standard,-0.033,13,15.9,7.4,0.798,0.816,86,80,2026-10-08-0604-1115,Philosopher-Regular.ttf,https://fonts.gstatic.com/s/philosopher/v21/vEFV2_5QCwIS4_Dhez5jcVBpRUwU08qe.ttf,
Phudu,Display,,INFO,tight,-0.63,18.6,17.2,11.6,0.836,0.415,53,70,2026-10-08-0604-1115,Phudu-VariableFont_wght.ttf,https://fonts.gstatic.com/s/phudu/v6/0FlaVPSHk0ya-6mfWh8MZB8g.ttf,
Piazzolla,Serif,,INFO,standard,0.22,19.4,22.1,11.4,0.713,0.645,51,70,2026-10-08-0604-1115,"Piazzolla-VariableFont_opsz,wght.ttf",https://fonts.gstatic.com/s/piazzolla/v42/N0bX2SlTPu5rIkWIZjVQIfTTkdbJYA.ttf,
Piedra,Display,,INFO,tight,-0.245,12.4,21.6,5.3,0.897,0.317,88,80,2026-10-08-0604-1115,Piedra-Regular.ttf,https://fonts.gstatic.com/s/piedra/v27/ke8kOg8aN0Bn7hTunEyHN_M3gA.ttf,
Pinyon Script,Handwriting,,INFO,tight,-6,109.1,141.2,99.5,0.332,0.431,,,2026-10-08-0604-1115,PinyonScript-Regular.ttf,https://fonts.gstatic.com/s/pinyonscript/v24/6xKpdSJbL9-e9LuoeQiDRQR8aOLQO4bhiDY.ttf,
Pirata One,Display,,INFO,loose,0.256,25.3,16.9,17.1,0.652,0.222,23,60,2026-10-08-0604-1115,PirataOne-Regular.ttf,https://fonts.gstatic.com/s/pirataone/v23/I_urMpiDvgLdLh0fAtoftiiEr5_BdZ8.ttf,
Pixelify Sans,Display,,INFO,loose,0.607,21.4,20.8,13.6,0.675,0.136,39,70,2026-10-08-0604-1115,PixelifySans-VariableFont_wght.ttf,https://fonts.gstatic.com/s/pixelifysans/v3/CHylV-3HFUT7aC4iv1TxGDR9FnoOimlReJw.ttf,
Plaster,Display,,WARN,loose,2.087,37.3,,21.5,,,6,60,2026-10-08-0604-1115,Plaster-Regular.ttf,https://fonts.gstatic.com/s/plaster/v25/DdTm79QatW80eRh4Ei5JOtLOeLI.ttf,"WARN spacing/tightness: Overall tightness: Looseness +2.09 is at the 99th percentile of Display fonts (median +0.04, robust z +3.8)."
Platypi,Serif,,INFO,standard,0.134,16.6,16.5,9,0.812,0.411,78,80,2026-10-08-0604-1115,Platypi-VariableFont_wght.ttf,https://fonts.gstatic.com/s/platypi/v6/bMr3mSGU7pMlaX6-JgKMMMyTQ3o.ttf,
Play,Sans Serif,,INFO,standard,-0.023,16.6,,9.5,,,55,70,2026-10-08-0604-1115,Play-Regular.ttf,https://fonts.gstatic.com/s/play/v21/6aez4K2oVqwIjtI8Hp8Tx3A.ttf,
Playball,Display,,INFO,tight,-6,59.9,52.1,65.5,0.479,0.496,,,2026-10-08-0604-1115,Playball-Regular.ttf,https://fonts.gstatic.com/s/playball/v22/TK3gWksYAxQ7jbsKcj8Dl-tPKo2t.ttf,
Playfair,Serif,,INFO,loose,0.87,17.2,17.3,13.3,0.749,0.417,71,80,2026-10-08-0604-1115,"Playfair-VariableFont_opsz,wdth,wght.ttf",https://fonts.gstatic.com/s/playfair/v10/0nkrC9D7PO4KhmUJ5-bYRQDioeb0.ttf,
Playfair Display,Serif,,INFO,standard,-0.085,12.9,16.7,7.2,0.718,0.775,97,90,2026-10-08-0604-1115,PlayfairDisplay-VariableFont_wght.ttf,https://fonts.gstatic.com/s/playfairdisplay/v40/nuFiD-vYSZviVYUb_rj3ij__anPXPTvSgWE_-xU.ttf,
Playfair Display SC,Serif,,INFO,standard,-0.179,12.5,13.3,7.3,0.731,0.797,98,90,2026-10-08-0604-1115,PlayfairDisplaySC-Regular.ttf,https://fonts.gstatic.com/s/playfairdisplaysc/v18/ke85OhoaMkR6-hSn7kbHVoFf7ZfgMPr_pb4GEcM2M4s.ttf,
Playpen Sans,Handwriting,,INFO,loose,0.373,18.9,21.6,10.9,0.755,0.53,90,,2026-10-08-0604-1115,PlaypenSans-VariableFont_wght.ttf,https://fonts.gstatic.com/s/playpensans/v22/dg4i_pj1p6gXP0gzAZgm4c8NSygiiyyhRw.ttf,
Playpen Sans Arabic,Handwriting,Arab,INFO,loose,0.373,18.9,21.6,10.9,0.755,0.53,90,,2026-10-08-0604-1115,PlaypenSansArabic-VariableFont_wght.ttf,https://fonts.gstatic.com/s/playpensansarabic/v8/KtkxAKiSeo38bkPvhIqjU6aCgha2der-fY5q4szgE-Q.ttf,
Playpen Sans Deva,Handwriting,Deva,INFO,loose,0.373,18.9,21.6,10.9,0.755,0.53,90,,2026-10-08-0604-1115,PlaypenSansDeva-VariableFont_wght.ttf,https://fonts.gstatic.com/s/playpensansdeva/v4/vm8sdQj0UUbMxObnsO17RZ7pPBuJgfd_GJMTlo_4.ttf,
Playpen Sans Hebrew,Handwriting,Hebr,INFO,loose,0.373,18.9,21.6,10.9,0.755,0.53,90,,2026-10-08-0604-1115,PlaypenSansHebrew-VariableFont_wght.ttf,https://fonts.gstatic.com/s/playpensanshebrew/v8/lJwb-okuj29wT-AN6RvLx8QqjkKhL7eAlInffHZXQf0.ttf,
Playpen Sans Thai,Handwriting,Thai,INFO,loose,0.373,18.9,21.6,10.9,0.755,0.53,90,,2026-10-08-0604-1115,PlaypenSansThai-VariableFont_wght.ttf,https://fonts.gstatic.com/s/playpensansthai/v8/VdGEAYIdG5kSgHwmKT9wYu2rs0cBsvWGzr8C7vav.ttf,
Playwrite AR,Handwriting,,INFO,standard,-0.142,46.8,36,31.1,0.736,0.892,36,,2026-10-08-0604-1115,PlaywriteAR-VariableFont_wght.ttf,https://fonts.gstatic.com/s/playwritear/v6/VEM2RohisJz5pTCzruCNjWbFrNGOsEkJZA.ttf,
Playwrite AR Guides,Handwriting,,INFO,tight,-6,24.7,41.1,15.9,0.05,0.047,,,2026-10-08-0604-1115,PlaywriteARGuides-Regular.ttf,https://fonts.gstatic.com/s/playwritearguides/v5/iJWYBWqKZTrYS9uv-Ry6kDf-q_0Xq67mcGUaW4_MiYQ.ttf,
Playwrite AT,Handwriting,,INFO,standard,-0.151,44.8,39.8,31,0.761,0.906,39,,2026-10-08-0604-1115,PlaywriteAT-VariableFont_wght.ttf,https://fonts.gstatic.com/s/playwriteat/v6/Gw69wc7n6kfJN4fVoKON7HIeDjZvt9mVvg.ttf,
Playwrite AT Guides,Handwriting,,INFO,tight,-6,31.3,52,16.5,-0.041,0.07,,,2026-10-08-0604-1115,PlaywriteATGuides-Regular.ttf,https://fonts.gstatic.com/s/playwriteatguides/v1/QdVKSS0gJR2xneUeQPfE-FVA1BlZQRpBRbgJdhapcUU.ttf,
Playwrite AU NSW,Handwriting,,INFO,standard,-0.548,62.8,115.8,66.2,0.096,0.791,14,,2026-10-08-0604-1115,PlaywriteAUNSW-VariableFont_wght.ttf,https://fonts.gstatic.com/s/playwriteaunsw/v11/6qLbKY4NtxD-qVlIPUIPenElWCCEQxMAZkM1pn4.ttf,
Playwrite AU NSW Guides,Handwriting,,INFO,tight,-6,57.4,94.9,45.6,-0.107,0.264,,,2026-10-08-0604-1115,PlaywriteAUNSWGuides-Regular.ttf,https://fonts.gstatic.com/s/playwriteaunswguides/v1/LDIiao-QNRMmVPcU8-sgUraMF7GZs_1Emk3v8tPbZeQ3YBXs.ttf,
Playwrite AU QLD,Handwriting,,INFO,standard,-0.55,69.2,119.8,70.9,0.084,0.744,12,,2026-10-08-0604-1115,PlaywriteAUQLD-VariableFont_wght.ttf,https://fonts.gstatic.com/s/playwriteauqld/v11/SlGLmR-Yo5oYZX5BFVcEwSFSOXBRQgviqWC_O7Y.ttf,
Playwrite AU QLD Guides,Handwriting,,INFO,tight,-6,61.6,94.1,49.1,-0.173,0.29,,,2026-10-08-0604-1115,PlaywriteAUQLDGuides-Regular.ttf,https://fonts.gstatic.com/s/playwriteauqldguides/v1/TuGBUUJtX5tTUfQi_7kbiZZFVhl0FIKnvy00LDxlIzIU5RwD.ttf,
Playwrite AU SA,Handwriting,,INFO,standard,-0.629,62.4,108.1,67.4,0.09,0.787,15,,2026-10-08-0604-1115,PlaywriteAUSA-VariableFont_wght.ttf,https://fonts.gstatic.com/s/playwriteausa/v11/YcmusZpNS1SdgmHbGgtRuUElnR3YkgJJtci2kA.ttf,
Playwrite AU SA Guides,Handwriting,,INFO,tight,-6,60.6,86.8,45.7,-0.066,0.246,,,2026-10-08-0604-1115,PlaywriteAUSAGuides-Regular.ttf,https://fonts.gstatic.com/s/playwriteausaguides/v1/3JnsSCLj03y8jUv7aFWBCCglBaFjl54aVBAovcgEP-Z3054.ttf,
Playwrite AU TAS,Handwriting,,WARN,standard,-0.842,70.4,129.9,75.2,0.044,0.755,11,,2026-10-08-0604-1115,PlaywriteAUTAS-VariableFont_wght.ttf,https://fonts.gstatic.com/s/playwriteautas/v11/Gfte7u9QuxsdI_QuuctXue3Elxxmah3VesW0BfM.ttf,"WARN spacing/glyph-sides: 3 glyph sides are spaced far from the norms of Handwriting fonts (units per 1000 em against their median): ’ right -182, T left +235, V left +186."
Playwrite AU TAS Guides,Handwriting,,INFO,tight,-6,68.7,102.5,55.9,-0.064,0.28,,,2026-10-08-0604-1115,PlaywriteAUTASGuides-Regular.ttf,https://fonts.gstatic.com/s/playwriteautasguides/v1/cY9Vfi6cVk5RvjGtQrLqjozy3ekUDtDMDX-NNjbKL4UbaDZD.ttf,
Playwrite AU VIC,Handwriting,,INFO,standard,-0.736,74.7,139.1,76.3,-0.028,0.707,10,,2026-10-08-0604-1115,PlaywriteAUVIC-VariableFont_wght.ttf,https://fonts.gstatic.com/s/playwriteauvic/v11/bWtj7enUfwn0Hf1zjprKOJdcDy8r3QuXZgiClzY.ttf,
Playwrite AU VIC Guides,Handwriting,,INFO,tight,-6,67.1,106.5,54.6,-0.165,0.276,,,2026-10-08-0604-1115,PlaywriteAUVICGuides-Regular.ttf,https://fonts.gstatic.com/s/playwriteauvicguides/v1/ll8sK3mEVy6nEMXMskXIZv8owEdZpVIWaQEnuD6F2TpBa98q.ttf,
Playwrite BE VLG,Handwriting,,WARN,tight,-0.989,86.2,133,75.9,0.389,0.797,6,,2026-10-08-0604-1115,PlaywriteBEVLG-VariableFont_wght.ttf,https://fonts.gstatic.com/s/playwritebevlg/v6/GFDxWBdug3mQSvrAT9AL6fd4ZkB-cWAhatVBaGM.ttf,"WARN spacing/glyph-sides: 12 glyph sides are spaced far from the norms of Handwriting fonts (units per 1000 em against their median): K left +211, J left +207, e left -155, V left +225, l left -171, N right -202, r left -167, b left -170."
Playwrite BE VLG Guides,Handwriting,,INFO,tight,-6,67.7,86.7,54.7,0.107,0.449,,,2026-10-08-0604-1115,PlaywriteBEVLGGuides-Regular.ttf,https://fonts.gstatic.com/s/playwritebevlgguides/v2/EYqjmb1Mz6hO4edaU9qKGFZMDd_Q-zwwK__U1u9GK3nNgEoc.ttf,
Playwrite BE WAL,Handwriting,,INFO,standard,0.043,58.4,57.5,40.4,0.706,0.836,19,,2026-10-08-0604-1115,PlaywriteBEWAL-VariableFont_wght.ttf,https://fonts.gstatic.com/s/playwritebewal/v7/DtV4Jwq5QbIzyrA6DHdJ2BksuUmahwBmkui5HNg.ttf,
Playwrite BE WAL Guides,Handwriting,,INFO,tight,-6,28.2,57.8,17,-0.033,0.049,,,2026-10-08-0604-1115,PlaywriteBEWALGuides-Regular.ttf,https://fonts.gstatic.com/s/playwritebewalguides/v1/l7gPbiR5yM62ycwevWCt02rrTFoEJvY4kyrrUzHlVJabaOSA.ttf,
Playwrite BR,Handwriting,,INFO,standard,-0.06,48.4,39.6,32.6,0.759,0.915,33,,2026-10-08-0604-1115,PlaywriteBR-VariableFont_wght.ttf,https://fonts.gstatic.com/s/playwritebr/v11/kJE0BuMK4Q07lDHc2Xp9vYgSrMxzBZ2lDA.ttf,
Playwrite BR Guides,Handwriting,,INFO,tight,-6,24.8,44,16,0.052,0.051,,,2026-10-08-0604-1115,PlaywriteBRGuides-Regular.ttf,https://fonts.gstatic.com/s/playwritebrguides/v1/tssxAohQaiQS-wrnJz-F5CqW4dOezRwp-9cCOxBu_BM.ttf,
Playwrite CA,Handwriting,,WARN,tight,-0.718,95,118,83.4,0.174,0.651,3,,2026-10-08-0604-1115,PlaywriteCA-VariableFont_wght.ttf,https://fonts.gstatic.com/s/playwriteca/v11/z7NTdR_4cT0NOrEAIElil930TNeRpoq5Zg.ttf,"WARN spacing/glyph-sides: 16 glyph sides are spaced far from the norms of Handwriting fonts (units per 1000 em against their median): Z left +240, p left -160, l left -211, e left -182, r left -205, s left -207, b left -210, K left +194. | WARN spacing/pairs: 26 pairs are spaced far from how Handwriting fonts usually compare with the model (units per 1000 em, + looser): gZ +260, yZ +256, mZ +286, nZ +288, Os -273, sZ +357, uZ +290, Or -269, hZ +254, aZ +293."
Playwrite CA Guides,Handwriting,,INFO,tight,-6,73.5,70.4,58.2,-0.081,0.275,,,2026-10-08-0604-1115,PlaywriteCAGuides-Regular.ttf,https://fonts.gstatic.com/s/playwritecaguides/v1/MjQamj1kuP_soQ3o-rysO9Ci_8oJlIUUInch3bTfcxs.ttf,
Playwrite CL,Handwriting,,INFO,standard,-0.17,47,36.2,31.8,0.752,0.886,35,,2026-10-08-0604-1115,PlaywriteCL-VariableFont_wght.ttf,https://fonts.gstatic.com/s/playwritecl/v6/-zki91m7wssz_XLkGgu8hy33oZX-Xup87g.ttf,
Playwrite CL Guides,Handwriting,,INFO,tight,-6,24.7,41.6,16.6,-0.058,0.043,,,2026-10-08-0604-1115,PlaywriteCLGuides-Regular.ttf,https://fonts.gstatic.com/s/playwriteclguides/v2/Z9XKDnxTQxyGzOn3eMH-i6Ws0czqkE-hrNpVuw5_BAM.ttf,
Playwrite CO,Handwriting,,WARN,tight,-0.849,92.1,125.6,81.9,0.19,0.683,3,,2026-10-08-0604-1115,PlaywriteCO-VariableFont_wght.ttf,https://fonts.gstatic.com/s/playwriteco/v13/0FlTVP2Hl1iH-fv2BH4kJkgB-dMOdS7sSg.ttf,"WARN spacing/glyph-sides: 16 glyph sides are spaced far from the norms of Handwriting fonts (units per 1000 em against their median): Z left +236, z left -176, J left +189, e left -157, l left -173, ’ right -189, r left -168, s left -171."
Playwrite CO Guides,Handwriting,,INFO,tight,-6,68.4,71,56.3,-0.111,0.272,,,2026-10-08-0604-1115,PlaywriteCOGuides-Regular.ttf,https://fonts.gstatic.com/s/playwritecoguides/v5/AYCXpWvtftIVXepC5AzjAx1KgYPugOK0TqxTJw_GOM0.ttf,
Playwrite CU,Handwriting,,WARN,standard,-0.586,101.2,138.4,90.4,0.182,0.627,2,,2026-10-08-0604-1115,PlaywriteCU-VariableFont_wght.ttf,https://fonts.gstatic.com/s/playwritecu/v6/VuJ2dNDb2p7tvoFGLMPdf9xGYTFZt0rNpQ.ttf,"WARN spacing/glyph-sides: 20 glyph sides are spaced far from the norms of Handwriting fonts (units per 1000 em against their median): Z left +266, z left -192, K left +237, J left +207, ’ right -219, e left -168, l left -189, s left -186. | WARN spacing/pairs: 38 pairs are spaced far from how Handwriting fonts usually compare with the model (units per 1000 em, + looser): gZ +276, yZ +271, mZ +292, nZ +293, sZ +361, hZ +267, jZ +248, uZ +293, ’z -427, iZ +297."
Playwrite CU Guides,Handwriting,,INFO,tight,-6,78.6,75.5,63.6,-0.093,0.294,,,2026-10-08-0604-1115,PlaywriteCUGuides-Regular.ttf,https://fonts.gstatic.com/s/playwritecuguides/v1/c4m81mZtG8v6p3iAoFBJ2dJdu9fWPSaOFooIDQtJbok.ttf,
Playwrite CZ,Handwriting,,WARN,tight,-1.072,89.1,125.8,77.8,0.173,0.748,4,,2026-10-08-0604-1115,PlaywriteCZ-VariableFont_wght.ttf,https://fonts.gstatic.com/s/playwritecz/v6/8vIP7wYp22pt_BUChSHeVxx_M9f08h-8bA.ttf,"WARN spacing/glyph-sides: 14 glyph sides are spaced far from the norms of Handwriting fonts (units per 1000 em against their median): J left +208, e left -162, l left -183, r left -178, s left -180, b left -181, h left -176, N left +161."
Playwrite CZ Guides,Handwriting,,INFO,tight,-6,70,73.3,56.1,-0.085,0.332,,,2026-10-08-0604-1115,PlaywriteCZGuides-Regular.ttf,https://fonts.gstatic.com/s/playwriteczguides/v1/6qLcKY0NtxD-qVlIPUIPeH4lUQa6B3ZZQkseuneh7xc.ttf,
Playwrite DE Grund,Handwriting,,INFO,loose,0.208,21.3,22.6,16,0.76,0.894,87,,2026-10-08-0604-1115,PlaywriteDEGrund-VariableFont_wght.ttf,https://fonts.gstatic.com/s/playwritedegrund/v11/EJRLQhwoXdccriFurnRxqv-1MFyKy69g8Keepi2lHw.ttf,
Playwrite DE Grund Guides,Handwriting,,INFO,tight,-1.56,9.1,37.3,5.6,0.112,0.017,99,,2026-10-08-0604-1115,PlaywriteDEGrundGuides-Regular.ttf,https://fonts.gstatic.com/s/playwritedegrundguides/v1/OD5RuNCQ02KrAHnha1L36CWcQ83dtK5BLxqexnduX98TJlnjHAA.ttf,
Playwrite DE LA,Handwriting,,WARN,tight,-1.058,83,117.9,73,0.238,0.796,7,,2026-10-08-0604-1115,PlaywriteDELA-VariableFont_wght.ttf,https://fonts.gstatic.com/s/playwritedela/v11/oY1G8e3fprboJ2HN4ogXTpFVJ8Q5Ln2ZCGKRvA.ttf,"WARN spacing/glyph-sides: 9 glyph sides are spaced far from the norms of Handwriting fonts (units per 1000 em against their median): e left -170, l left -195, s left -192, b left -194, J left +179, K left +179, h left -183, N right -196."
Playwrite DE LA Guides,Handwriting,,INFO,tight,-6,67.2,75.9,52.5,-0.032,0.39,,,2026-10-08-0604-1115,PlaywriteDELAGuides-Regular.ttf,https://fonts.gstatic.com/s/playwritedelaguides/v2/1q2XY42fB0V64O4aSe1OjKs_yAXBOfDI5wE56g2M62M1AXs.ttf,
Playwrite DE SAS,Handwriting,,WARN,standard,-0.678,69.6,98.5,62.2,0.164,0.723,11,,2026-10-08-0604-1115,PlaywriteDESAS-VariableFont_wght.ttf,https://fonts.gstatic.com/s/playwritedesas/v11/1Pt1g9vaRvmWghDdrE8IDuRPVrHN5Vs45aiOBrU.ttf,"WARN spacing/glyph-sides: 7 glyph sides are spaced far from the norms of Handwriting fonts (units per 1000 em against their median): e left -162, l left -184, s left -182, b left -182, h left -175, k left -175, J left +146."
Playwrite DE SAS Guides,Handwriting,,INFO,tight,-6,54.9,66,41.2,-0.228,0.339,,,2026-10-08-0604-1115,PlaywriteDESASGuides-Regular.ttf,https://fonts.gstatic.com/s/playwritedesasguides/v1/8At5GtCjPp-GWR2h9cC6ePzz2l6LJ3VZaPNi15BEdtBgPI1G.ttf,
Playwrite DE VA,Handwriting,,WARN,standard,-0.319,59,81.3,52.3,0.33,0.745,19,,2026-10-08-0604-1115,PlaywriteDEVA-VariableFont_wght.ttf,https://fonts.gstatic.com/s/playwritedeva/v11/VuJpdNPb2p7tvoFGLMPdeMxGN1p9v2HRrDH0eA.ttf,"WARN spacing/glyph-sides: 5 glyph sides are spaced far from the norms of Handwriting fonts (units per 1000 em against their median): l left -186, s left -186, b left -185, h left -176, k left -176."
Playwrite DE VA Guides,Handwriting,,INFO,tight,-6,46.1,60.5,31.8,-0.312,0.206,,,2026-10-08-0604-1115,PlaywriteDEVAGuides-Regular.ttf,https://fonts.gstatic.com/s/playwritedevaguides/v1/WwkPxOmkDVqm-ojMLT_kdMUoBpMYm6KTeb28UB9SNQIUdqQ.ttf,
Playwrite DK Loopet,Handwriting,,WARN,tight,-1.388,76,114.9,76,0.191,0.706,9,,2026-10-08-0604-1115,PlaywriteDKLoopet-VariableFont_wght.ttf,https://fonts.gstatic.com/s/playwritedkloopet/v6/memiYbuzy2qb3rtJGfM1FvY-GacDcsPvr6v9WSCHpm8.ttf,"WARN spacing/glyph-sides: 5 glyph sides are spaced far from the norms of Handwriting fonts (units per 1000 em against their median): e left -153, l left -169, b left -169, h left -168, k left -168."
Playwrite DK Loopet Guides,Handwriting,,INFO,tight,-6,65.4,81.8,50.4,-0.243,0.272,,,2026-10-08-0604-1115,PlaywriteDKLoopetGuides-Regular.ttf,https://fonts.gstatic.com/s/playwritedkloopetguides/v1/4iC46LlmYsRPlQ1zDEvT8weoW-sI8-h9xxN83W-Cb5tmElj-b0nB.ttf,
Playwrite DK Uloopet,Handwriting,,INFO,tight,-0.92,65.2,109.9,66.8,0.089,0.758,13,,2026-10-08-0604-1115,PlaywriteDKUloopet-VariableFont_wght.ttf,https://fonts.gstatic.com/s/playwritedkuloopet/v6/bWtn7e3Ufwn0Hf1zjprKPYlcDAoHknvYFiCDpTMddp8a.ttf,
Playwrite DK Uloopet Guides,Handwriting,,INFO,tight,-6,60.2,85.1,45.7,-0.082,0.285,,,2026-10-08-0604-1115,PlaywriteDKUloopetGuides-Regular.ttf,https://fonts.gstatic.com/s/playwritedkuloopetguides/v1/WwkKxOSkDVqm-ojMLT_kdMsoBb5Xs6efafiIBXYcVHk1bo9bkIONtA.ttf,
Playwrite ES,Handwriting,,INFO,standard,-0.091,43.3,35.6,31.5,0.811,0.853,39,,2026-10-08-0604-1115,PlaywriteES-VariableFont_wght.ttf,https://fonts.gstatic.com/s/playwritees/v11/kJE0BuMK4Q07lDHc2Xp9uokSrMxzBZ2lDA.ttf,
Playwrite ES Deco,Handwriting,,INFO,standard,-0.254,41.9,32.4,28.5,0.72,0.905,43,,2026-10-08-0604-1115,PlaywriteESDeco-VariableFont_wght.ttf,https://fonts.gstatic.com/s/playwriteesdeco/v11/7Aulp-g3kjKKGkePXEf2jxctfDxlvHkw2-m9x2iC.ttf,
Playwrite ES Deco Guides,Handwriting,,WARN,tight,-3.384,23.9,38.7,15,-0.064,0.04,79,,2026-10-08-0604-1115,PlaywriteESDecoGuides-Regular.ttf,https://fonts.gstatic.com/s/playwriteesdecoguides/v1/flUrRriwwII5RVl2TZ1XBNTUOYY6ZzZzwPCEKtwqYEyDBQWJ7Q.ttf,"WARN spacing/tightness: Overall tightness: Looseness -3.38 is at the 0th percentile of Handwriting fonts (median -0.51, robust z -4.1)."
Playwrite ES Guides,Handwriting,,INFO,tight,-6,21.6,38.4,14.9,0.05,0.17,,,2026-10-08-0604-1115,PlaywriteESGuides-Regular.ttf,https://fonts.gstatic.com/s/playwriteesguides/v1/VuJtdM_b2p7tvoFGLMPdedpGJm402y6mhDDGfdnzXeU.ttf,
Playwrite FR Moderne,Handwriting,,INFO,loose,0.266,28.5,30.4,19.6,0.775,0.915,69,,2026-10-08-0604-1115,PlaywriteFRModerne-VariableFont_wght.ttf,https://fonts.gstatic.com/s/playwritefrmoderne/v11/3y9-6awucz3w5m4FFTzKolJRXhUk_u1yWs-tNtKENeNp.ttf,
Playwrite FR Moderne Guides,Handwriting,,INFO,tight,-1.723,10.2,47.1,6,0.027,0.019,98,,2026-10-08-0604-1115,PlaywriteFRModerneGuides-Regular.ttf,https://fonts.gstatic.com/s/playwritefrmoderneguides/v2/CSRr4yxOn-mMWCgLPl16KrUKBbwa2ZZLdkrvXllIP22HnIzLvrG2fw.ttf,
Playwrite FR Trad,Handwriting,,INFO,standard,0.082,56,55.8,37.3,0.704,0.843,22,,2026-10-08-0604-1115,PlaywriteFRTrad-VariableFont_wght.ttf,https://fonts.gstatic.com/s/playwritefrtrad/v13/sJoe3KxJjdGLJV3vyatrJE2pkQisWXkKHZ0f1CZO.ttf,
Playwrite FR Trad Guides,Handwriting,,INFO,tight,-6,26.7,57.3,15.4,0.021,0.049,,,2026-10-08-0604-1115,PlaywriteFRTradGuides-Regular.ttf,https://fonts.gstatic.com/s/playwritefrtradguides/v1/l7gMbit5yM62ycwevWCt133rT2kpYpEKjyfqRWLFfriXYf2ZXw.ttf,
Playwrite GB J,Handwriting,,INFO,standard,0.131,22.9,23,17.2,0.78,0.903,82,,2026-10-08-0604-1115,PlaywriteGBJ-VariableFont_wght.ttf,https://fonts.gstatic.com/s/playwritegbj/v11/k3kJo8wSPe9dzQ1UGbvobAPhY4KN2wv287Sb.ttf,
Playwrite GB J Guides,Handwriting,,INFO,tight,-1.54,8.2,38.2,5.8,0.194,0.003,100,,2026-10-08-0604-1115,PlaywriteGBJGuides-Regular.ttf,https://fonts.gstatic.com/s/playwritegbjguides/v2/CSRh4yJOn-mMWCgLPl16K6UKAvM5yY1BdhmIKxooUh-_nQ.ttf,
Playwrite GB S,Handwriting,,INFO,standard,0.154,22.2,23.5,16.6,0.774,0.888,85,,2026-10-08-0604-1115,PlaywriteGBS-VariableFont_wght.ttf,https://fonts.gstatic.com/s/playwritegbs/v12/oPWW_kFkk-s1Xclhmlemy7jsNR53bHiez1PV.ttf,
Playwrite GB S Guides,Handwriting,,INFO,tight,-1.596,9.2,37.7,6,0.177,0.003,99,,2026-10-08-0604-1115,PlaywriteGBSGuides-Regular.ttf,https://fonts.gstatic.com/s/playwritegbsguides/v1/0FlKVOSHl1iH-fv2BH4kIkUBqtlNCEaQLlyKx1QPi-Z8Fw.ttf,
Playwrite HR,Handwriting,,WARN,tight,-1.217,79.7,119,68.5,0.418,0.81,8,,2026-10-08-0604-1115,PlaywriteHR-VariableFont_wght.ttf,https://fonts.gstatic.com/s/playwritehr/v6/WWXVljmQYQCZM5qaU_dwQYcoZybLwMVWng.ttf,"WARN spacing/glyph-sides: 7 glyph sides are spaced far from the norms of Handwriting fonts (units per 1000 em against their median): l left -170, J left +163, s left -168, b left -169, h left -170, k left -170, V left +186."
Playwrite HR Guides,Handwriting,,INFO,tight,-6,68.8,91.7,50,0.076,0.315,,,2026-10-08-0604-1115,PlaywriteHRGuides-Regular.ttf,https://fonts.gstatic.com/s/playwritehrguides/v1/6NUK8EedKwOcfRjj8ukv_L4kjqAoGrjdWmA08mCgdfM.ttf,
Playwrite HR Lijeva,Handwriting,,INFO,standard,-0.131,38.6,33.9,26.2,0.734,0.867,49,,2026-10-08-0604-1115,PlaywriteHRLijeva-VariableFont_wght.ttf,https://fonts.gstatic.com/s/playwritehrlijeva/v6/gNMYW2dhS5-p7HvxrBYiWN2SsKqLWCrYkjtiTWz5UGA.ttf,
Playwrite HR Lijeva Guides,Handwriting,,INFO,tight,-2.712,24,46.6,12,0.092,0.068,78,,2026-10-08-0604-1115,PlaywriteHRLijevaGuides-Regular.ttf,https://fonts.gstatic.com/s/playwritehrlijevaguides/v1/uU9aCAgH7I63K35cu3bRkqamzjr8EW133LJaXDO-QObhgDgMKYJO.ttf,
Playwrite HU,Handwriting,,INFO,standard,-0.044,35.8,29.6,24.4,0.721,0.867,53,,2026-10-08-0604-1115,PlaywriteHU-VariableFont_wght.ttf,https://fonts.gstatic.com/s/playwritehu/v6/A2Bdn59A0g0xA3zDhFw-0vfVU7mVsM4Fqg.ttf,
Playwrite HU Guides,Handwriting,,INFO,tight,-2.149,21.7,42.4,10.5,-0.002,0.033,86,,2026-10-08-0604-1115,PlaywriteHUGuides-Regular.ttf,https://fonts.gstatic.com/s/playwritehuguides/v1/AYCXpWvtftIVXepC5AzjCAdKgYPugOK0TqxTJw_GOM0.ttf,
Playwrite ID,Handwriting,,INFO,standard,0.076,56.8,57.9,38.7,0.711,0.906,21,,2026-10-08-0604-1115,PlaywriteID-VariableFont_wght.ttf,https://fonts.gstatic.com/s/playwriteid/v11/Cn-xJt2YWhlY2oC4KxifKQJ8pfghQ3eplw.ttf,
Playwrite ID Guides,Handwriting,,INFO,tight,-6,24.1,57,14.8,0.05,0.096,,,2026-10-08-0604-1115,PlaywriteIDGuides-Regular.ttf,https://fonts.gstatic.com/s/playwriteidguides/v1/MjQamj1kuP_soQ3o-rysMdWi_8oJlIUUInch3bTfcxs.ttf,
Playwrite IE,Handwriting,,WARN,standard,-0.545,79.5,113.2,74.4,0.107,0.675,8,,2026-10-08-0604-1115,PlaywriteIE-VariableFont_wght.ttf,https://fonts.gstatic.com/s/playwriteie/v11/fC1mPYtWYWnH0hvndYd6GCGMVwLBplm9aw.ttf,"WARN spacing/glyph-sides: 9 glyph sides are spaced far from the norms of Handwriting fonts (units per 1000 em against their median): J left +210, K left +196, ’ right -188, l left -166, r left -163, b left -165, h left -171, H left +194."
Playwrite IE Guides,Handwriting,,INFO,tight,-6,63.9,65,51.5,-0.156,0.275,,,2026-10-08-0604-1115,PlaywriteIEGuides-Regular.ttf,https://fonts.gstatic.com/s/playwriteieguides/v1/LhW5MULFNP8PI-1UADw_Kbp9daTx5ovUaNojN9_8IVQ.ttf,
Playwrite IN,Handwriting,,WARN,tight,-0.818,90.7,138.5,79.4,0.249,0.719,4,,2026-10-08-0604-1115,PlaywriteIN-VariableFont_wght.ttf,https://fonts.gstatic.com/s/playwritein/v11/uk-kEGGpoLQ97mfv2J3cZzup5w50_o9T7Q.ttf,"WARN spacing/glyph-sides: 14 glyph sides are spaced far from the norms of Handwriting fonts (units per 1000 em against their median): Z left +246, J left +223, K left +211, l left -197, r left -192, s left -194, N right -226, b left -196. | WARN spacing/pairs: 32 pairs are spaced far from how Handwriting fonts usually compare with the model (units per 1000 em, + looser): gZ +263, yZ +260, mZ +289, nZ +291, NS -334, sZ +357, uZ +292, aZ +296, hZ +255, eJ +266."
Playwrite IN Guides,Handwriting,,INFO,tight,-6,72.4,81.5,58.7,-0.069,0.373,,,2026-10-08-0604-1115,PlaywriteINGuides-Regular.ttf,https://fonts.gstatic.com/s/playwriteinguides/v1/GFD2WBRug3mQSvrAT9AL4vx4d3lQNQV4Tt1qdGqgdlM.ttf,
Playwrite IS,Handwriting,,INFO,standard,-0.307,48.5,80.5,50,0.097,0.766,33,,2026-10-08-0604-1115,PlaywriteIS-VariableFont_wght.ttf,https://fonts.gstatic.com/s/playwriteis/v10/JTUQjI4o_SGg9lecLGptrD1hziTn89dtpQ.ttf,
Playwrite IS Guides,Handwriting,,INFO,tight,-6,47.6,66.4,32.3,-0.062,0.123,,,2026-10-08-0604-1115,PlaywriteISGuides-Regular.ttf,https://fonts.gstatic.com/s/playwriteisguides/v1/5aUp9-GkphaVExwxdX6SwWF-uigk3Cglrm9ptxu7HZ0.ttf,
Playwrite IT Moderna,Handwriting,,INFO,standard,0.148,23.3,22.6,17.7,0.784,0.902,80,,2026-10-08-0604-1115,PlaywriteITModerna-VariableFont_wght.ttf,https://fonts.gstatic.com/s/playwriteitmoderna/v11/mFTuWaYCwKPK5cx6W8jy2kwDnSUe9q45vR4pxoPdAYRC.ttf,
Playwrite IT Moderna Guides,Handwriting,,INFO,tight,-1.555,8.3,36.9,5.6,0.227,0.003,100,,2026-10-08-0604-1115,PlaywriteITModernaGuides-Regular.ttf,https://fonts.gstatic.com/s/playwriteitmodernaguides/v1/2sDKZHBJg5rCj6fz_QgDJhGcTtJ5AVu-1w5jRQjRv9qPpOVtBhB5gQ.ttf,
Playwrite IT Trad,Handwriting,,INFO,standard,-0.23,40.3,29.7,26.4,0.707,0.877,47,,2026-10-08-0604-1115,PlaywriteITTrad-VariableFont_wght.ttf,https://fonts.gstatic.com/s/playwriteittrad/v11/SlGKmR6Yo5oYZX5BFVcEySBSPE50BivIh2y2Iq91.ttf,
Playwrite IT Trad Guides,Handwriting,,WARN,tight,-2.992,25,39.2,14.6,-0.06,0.04,77,,2026-10-08-0604-1115,PlaywriteITTradGuides-Regular.ttf,https://fonts.gstatic.com/s/playwriteittradguides/v2/SlGDmReYo5oYZX5BFVcEySBSPE50BiuP2AHaRsRUA4V-e6yHgQ.ttf,"WARN spacing/tightness: Overall tightness: Looseness -2.99 is at the 1st percentile of Handwriting fonts (median -0.51, robust z -3.5)."
Playwrite MX,Handwriting,,WARN,tight,-0.75,85.9,107.3,80,0.111,0.6,6,,2026-10-08-0604-1115,PlaywriteMX-VariableFont_wght.ttf,https://fonts.gstatic.com/s/playwritemx/v13/6xKodSNbKtCe7KfhXg7RYSwoSMj-N4_4kQ.ttf,"WARN spacing/glyph-sides: 12 glyph sides are spaced far from the norms of Handwriting fonts (units per 1000 em against their median): Z left +226, e left -159, J left +179, l left -175, s left -173, ’ right -186, b left -174, O right -134."
Playwrite MX Guides,Handwriting,,INFO,tight,-6,60.6,45.1,53.5,-0.126,0.301,,,2026-10-08-0604-1115,PlaywriteMXGuides-Regular.ttf,https://fonts.gstatic.com/s/playwritemxguides/v1/k3kMo9ESPe9dzQ1UGbvoZhnhbtfklWqN0qywHx-HpY0.ttf,
Playwrite NG Modern,Handwriting,,INFO,standard,0.138,23.2,24.9,16.2,0.78,0.896,80,,2026-10-08-0604-1115,PlaywriteNGModern-VariableFont_wght.ttf,https://fonts.gstatic.com/s/playwritengmodern/v11/ijwJs4b2R9Qve5V5lNJb_yRhEfSep5NbDimE2tKY2yY.ttf,
Playwrite NG Modern Guides,Handwriting,,INFO,tight,-1.671,9.7,40.5,6.2,0.087,0.018,98,,2026-10-08-0604-1115,PlaywriteNGModernGuides-Regular.ttf,https://fonts.gstatic.com/s/playwritengmodernguides/v1/6qLVKYQNtxD-qVlIPUIPdWMlWxy3BmFEQgxB1xvFhDarWJtyZyGU.ttf,
Playwrite NL,Handwriting,,WARN,tight,-0.787,108.8,153.1,95.3,0.195,0.758,1,,2026-10-08-0604-1115,PlaywriteNL-VariableFont_wght.ttf,https://fonts.gstatic.com/s/playwritenl/v10/k3kXo84SPe9dzQ1UGbvoZQ3hKYiJ-Q7m8w.ttf,"WARN spacing/evenness: Shape error 108.8 units per 1000 em (gaps that depart from even spacing of these shapes): 99th percentile of Handwriting fonts (median 36.4, robust z +3.7). | WARN spacing/glyph-sides: 25 glyph sides are spaced far from the norms of Handwriting fonts (units per 1000 em against their median): J left +267, ’ right -247, N left +224, M left +228, V left +261, U left +235, e left -164, l left -186. | WARN spacing/pairs: 20 pairs are spaced far from how Handwriting fonts usually compare with the model (units per 1000 em, + looser): sJ +389, Cb -291, eJ +244, Ck -288, ’b -353, Sr -218, ’k -350, JJ +276, 'b -361, sN +311."
Playwrite NL Guides,Handwriting,,INFO,tight,-6,86.5,83.6,71.5,-0.057,0.34,,,2026-10-08-0604-1115,PlaywriteNLGuides-Regular.ttf,https://fonts.gstatic.com/s/playwritenlguides/v1/FwZH7_8mxlw-50y5PJughoCL4jbXkMqwsWKGP6kvdPA.ttf,
Playwrite NO,Handwriting,,WARN,standard,-0.569,73.2,127.9,65.5,0.41,0.773,10,,2026-10-08-0604-1115,PlaywriteNO-VariableFont_wght.ttf,https://fonts.gstatic.com/s/playwriteno/v10/nuF-D_fYSZviRJYb-P2TrQOvBjiqFTrghA.ttf,"WARN spacing/glyph-sides: 6 glyph sides are spaced far from the norms of Handwriting fonts (units per 1000 em against their median): K left +192, J left +188, s left -176, ’ right -185, N right -200, V left +206."
Playwrite NO Guides,Handwriting,,INFO,tight,-6,65.5,98.8,49.9,0.139,0.353,,,2026-10-08-0604-1115,PlaywriteNOGuides-Regular.ttf,https://fonts.gstatic.com/s/playwritenoguides/v1/DPEwYx-Cyg4cQ2aAcFshOLL79zJKccqHe2-Z2vnLeAs.ttf,
Playwrite NZ,Handwriting,,INFO,tight,-0.887,62.1,104.4,64.9,0.054,0.713,16,,2026-10-08-0604-1115,PlaywriteNZ-VariableFont_wght.ttf,https://fonts.gstatic.com/s/playwritenz/v12/d6lPkaOxRsyr_zZDmUYvh2TM1_JgjmRpOA.ttf,
Playwrite NZ Basic,Handwriting,,INFO,standard,-0.096,34,57.1,34.9,0.464,0.821,57,,2026-10-08-0604-1115,PlaywriteNZBasic-VariableFont_wght.ttf,https://fonts.gstatic.com/s/playwritenzbasic/v1/YcmrsYdNS1SdgmHbGgtRtk4ljD2L-0ttveOqmaM9pA.ttf,
Playwrite NZ Basic Guides,Handwriting,,INFO,tight,-6,29.5,57.9,17.2,0.01,0.02,,,2026-10-08-0604-1115,PlaywriteNZBasicGuides-Regular.ttf,https://fonts.gstatic.com/s/playwritenzbasicguides/v1/R70Ijzkdl_2TLaCpQB6Y1nC0FVKKJvaZ2hDyljkrmGCAdZNU-YI.ttf,
Playwrite NZ Guides,Handwriting,,INFO,tight,-6,59.2,82,44.2,-0.093,0.224,,,2026-10-08-0604-1115,PlaywriteNZGuides-Regular.ttf,https://fonts.gstatic.com/s/playwritenzguides/v2/t5t8IQQPN4uFDRepJwiX4vzIikyGzv71Wh8xq25PL5k.ttf,
Playwrite PE,Handwriting,,INFO,standard,-0.157,46.5,36.7,30.6,0.726,0.884,36,,2026-10-08-0604-1115,PlaywritePE-VariableFont_wght.ttf,https://fonts.gstatic.com/s/playwritepe/v6/FwZc7-Amxlw-50y5PJugmImLpWm6_K7bkA.ttf,
Playwrite PE Guides,Handwriting,,INFO,tight,-6,27.3,40.5,16.5,-0.045,0.04,,,2026-10-08-0604-1115,PlaywritePEGuides-Regular.ttf,https://fonts.gstatic.com/s/playwritepeguides/v1/AMONz5uBsGadFuvf9j8ZyqI0FA3br70wwyyAlqETME8.ttf,
Playwrite PL,Handwriting,,INFO,standard,-0.032,34.6,28.2,23.8,0.721,0.859,56,,2026-10-08-0604-1115,PlaywritePL-VariableFont_wght.ttf,https://fonts.gstatic.com/s/playwritepl/v10/0QInMXVf_4C2VH-yUr5uz72O85bS8ANesw.ttf,
Playwrite PL Guides,Handwriting,,INFO,tight,-2.003,17.9,41.4,9.8,0.092,0.03,91,,2026-10-08-0604-1115,PlaywritePLGuides-Regular.ttf,https://fonts.gstatic.com/s/playwriteplguides/v1/jVyW7m_lCm7G5CZyQCAu8mgkGLk-kmibWR3aRZ2Kw7A.ttf,
Playwrite PT,Handwriting,,INFO,standard,-0.066,50.2,47.3,34.6,0.759,0.864,29,,2026-10-08-0604-1115,PlaywritePT-VariableFont_wght.ttf,https://fonts.gstatic.com/s/playwritept/v10/6NUR8FidKwOcfRjj8ukv5Lgkyf9Fdty2ew.ttf,
Playwrite PT Guides,Handwriting,,INFO,tight,-6,28.8,58.7,16.6,0.038,0.062,,,2026-10-08-0604-1115,PlaywritePTGuides-Regular.ttf,https://fonts.gstatic.com/s/playwriteptguides/v2/sJoY3K5JjdGLJV3vyatrMkupgg-kWTx5F5k90TZO69o.ttf,
Playwrite RO,Handwriting,,WARN,tight,-1.517,88.2,131.9,80.1,0.253,0.817,5,,2026-10-08-0604-1115,PlaywriteRO-VariableFont_wght.ttf,https://fonts.gstatic.com/s/playwritero/v10/gokpH6fuA1J7QPJ04HFTGSWHmNZEq6TTFw.ttf,"WARN spacing/glyph-sides: 13 glyph sides are spaced far from the norms of Handwriting fonts (units per 1000 em against their median): J left +230, K left +218, e left -144, N right -191, U left +190, l left -155, r left -151, s left -154."
Playwrite RO Guides,Handwriting,,INFO,tight,-6,65.3,78.2,57.3,-0.074,0.434,,,2026-10-08-0604-1115,PlaywriteROGuides-Regular.ttf,https://fonts.gstatic.com/s/playwriteroguides/v1/wlptgx7ZCE50snmWiOExiylvL10_b5Ym_LBte6KuGEo.ttf,
Playwrite SK,Handwriting,,WARN,tight,-1.072,89.1,125.8,77.8,0.173,0.748,4,,2026-10-08-0604-1115,PlaywriteSK-VariableFont_wght.ttf,https://fonts.gstatic.com/s/playwritesk/v10/9XUilJp0klrZDw3AZHcsJTBoxJuqbi3ezg.ttf,"WARN spacing/glyph-sides: 14 glyph sides are spaced far from the norms of Handwriting fonts (units per 1000 em against their median): J left +208, e left -162, l left -183, r left -178, s left -180, b left -181, h left -176, N left +161."
Playwrite SK Guides,Handwriting,,INFO,tight,-6,70,73.3,56.1,-0.085,0.332,,,2026-10-08-0604-1115,PlaywriteSKGuides-Regular.ttf,https://fonts.gstatic.com/s/playwriteskguides/v1/P5sezYaSYdfH5z93kEFk3tyPlqxeQeo_JzruWQshcbU.ttf,
Playwrite TZ,Handwriting,,WARN,tight,-0.762,82.5,118.9,74.3,0.246,0.735,7,,2026-10-08-0604-1115,PlaywriteTZ-VariableFont_wght.ttf,https://fonts.gstatic.com/s/playwritetz/v11/RLp4K5rs6au7bzABmVQAOwnOZdM8t6g3VQ.ttf,"WARN spacing/glyph-sides: 15 glyph sides are spaced far from the norms of Handwriting fonts (units per 1000 em against their median): J left +187, K left +188, e left -151, l left -166, r left -162, s left -165, b left -165, h left -167."
Playwrite TZ Guides,Handwriting,,INFO,tight,-6,59.9,72.7,50.9,-0.11,0.365,,,2026-10-08-0604-1115,PlaywriteTZGuides-Regular.ttf,https://fonts.gstatic.com/s/playwritetzguides/v1/SLXUc0_L5XEkcjBPGvusk4lULgsM9U5_YQy93JQ2XEg.ttf,
Playwrite US Modern,Handwriting,,INFO,standard,0.132,25.9,22,19.3,0.769,0.896,74,,2026-10-08-0604-1115,PlaywriteUSModern-VariableFont_wght.ttf,https://fonts.gstatic.com/s/playwriteusmodern/v11/H4c7BWmRlMXPhla3hmMaveiYz8nSDkIFNtk6Z7xL8AQ.ttf,
Playwrite US Modern Guides,Handwriting,,INFO,tight,-1.825,10.7,36.8,7.4,0.133,0.027,97,,2026-10-08-0604-1115,PlaywriteUSModernGuides-Regular.ttf,https://fonts.gstatic.com/s/playwriteusmodernguides/v1/0QI1MWNf_4C2VH-yUr5uyqKOvtOynXAoku8j8Lv9pryxZQscrW1V.ttf,
Playwrite US Trad,Handwriting,,WARN,standard,-0.698,95.2,117.7,84,0.182,0.652,2,,2026-10-08-0604-1115,PlaywriteUSTrad-VariableFont_wght.ttf,https://fonts.gstatic.com/s/playwriteustrad/v11/fdNk9tyHsnVPjW9trmV7wQ0stdwRBZ0uKDBFUEXz.ttf,"WARN spacing/glyph-sides: 16 glyph sides are spaced far from the norms of Handwriting fonts (units per 1000 em against their median): Z left +241, p left -161, l left -212, e left -182, r left -206, s left -208, b left -210, K left +195. | WARN spacing/pairs: 26 pairs are spaced far from how Handwriting fonts usually compare with the model (units per 1000 em, + looser): gZ +260, yZ +258, mZ +286, nZ +288, Os -274, sZ +357, uZ +290, Or -270, hZ +254, aZ +293."
Playwrite US Trad Guides,Handwriting,,INFO,tight,-6,71.8,70.1,58.4,-0.101,0.278,,,2026-10-08-0604-1115,PlaywriteUSTradGuides-Regular.ttf,https://fonts.gstatic.com/s/playwriteustradguides/v1/-zk29027wssz_XLkGgu8kTL39c2bMssjmiZPNnk5nJCZAyrUdw.ttf,
Playwrite VN,Handwriting,,INFO,standard,0.027,51.8,55.1,34.5,0.718,0.883,26,,2026-10-08-0604-1115,PlaywriteVN-VariableFont_wght.ttf,https://fonts.gstatic.com/s/playwritevn/v11/mtG94_hXJqPSu8nf5RBY5i0w2A6yHk9d8w.ttf,
Playwrite VN Guides,Handwriting,,INFO,tight,-6,29.3,65.4,14.7,0.013,0.041,,,2026-10-08-0604-1115,PlaywriteVNGuides-Regular.ttf,https://fonts.gstatic.com/s/playwritevnguides/v1/JIAvUUlydXJZq1IQU8oDBn2CUkROHFEAfXMXfpmSLuI.ttf,
Playwrite ZA,Handwriting,,WARN,standard,-0.207,59.8,73.1,50.3,0.398,0.712,18,,2026-10-08-0604-1115,PlaywriteZA-VariableFont_wght.ttf,https://fonts.gstatic.com/s/playwriteza/v11/Noa16Uzhw5CTOhXKt5-vwvhxPAR9mhHobg.ttf,"WARN spacing/glyph-sides: 6 glyph sides are spaced far from the norms of Handwriting fonts (units per 1000 em against their median): e left -150, l left -165, s left -164, b left -164, h left -164, k left -164."
Playwrite ZA Guides,Handwriting,,INFO,tight,-6,42.1,51.9,29.6,-0.066,0.21,,,2026-10-08-0604-1115,PlaywriteZAGuides-Regular.ttf,https://fonts.gstatic.com/s/playwritezaguides/v1/O4ZOFHPsmxlhCg3-iycDyEwy0BT1ribk2HDoCLfQmgE.ttf,
Pliant,Sans Serif,,INFO,standard,-0.109,27.6,25.5,19.2,0.573,0.461,6,60,2026-10-08-0604-1115,"Pliant-VariableFont_wdth,wght.ttf",https://fonts.gstatic.com/s/pliant/v1/R70bjyYdl_WLNKbgNFG8kCuMVg.ttf,
Plus Jakarta Sans,Sans Serif,,WARN,standard,-0.181,19.2,19,10.7,0.791,0.891,33,70,2026-10-08-0604-1115,PlusJakartaSans-VariableFont_wght.ttf,https://fonts.gstatic.com/s/plusjakartasans/v12/LDIoaomQNQcsA88c7O9yZ4KMCoOg4Jox2S2CgOva.ttf,WARN spacing/instances: 1 location of the designspace is spaced far from the norms or from its neighbours: ExtraBold (shape error 33.2).
Pochaevsk,Display,Cyrl,INFO,standard,0.162,19.9,,12.1,,,47,,2026-10-08-0604-1115,Pochaevsk-Regular.ttf,https://fonts.gstatic.com/s/pochaevsk/v5/55xuey9_OdX_Om7ReYgloJd4-bnQKg.ttf,
Podkova,Serif,,INFO,standard,0.151,18.5,23.2,9.7,0.772,0.679,58,70,2026-10-08-0604-1115,Podkova-VariableFont_wght.ttf,https://fonts.gstatic.com/s/podkova/v33/K2FxfZ1EmftJSV9VWJ75JoKhHys.ttf,
Poetsen One,Display,,INFO,loose,0.511,13.2,17,9.8,0.638,0.647,83,80,2026-10-08-0604-1115,PoetsenOne-Regular.ttf,https://fonts.gstatic.com/s/poetsenone/v3/ke8hOgIaMUB37xCgvCntWtIvq_KREbG9.ttf,
Poiret One,Display,,INFO,tight,-0.684,31.6,39.6,18.8,0.732,0.899,11,60,2026-10-08-0604-1115,PoiretOne-Regular.ttf,https://fonts.gstatic.com/s/poiretone/v18/UqyVK80NJXN4zfRgbdfbk5lWVscxdKE.ttf,
Poller One,Display,,INFO,loose,1.12,25.1,,16.7,,,24,70,2026-10-08-0604-1115,PollerOne-Regular.ttf,https://fonts.gstatic.com/s/pollerone/v25/ahccv82n0TN3gia5E4Bud-lbgUS5u0s.ttf,
Poltawski Nowy,Serif,,INFO,standard,0.215,13.8,20.2,6.4,0.755,0.636,94,90,2026-10-08-0604-1115,PoltawskiNowy-VariableFont_wght.ttf,https://fonts.gstatic.com/s/poltawskinowy/v5/flUhRq6ww480U1xsUpFXD-iDBMNZIhI8tIHh.ttf,
Poly,Serif,,INFO,loose,0.208,15.9,,10.7,,,84,80,2026-10-08-0604-1115,Poly-Regular.ttf,https://fonts.gstatic.com/s/poly/v18/MQpb-W6wKNitRLCAq2Lpris.ttf,
Pompiere,Display,,INFO,loose,0.464,20.7,,13.1,,,42,70,2026-10-08-0604-1115,Pompiere-Regular.ttf,https://fonts.gstatic.com/s/pompiere/v21/VEMyRoxis5Dwuyeov6Wt5jDtreOL.ttf,
Ponnala,Display,Telu,SKIP,,,,,,,,,,,Ponnala-Regular.ttf,https://fonts.gstatic.com/s/ponnala/v3/w8gaH2QxQOU08bbbrQut2F4OuOo.ttf,SKIP spacing/not-latin: Skipped: the core Latin letters are not all there (52 missing: ABCDEFGHIJKL…). The check covers fonts with the basic Latin alphabet.
Ponomar,Display,Cyrl,INFO,standard,0.054,22.4,,12.5,,,33,,2026-10-08-0604-1115,Ponomar-Regular.ttf,https://fonts.gstatic.com/s/ponomar/v5/or3iQ6zp3fKD2wImbJTdArg8hzo.ttf,
Pontano Sans,Sans Serif,,INFO,tight,-0.395,19.3,15.1,9.7,0.8,0.7,33,70,2026-10-08-0604-1115,PontanoSans-VariableFont_wght.ttf,https://fonts.gstatic.com/s/pontanosans/v19/qFdD35GdgYR8EzR6oBLDHa3qwjUMg1siNQ.ttf,
Poor Story,Display,Kore,INFO,standard,0.108,28.3,,15.6,,,15,,2026-10-08-0604-1115,PoorStory-Regular.ttf,https://fonts.gstatic.com/s/poorstory/v24/jizfREFUsnUct9P6cDfd4OmnLD0Z4zM.ttf,
Poppins,Sans Serif,Deva,INFO,standard,-0.193,27.1,,15.6,,,7,,2026-10-08-0604-1115,Poppins-Regular.ttf,https://fonts.gstatic.com/s/poppins/v24/pxiEyp8kv8JHgFVrFJDUc1NECPY.ttf,
Port Lligat Sans,Sans Serif,,INFO,loose,0.44,20.3,43.6,14.2,0.831,0.8,28,70,2026-10-08-0604-1115,PortLligatSans-Regular.ttf,https://fonts.gstatic.com/s/portlligatsans/v24/kmKmZrYrGBbdN1aV7Vokow6Lw4s4l7N0Tx4xEcQ.ttf,
Port Lligat Slab,Serif,,INFO,loose,0.514,20.7,45.5,13.5,0.79,0.857,37,70,2026-10-08-0604-1115,PortLligatSlab-Regular.ttf,https://fonts.gstatic.com/s/portlligatslab/v27/LDIpaoiQNgArA8kR7ulhZ8P_NYOss7ob9yGLmfI.ttf,
Potta One,Display,Jpan,INFO,loose,1.582,30.9,45.8,16.4,0.724,0.452,11,,2026-10-08-0604-1115,PottaOne-Regular.ttf,https://fonts.gstatic.com/s/pottaone/v19/FeVSS05Bp6cy7xI-YfxQ3Z5nm29Gww.ttf,
Pragati Narrow,Sans Serif,Deva,INFO,standard,-0.009,12.6,18.9,7.5,0.858,0.892,89,,2026-10-08-0604-1115,PragatiNarrow-Regular.ttf,https://fonts.gstatic.com/s/pragatinarrow/v15/vm8vdRf0T0bS1ffgsPB7WZ-mD17_ytN3M48a.ttf,
Praise,Handwriting,,INFO,tight,-6,52.5,48.1,64.6,0.723,0.575,,,2026-10-08-0604-1115,Praise-Regular.ttf,https://fonts.gstatic.com/s/praise/v9/qkBUXvUZ-cnFXcFyDvO67L9XmQ.ttf,
Prata,Serif,,INFO,standard,-0.296,21.1,26.6,11.9,0.752,0.856,34,70,2026-10-08-0604-1115,Prata-Regular.ttf,https://fonts.gstatic.com/s/prata/v22/6xKhdSpbNNCT-vWIAG_5LWwJ.ttf,
Preahvihear,Sans Serif,Khmr,INFO,standard,-0.114,17.2,28.5,7.4,0.748,0.782,47,,2026-10-08-0604-1115,Preahvihear-Regular.ttf,https://fonts.gstatic.com/s/preahvihear/v32/6NUS8F-dNQeEYhzj7uluxswE49FJf8Wv.ttf,
Press Start 2P,Display,,SKIP,,,,,,,,,,,PressStart2P-Regular.ttf,https://fonts.gstatic.com/s/pressstart2p/v16/e3t4euO8T-267oIAQAu6jDQyK0nSgPJE4580.ttf,"SKIP spacing/monospaced: Skipped: every letter has the same advance width, so the spacing is set by the width, not by sidebearings and kerning."
Pridi,Serif,Thai,INFO,standard,-0.017,22.5,27.7,12.6,0.449,0.51,25,,2026-10-08-0604-1115,Pridi-Regular.ttf,https://fonts.gstatic.com/s/pridi/v15/2sDQZG5JnZLfkfWao2krbl29.ttf,
Princess Sofia,Handwriting,,INFO,tight,-6,86.8,,63.1,,,,,2026-10-08-0604-1115,PrincessSofia-Regular.ttf,https://fonts.gstatic.com/s/princesssofia/v27/qWczB6yguIb8DZ_GXZst16n7GRz7mDUoupoI.ttf,
Prociono,Serif,,INFO,standard,-0.087,17.4,20,10.7,0.873,0.932,68,80,2026-10-08-0604-1115,Prociono-Regular.ttf,https://fonts.gstatic.com/s/prociono/v28/r05YGLlR-KxAf9GGO8upyDYtStiJ.ttf,
Prompt,Sans Serif,Thai,INFO,tight,-0.169,22.2,18,15.7,0.785,0.525,18,,2026-10-08-0604-1115,Prompt-Regular.ttf,https://fonts.gstatic.com/s/prompt/v12/-W__XJnvUD7dzB26Z9AcZkIzeg.ttf,
Prosto One,Display,,INFO,tight,-0.42,16.7,14,9.7,0.819,0.866,63,70,2026-10-08-0604-1115,ProstoOne-Regular.ttf,https://fonts.gstatic.com/s/prostoone/v21/OpNJno4VhNfK-RgpwWWxpipfWhXD00c.ttf,
Protest Guerrilla,Display,,INFO,loose,0.361,14.5,20.5,7.4,0.679,0.482,75,80,2026-10-08-0604-1115,ProtestGuerrilla-Regular.ttf,https://fonts.gstatic.com/s/protestguerrilla/v2/Qw3HZR5PDSL6K3irtrY-VJB2YzARHV0koJ8y_eiS.ttf,
Protest Revolution,Display,,INFO,loose,0.269,28.5,29.9,18.3,0.526,0.439,15,60,2026-10-08-0604-1115,ProtestRevolution-Regular.ttf,https://fonts.gstatic.com/s/protestrevolution/v2/11hcGofZ0kXBbxQXFB7MJsjtqnVw6Z2s8PIzTG1nQw.ttf,
Protest Riot,Display,,WARN,loose,0.533,22.8,21.8,14.7,0.521,0.394,31,60,2026-10-08-0604-1115,ProtestRiot-Regular.ttf,https://fonts.gstatic.com/s/protestriot/v2/d6lPkaOxWMKm7TdezXFmpkrM1_JgjmRpOA.ttf,"WARN spacing/pairs: 34 pairs are spaced far from how Display fonts usually compare with the model (units per 1000 em, + looser): Gc -146, Ge -154, Go -131, Gr -134, Gk -138, Gg -140, Gu -135, Gb -142, Gp -144, Gl -141."
Protest Strike,Display,,INFO,loose,0.586,14.9,20.8,7.9,0.676,0.502,71,80,2026-10-08-0604-1115,ProtestStrike-Regular.ttf,https://fonts.gstatic.com/s/proteststrike/v2/0QI5MXdf4Y67Rn6vBog67ZjFlpzW0gZOs7BX.ttf,
Proza Libre,Sans Serif,,INFO,loose,0.408,16.7,18.2,8.5,0.769,0.738,54,70,2026-10-08-0604-1115,ProzaLibre-Regular.ttf,https://fonts.gstatic.com/s/prozalibre/v9/LYjGdGHgj0k1DIQRyUEyyHovftvXWYyz.ttf,
PT Mono,Monospace,,SKIP,,,,,,,,,,,PTMono-Regular.ttf,https://fonts.gstatic.com/s/ptmono/v14/9oRONYoBnWILk-9ArCg5MtPyAcg.ttf,"SKIP spacing/monospaced: Skipped: every letter has the same advance width, so the spacing is set by the width, not by sidebearings and kerning."
PT Sans,Sans Serif,,INFO,standard,0.109,20.4,30.7,11.3,0.633,0.712,27,70,2026-10-08-0604-1115,PTSans-Regular.ttf,https://fonts.gstatic.com/s/ptsans/v18/jizaRExUiTo99u79P0WOxOGMMDQ.ttf,
PT Sans Caption,Sans Serif,,INFO,standard,0.144,23.1,34.8,12.9,0.591,0.702,14,60,2026-10-08-0604-1115,PTSansCaption-Regular.ttf,https://fonts.gstatic.com/s/ptsanscaption/v20/0FlMVP6Hrxmt7-fsUFhlFXNIlpcqfQXwQy6yxg.ttf,
PT Sans Narrow,Sans Serif,,INFO,standard,0.082,17,26.5,9.2,0.581,0.678,50,70,2026-10-08-0604-1115,PTSansNarrow-Regular.ttf,https://fonts.gstatic.com/s/ptsansnarrow/v19/BngRUXNadjH0qYEzV7ab-oWlsYCByxyKeuDp.ttf,
PT Serif,Serif,,INFO,standard,0.244,20.3,29.1,11.7,0.739,0.708,42,70,2026-10-08-0604-1115,PTSerif-Regular.ttf,https://fonts.gstatic.com/s/ptserif/v19/EJRVQgYoZZY2vCFuvDFRxL6ddjb-.ttf,
PT Serif Caption,Serif,,INFO,standard,0.227,22.4,34.5,12.5,0.746,0.657,25,70,2026-10-08-0604-1115,PTSerifCaption-Regular.ttf,https://fonts.gstatic.com/s/ptserifcaption/v18/ieVl2ZhbGCW-JoW6S34pSDpqYKU059WxDCs5cvI.ttf,
Public Sans,Sans Serif,,INFO,standard,0.079,16.1,18.1,8.5,0.751,0.512,61,70,2026-10-08-0604-1115,PublicSans-VariableFont_wght.ttf,https://fonts.gstatic.com/s/publicsans/v21/ijwRs572Xtc6ZYQws9YVwkNBdp_yw_k0.ttf,
Puppies Play,Handwriting,,INFO,tight,-2.163,48.8,,33.1,,,31,,2026-10-08-0604-1115,PuppiesPlay-Regular.ttf,https://fonts.gstatic.com/s/puppiesplay/v11/wlp2gwHZEV99rG6M3NR9uB9vaAJSA_JN3Q.ttf,
Puritan,Sans Serif,,INFO,standard,0.134,22,,12,,,20,60,2026-10-08-0604-1115,Puritan-Regular.ttf,https://fonts.gstatic.com/s/puritan/v25/845YNMgkAJ2VTtIo9JrwRdaI50M.ttf,
Purple Purse,Display,,INFO,standard,-0.012,19.4,21.6,11.6,0.671,0.79,50,70,2026-10-08-0604-1115,PurplePurse-Regular.ttf,https://fonts.gstatic.com/s/purplepurse/v25/qWctB66gv53iAp-Vfs4My6qyeBb_ujA4ug.ttf,
Qahiri,Sans Serif,Arab,WARN,loose,0.403,17.9,,31.1,,,44,,2026-10-08-0604-1115,Qahiri-Regular.ttf,https://fonts.gstatic.com/s/qahiri/v13/tsssAp1RZy0C_hGuU3Chrnmupw.ttf,WARN spacing/glyph-sides: 1 sidebearing is far outside the norms of Sans Serif fonts (units per 1000 em against their median): ? right +172.
Quando,Serif,,INFO,loose,0.321,23.3,,15.5,,,20,60,2026-10-08-0604-1115,Quando-Regular.ttf,https://fonts.gstatic.com/s/quando/v18/xMQVuFNaVa6YuW0pC6WzKX_QmA.ttf,
Quantico,Sans Serif,,INFO,loose,0.505,18.7,27.8,10.9,0.738,1,38,70,2026-10-08-0604-1115,Quantico-Regular.ttf,https://fonts.gstatic.com/s/quantico/v19/rax-HiSdp9cPL3KIF4xsLjxSmlLZ.ttf,
Quattrocento,Serif,,INFO,standard,0.049,17.1,17.7,10.9,0.704,0.767,72,80,2026-10-08-0604-1115,Quattrocento-Regular.ttf,https://fonts.gstatic.com/s/quattrocento/v24/OZpEg_xvsDZQL_LKIF7q4jPHxGL7f4jFuA.ttf,
Quattrocento Sans,Sans Serif,,INFO,standard,0.089,14.2,15.5,8.8,0.676,0.513,77,80,2026-10-08-0604-1115,QuattrocentoSans-Regular.ttf,https://fonts.gstatic.com/s/quattrocentosans/v22/va9c4lja2NVIDdIAAoMR5MfuElaRB3zOvU7eHGHJ.ttf,
Questrial,Sans Serif,,INFO,tight,-0.501,12.8,16.9,7.6,0.631,0.908,87,80,2026-10-08-0604-1115,Questrial-Regular.ttf,https://fonts.gstatic.com/s/questrial/v19/QdVUSTchPBm7nuUeVf7EuStkm20oJA.ttf,
Quicksand,Sans Serif,,INFO,tight,-0.343,24.9,27.7,13.4,0.672,0.691,9,60,2026-10-08-0604-1115,Quicksand-VariableFont_wght.ttf,https://fonts.gstatic.com/s/quicksand/v37/6xKtdSZaM9iE8KbpRA_RLF4MQOPiPg.ttf,
Quintessential,Handwriting,,INFO,tight,-0.404,26.1,31.2,14.4,0.668,0.782,74,,2026-10-08-0604-1115,Quintessential-Regular.ttf,https://fonts.gstatic.com/s/quintessential/v24/fdNn9sOGq31Yjnh3qWU14DdtjY5wS7kmAyxM.ttf,
Qwigley,Handwriting,,INFO,tight,-6,44.1,41.8,37.9,0.219,0.474,,,2026-10-08-0604-1115,Qwigley-Regular.ttf,https://fonts.gstatic.com/s/qwigley/v20/1cXzaU3UGJb5tGoCuVxsi1mBmcE.ttf,
Qwitcher Grypen,Handwriting,,INFO,tight,-6,47.6,85.3,40.6,0.301,0.76,,,2026-10-08-0604-1115,QwitcherGrypen-Regular.ttf,https://fonts.gstatic.com/s/qwitchergrypen/v8/pxicypclp9tDilN9RrC5BSI1dZmrSGNAom-wpw.ttf,
Racing Sans One,Display,,INFO,standard,-0.954,22.1,33.2,24.8,0.362,0.735,36,70,2026-10-08-0604-1115,RacingSansOne-Regular.ttf,https://fonts.gstatic.com/s/racingsansone/v17/sykr-yRtm7EvTrXNxkv5jfKKyDCwL3rmWpIBtA.ttf,
Radio Canada,Sans Serif,,INFO,loose,0.393,16.8,16.9,11.6,0.756,0.907,52,70,2026-10-08-0604-1115,"RadioCanada-VariableFont_wdth,wght.ttf",https://fonts.gstatic.com/s/radiocanada/v26/XRXT3ISXn0dBMcibU6jlAqrtcRADBHJ6ZA.ttf,
Radio Canada Big,Sans Serif,,INFO,standard,-0.071,11.9,16.5,6.5,0.677,0.766,91,90,2026-10-08-0604-1115,RadioCanadaBig-VariableFont_wght.ttf,https://fonts.gstatic.com/s/radiocanadabig/v3/LYjZdHrinEImAoQewU0hyTsPFra4eJSY8z6Np1k.ttf,
Radley,Serif,,INFO,standard,0.15,17,24.6,11,0.756,0.898,73,80,2026-10-08-0604-1115,Radley-Regular.ttf,https://fonts.gstatic.com/s/radley/v24/LYjDdGzinEIjCN19oAlEpVs3VQ.ttf,
Rajdhani,Sans Serif,Deva,INFO,standard,-0.098,19.7,,11.2,,,31,,2026-10-08-0604-1115,Rajdhani-Regular.ttf,https://fonts.gstatic.com/s/rajdhani/v17/LDIxapCSOBg7S-QT7q4AOeekWPrP.ttf,
Rakkas,Display,Arab,WARN,standard,0.051,19.6,23.1,10.2,0.725,0.68,49,,2026-10-08-0604-1115,Rakkas-Regular.ttf,https://fonts.gstatic.com/s/rakkas/v22/Qw3cZQlNHiblL3j_lttPOeMcCw.ttf,"WARN spacing/pairs: 20 pairs are spaced far from how Display fonts usually compare with the model (units per 1000 em, + looser): cg -206, ch -192, cK -156, cR -156, cb -185, cL -155, cP -156, cF -156, cB -156, cl -193."
Raleway,Sans Serif,,INFO,tight,-0.491,15.5,20.5,8.1,0.704,0.75,69,80,2026-10-08-0604-1115,Raleway-VariableFont_wght.ttf,https://fonts.gstatic.com/s/raleway/v37/1Ptug8zYS_SKggPN-CoCTqluHfE.ttf,
Raleway Dots,Display,,INFO,standard,-0.085,24.4,30.5,15.9,0.819,0.722,26,70,2026-10-08-0604-1115,RalewayDots-Regular.ttf,https://fonts.gstatic.com/s/ralewaydots/v19/6NUR8FifJg6AfQvzpshgwJ8kyf9Fdty2ew.ttf,
Ramabhadra,Sans Serif,Telu,INFO,loose,0.238,17,,10.3,,,50,,2026-10-08-0604-1115,Ramabhadra-Regular.ttf,https://fonts.gstatic.com/s/ramabhadra/v17/EYq2maBOwqRW9P1SQ83LehNGX5uWw3o.ttf,
Ramaraja,Serif,Telu,INFO,standard,0.053,22.4,,15,,,25,,2026-10-08-0604-1115,Ramaraja-Regular.ttf,https://fonts.gstatic.com/s/ramaraja/v17/SlGTmQearpYAYG1CABIkqnB6aSQU.ttf,
Rambla,Sans Serif,,INFO,standard,0.184,9.7,11.6,5.9,0.711,0.602,97,90,2026-10-08-0604-1115,Rambla-Regular.ttf,https://fonts.gstatic.com/s/rambla/v14/snfrs0ip98hx6mr0I7IONthkwQ.ttf,
Rammetto One,Display,,INFO,loose,1.501,14,43.5,7.6,0.842,0.783,77,80,2026-10-08-0604-1115,RammettoOne-Regular.ttf,https://fonts.gstatic.com/s/rammettoone/v21/LhWiMV3HOfMbMetJG3lQDpp9Mvuciu-_SQ.ttf,
Rampart One,Display,Jpan,INFO,tight,-1.402,19.7,,13,,,49,,2026-10-08-0604-1115,RampartOne-Regular.ttf,https://fonts.gstatic.com/s/rampartone/v14/K2F1fZFGl_JSR1tAWNG9R6qgLS76ZHOM.ttf,
Ramsina,Serif,Syrc,INFO,loose,0.632,19.2,,12.9,,,53,,2026-10-08-0604-1115,Ramsina-Regular.ttf,https://fonts.gstatic.com/s/ramsina/v3/daaYSTE-LGmCbhP9-L41Q4mMrSg.ttf,
Ranchers,Display,,INFO,tight,-0.514,8.9,14.4,4.8,0.691,0.813,98,90,2026-10-08-0604-1115,Ranchers-Regular.ttf,https://fonts.gstatic.com/s/ranchers/v19/zrfm0H3Lx-P2Xvs2AoDYDC79XTHv.ttf,
Rancho,Handwriting,,INFO,tight,-0.577,19.4,14.4,12.1,0.67,0.778,89,,2026-10-08-0604-1115,Rancho-Regular.ttf,https://fonts.gstatic.com/s/rancho/v22/46kulbzmXjLaqZRlbWXgd0RY1g.ttf,
Ranga,Display,Deva,INFO,tight,-1.471,27.9,31.5,25.2,0.252,0.755,16,,2026-10-08-0604-1115,Ranga-Regular.ttf,https://fonts.gstatic.com/s/ranga/v22/C8ct4cYisGb28p6CLDwZwmGE.ttf,
Rasa,Serif,Gujr,INFO,loose,0.362,13,15.2,7.9,0.689,0.623,95,,2026-10-08-0604-1115,Rasa-VariableFont_wght.ttf,https://fonts.gstatic.com/s/rasa/v28/xn7vYHIn1mWmTqJelgiQV9w.ttf,
Rationale,Sans Serif,,INFO,loose,0.547,10.6,22.4,5.8,0.561,0.837,94,90,2026-10-08-0604-1115,Rationale-Regular.ttf,https://fonts.gstatic.com/s/rationale/v30/9XUnlJ92n0_JFxHIfHcsdlFMzLC2Zw.ttf,
Ravi Prakash,Display,Telu,INFO,loose,1.054,19.3,,14.5,,,51,,2026-10-08-0604-1115,RaviPrakash-Regular.ttf,https://fonts.gstatic.com/s/raviprakash/v21/gokpH6fsDkVrF9Bv9X8SOAKHmNZEq6TTFw.ttf,
Readex Pro,Sans Serif,Arab,WARN,standard,0.124,19,20.7,11.3,0.756,0.792,35,,2026-10-08-0604-1115,"ReadexPro-VariableFont_HEXP,wght.ttf",https://fonts.gstatic.com/s/readexpro/v27/SLXNc1bJ7HE5YDoGPuzj59NebXZkiSo.ttf,WARN spacing/instances: 2 locations of the designspace are spaced far from the norms or from their neighbours: HEXP 100 (max) (shape error 38.3); wght 700 · HEXP 100 (shape error 41.3).
Recursive,Sans Serif,,INFO,loose,0.564,23.3,24.3,16.3,0.578,0.413,13,60,2026-10-08-0604-1115,"Recursive-VariableFont_CASL,CRSV,MONO,slnt,wght.ttf",https://fonts.gstatic.com/s/recursive/v44/8vIK7wMr0mhh-RQChyHeFGxbO_zo-w.ttf,
Red Hat Display,Sans Serif,,INFO,tight,-0.422,16.8,19.5,9,0.802,0.742,52,70,2026-10-08-0604-1115,RedHatDisplay-VariableFont_wght.ttf,https://fonts.gstatic.com/s/redhatdisplay/v21/8vIQ7wUr0m80wwYf0QCXZzYzUoTQ-jSgZYvdCQ.ttf,
Red Hat Mono,Monospace,,SKIP,,,,,,,,,,,RedHatMono-VariableFont_wght.ttf,https://fonts.gstatic.com/s/redhatmono/v16/jVyN7nDnA2uf2zVvFAhhzEskX-ZT_gzweA.ttf,"SKIP spacing/monospaced: Skipped: every letter has the same advance width, so the spacing is set by the width, not by sidebearings and kerning."
Red Hat Text,Sans Serif,,INFO,standard,-0.031,16,19.8,8.6,0.788,0.704,62,70,2026-10-08-0604-1115,RedHatText-VariableFont_wght.ttf,https://fonts.gstatic.com/s/redhattext/v19/RrQXbohi_ic6B3yVSzGBrMxgb60sE8yZPA.ttf,
Red Rose,Display,,INFO,tight,-0.236,20,28.2,9.7,0.762,0.878,46,70,2026-10-08-0604-1115,RedRose-VariableFont_wght.ttf,https://fonts.gstatic.com/s/redrose/v25/QdVVSTYiLBjouPgEUbLkkwVoknQx.ttf,
Redacted,Display,,SKIP,,,,,,,,,,,Redacted-Regular.ttf,https://fonts.gstatic.com/s/redacted/v11/Z9XVDmdRShme2O_7aITe4u2El6GC.ttf,"SKIP spacing/monospaced: Skipped: every letter has the same advance width, so the spacing is set by the width, not by sidebearings and kerning."
Redacted Script,Display,,INFO,tight,-6,1.3,,0.9,,,,,2026-10-08-0604-1115,RedactedScript-Regular.ttf,https://fonts.gstatic.com/s/redactedscript/v12/ypvBbXGRglhokR7dcC3d1-R6zmxSsWTxkZkr_g.ttf,
Reddit Mono,Monospace,,SKIP,,,,,,,,,,,RedditMono-VariableFont_wght.ttf,https://fonts.gstatic.com/s/redditmono/v5/oPWL_kRmmu4oQ88oo13o49rMTDp_R2SX.ttf,"SKIP spacing/monospaced: Skipped: every letter has the same advance width, so the spacing is set by the width, not by sidebearings and kerning."
Reddit Sans,Sans Serif,,INFO,standard,-0.074,17.1,20.7,10.1,0.753,0.626,49,70,2026-10-08-0604-1115,RedditSans-VariableFont_wght.ttf,https://fonts.gstatic.com/s/redditsans/v6/EYq3maFOxq1T_-ETdN7EKTNscZef2mNE.ttf,
Reddit Sans Condensed,Sans Serif,,WARN,standard,0.098,14.5,17.5,8.4,0.749,0.579,75,80,2026-10-08-0604-1115,RedditSansCondensed-VariableFont_wght.ttf,https://fonts.gstatic.com/s/redditsanscondensed/v5/m8JMjepOc6WYkkm2Dey9A5QGAQXmuL3va5IFbehGW74OXw.ttf,WARN spacing/instances: 1 location of the designspace is spaced far from the norms or from its neighbours: wght 200 (min) (shape error 23.1).
Redressed,Handwriting,,INFO,standard,0.012,15,17.6,7.4,0.7,0.495,95,,2026-10-08-0604-1115,Redressed-Regular.ttf,https://fonts.gstatic.com/s/redressed/v32/x3dickHUbrmJ7wMy9MsBfPACvy_1BA.ttf,
Reem Kufi,Sans Serif,Arab,INFO,loose,0.466,21.6,24.8,13.1,0.847,0.885,21,,2026-10-08-0604-1115,ReemKufi-VariableFont_wght.ttf,https://fonts.gstatic.com/s/reemkufi/v28/2sDcZGJLip7W2J7v7wQDb2-4C7wFZQ.ttf,
Reem Kufi Fun,Sans Serif,Arab,INFO,loose,0.466,21.6,24.8,13.1,0.847,0.885,21,,2026-10-08-0604-1115,ReemKufiFun-VariableFont_wght.ttf,https://fonts.gstatic.com/s/reemkufifun/v13/uK_14rOFYukkmyUEbF43fIryfkIbWc7gPbQ.ttf,
Reem Kufi Ink,Sans Serif,Arab,INFO,loose,0.469,21.8,25.4,13.2,0.853,0.881,21,,2026-10-08-0604-1115,ReemKufiInk-Regular.ttf,https://fonts.gstatic.com/s/reemkufiink/v11/oPWJ_kJmmu8hCvB9iFumxZSnRj5dQnSX1ko.ttf,
Reenie Beanie,Handwriting,,INFO,loose,0.499,29.5,,21.7,,,65,,2026-10-08-0604-1115,ReenieBeanie-Regular.ttf,https://fonts.gstatic.com/s/reeniebeanie/v22/z7NSdR76eDkaJKZJFkkjuvWxbP2_qoOgf_w.ttf,
Reggae One,Display,Jpan,INFO,loose,0.332,21.9,40.2,13.4,0.696,1,37,,2026-10-08-0604-1115,ReggaeOne-Regular.ttf,https://fonts.gstatic.com/s/reggaeone/v20/7r3DqX5msMIkeuwJwOJt_a5L5uH-mts.ttf,
REM,Sans Serif,,INFO,standard,0.066,16.1,23.3,8.2,0.836,0.788,61,70,2026-10-08-0604-1115,REM-VariableFont_wght.ttf,https://fonts.gstatic.com/s/rem/v4/Wnz3HAIoSDydZjovaRcFow.ttf,
Rethink Sans,Sans Serif,,INFO,standard,-0.182,20.5,21.6,12.1,0.751,0.859,27,70,2026-10-08-0604-1115,RethinkSans-VariableFont_wght.ttf,https://fonts.gstatic.com/s/rethinksans/v7/AMOWz4SDuXOMCPfdoglY9JQ0U1K2w9lb4g.ttf,
Revalia,Display,,INFO,standard,0.087,36,,21.8,,,7,60,2026-10-08-0604-1115,Revalia-Regular.ttf,https://fonts.gstatic.com/s/revalia/v24/WwkexPimBE2-4ZPEeVruNIgJSNM.ttf,
Rhodium Libre,Serif,,INFO,standard,-0.03,15.9,21.3,9.4,0.764,0.779,84,80,2026-10-08-0604-1115,RhodiumLibre-Regular.ttf,https://fonts.gstatic.com/s/rhodiumlibre/v21/1q2AY5adA0tn_ukeHcQHqpx6pETLeo2gm2U.ttf,
Ribeye,Display,,INFO,standard,-0.141,18.2,26.4,10.8,0.636,0.82,55,70,2026-10-08-0604-1115,Ribeye-Regular.ttf,https://fonts.gstatic.com/s/ribeye/v27/L0x8DFMxk1MP9R3RvPCmRSlUig.ttf,
Ribeye Marrow,Display,,INFO,tight,-0.457,18.1,25.4,10.5,0.637,0.811,56,70,2026-10-08-0604-1115,RibeyeMarrow-Regular.ttf,https://fonts.gstatic.com/s/ribeyemarrow/v26/GFDsWApshnqMRO2JdtRZ2d0vEAwTVWgKdtw.ttf,
Righteous,Display,,INFO,standard,0.011,12.3,19.5,6.2,0.642,0.618,88,80,2026-10-08-0604-1115,Righteous-Regular.ttf,https://fonts.gstatic.com/s/righteous/v18/1cXxaUPXBpj2rGoU7C9mj3uEicG01A.ttf,
Risque,Display,,INFO,tight,-0.793,22.4,22.2,14.7,0.694,0.856,33,70,2026-10-08-0604-1115,Risque-Regular.ttf,https://fonts.gstatic.com/s/risque/v24/VdGfAZUfHosahXxoCUYVBJ-T5g.ttf,
Road Rage,Display,,INFO,standard,-0.306,16.8,19,11.8,0.867,0.577,62,70,2026-10-08-0604-1115,RoadRage-Regular.ttf,https://fonts.gstatic.com/s/roadrage/v9/6NUU8F2fKAOBKjjr4ekvtMYAwdRZfw.ttf,
Roboto,Sans Serif,,INFO,standard,0.08,15,18.8,7.8,0.691,0.863,71,80,2026-10-08-0604-1115,"Roboto-VariableFont_wdth,wght.ttf",https://fonts.gstatic.com/s/roboto/v51/KFOmCnqEu92Fr1Me5WZLCzYlKw.ttf,
Roboto Condensed,Sans Serif,,INFO,loose,0.379,13.4,17.4,7.1,0.714,0.825,83,80,2026-10-08-0604-1115,RobotoCondensed-VariableFont_wght.ttf,https://fonts.gstatic.com/s/robotocondensed/v31/ieVl2ZhZI2eCN5jzbjEETS9weq8-59WxDCs5cvI.ttf,
Roboto Flex,Sans Serif,,WARN,standard,-0.033,14.2,17.6,9.6,0.81,0.721,77,80,2026-10-08-0604-1115,"RobotoFlex-VariableFont_GRAD,XOPQ,XTRA,YOPQ,YTAS,YTDE,YTFI,YTLC,YTUC,opsz,slnt,wdth,wght.ttf",https://fonts.gstatic.com/s/robotoflex/v30/NaPccZLOBv5T3oB7Cb4i0wu9TsDOCZRS.ttf,WARN spacing/instances: 2 locations of the designspace are spaced far from the norms or from their neighbours: XTRA 323 (min) (shape error 21.0); opsz 8 · wght 1000 · wdth 151 (shape error 31.5).
Roboto Mono,Monospace,,SKIP,,,,,,,,,,,RobotoMono-VariableFont_wght.ttf,https://fonts.gstatic.com/s/robotomono/v31/L0x5DF4xlVMF-BfR8bXMIghMoX6-XqKC.ttf,"SKIP spacing/monospaced: Skipped: every letter has the same advance width, so the spacing is set by the width, not by sidebearings and kerning."
Roboto Serif,Serif,,INFO,standard,0.143,15.9,17.2,10.1,0.807,0.611,84,80,2026-10-08-0604-1115,"RobotoSerif-VariableFont_GRAD,opsz,wdth,wght.ttf",https://fonts.gstatic.com/s/robotoserif/v17/R70djywflP6FLr3gZx7K8Uy0Vxn9R5ShnA.ttf,
Roboto Slab,Serif,,INFO,loose,0.249,15.8,18.8,8.5,0.719,0.738,86,80,2026-10-08-0604-1115,RobotoSlab-VariableFont_wght.ttf,https://fonts.gstatic.com/s/robotoslab/v36/BngMUXZYTXPIvIBgJJSb6tfK7KSJ4ACD.ttf,
Rochester,Handwriting,,INFO,tight,-2.053,51.5,,29.5,,,27,,2026-10-08-0604-1115,Rochester-Regular.ttf,https://fonts.gstatic.com/s/rochester/v24/6ae-4KCqVa4Zy6Fif-Uy31vWNTMwoQ.ttf,
Rock 3D,Display,Hira,WARN,standard,0.224,36.9,,41.5,,,7,,2026-10-08-0604-1115,Rock3D-Regular.ttf,https://fonts.gstatic.com/s/rock3d/v13/yYLp0hrL0PCo651513SnwRnQyNI.ttf,"WARN spacing/glyph-sides: 10 glyph sides are spaced far from the norms of Display fonts (units per 1000 em against their median): b right +61, O right +71, P right +88, M left -83, N left -84, : right +93, L left -80, C left -62."
Rock Salt,Handwriting,,INFO,tight,-6,106.6,96,73.7,-0.065,0.842,,,2026-10-08-0604-1115,RockSalt-Regular.ttf,https://fonts.gstatic.com/s/rocksalt/v24/MwQ0bhv11fWD6QsAVOZbsEk7hbBWrA.ttf,
RocknRoll One,Sans Serif,Jpan,INFO,loose,0.225,24.4,29.3,15.4,0.555,0.987,11,,2026-10-08-0604-1115,RocknRollOne-Regular.ttf,https://fonts.gstatic.com/s/rocknrollone/v17/kmK7ZqspGAfCeUiW6FFlmEC9guVhs7tfUxc.ttf,
Rokkitt,Serif,,INFO,standard,-0.009,17,19.4,10.5,0.656,0.658,73,80,2026-10-08-0604-1115,Rokkitt-VariableFont_wght.ttf,https://fonts.gstatic.com/s/rokkitt/v39/qFdE35qfgYFjGy5hoEGId9bL2h4.ttf,
Romanesco,Handwriting,,INFO,tight,-6,42.3,34.7,40.5,0.204,0.818,,,2026-10-08-0604-1115,Romanesco-Regular.ttf,https://fonts.gstatic.com/s/romanesco/v22/w8gYH2ozQOY7_r_J7mSn3HwLqOqSBg.ttf,
Ropa Sans,Sans Serif,,INFO,loose,0.296,14,16.8,9.3,0.826,0.574,79,80,2026-10-08-0604-1115,RopaSans-Regular.ttf,https://fonts.gstatic.com/s/ropasans/v16/EYqxmaNOzLlWtsZSScyKWjloU5KP2g.ttf,
Rosario,Sans Serif,,INFO,standard,0.084,23.1,28.4,12.4,0.798,0.679,14,60,2026-10-08-0604-1115,Rosario-VariableFont_wght.ttf,https://fonts.gstatic.com/s/rosario/v35/xfux0WDhWW_fOEoY6FT3zA7DpL4.ttf,
Rosarivo,Serif,,INFO,standard,0.173,21.8,31.5,13.7,0.743,0.885,31,70,2026-10-08-0604-1115,Rosarivo-Regular.ttf,https://fonts.gstatic.com/s/rosarivo/v24/PlI-Fl2lO6N9f8HaNAeC2nhMnNy5.ttf,
Rouge Script,Handwriting,,INFO,tight,-1.057,50.3,7.2,47.5,,0,29,,2026-10-08-0604-1115,RougeScript-Regular.ttf,https://fonts.gstatic.com/s/rougescript/v20/LYjFdGbiklMoCIQOw1Ep3S4PVPXbUJWq9g.ttf,
Rowdies,Display,,INFO,loose,0.669,20.8,38.5,11.1,0.738,0.66,41,70,2026-10-08-0604-1115,Rowdies-Regular.ttf,https://fonts.gstatic.com/s/rowdies/v19/ptRJTieMYPNBAK21zrdJwObZNQo.ttf,
Rozha One,Serif,Deva,INFO,standard,0.077,16.9,,9.4,,,75,,2026-10-08-0604-1115,RozhaOne-Regular.ttf,https://fonts.gstatic.com/s/rozhaone/v17/AlZy_zVFtYP12Zncg2khdXf4XB0Tow.ttf,
Rubik,Sans Serif,,WARN,standard,0.117,9.7,15.2,5.2,0.76,0.762,97,90,2026-10-08-0604-1115,Rubik-VariableFont_wght.ttf,https://fonts.gstatic.com/s/rubik/v31/iJWKBXyIfDnIV4nGp32S0H3f.ttf,WARN spacing/instances: 1 location of the designspace is spaced far from the norms or from its neighbours: Light (shape error 15.1).
Rubik 80s Fade,Display,,INFO,loose,0.559,13.8,24.6,9.1,0.688,0.609,79,80,2026-10-08-0604-1115,Rubik80sFade-Regular.ttf,https://fonts.gstatic.com/s/rubik80sfade/v2/U9MF6dW37nLSmnwZXyoV-uPXUhHwkbL8IHcK.ttf,
Rubik Beastly,Display,,INFO,tight,-6,23.7,30.1,14.5,0.475,0.802,,,2026-10-08-0604-1115,RubikBeastly-Regular.ttf,https://fonts.gstatic.com/s/rubikbeastly/v11/0QImMXRd5oOmSC2ZQ7o9653X07z8_ApHqqk.ttf,
Rubik Broken Fax,Display,,INFO,tight,-0.723,25.5,26.1,16.5,0.66,0.641,22,60,2026-10-08-0604-1115,RubikBrokenFax-Regular.ttf,https://fonts.gstatic.com/s/rubikbrokenfax/v1/NGSvv4rXG042O-GzH9sg1cUgl8w8YW-WdmGi300.ttf,
Rubik Bubbles,Display,,INFO,loose,0.55,13.3,23.5,7.4,0.64,0.658,82,80,2026-10-08-0604-1115,RubikBubbles-Regular.ttf,https://fonts.gstatic.com/s/rubikbubbles/v3/JIA1UVdwbHFJtwA7Us1BPFbRNTENfDxyRXI.ttf,
Rubik Burned,Display,,WARN,tight,-1.902,16.1,18.7,12.3,0.633,0.564,66,70,2026-10-08-0604-1115,RubikBurned-Regular.ttf,https://fonts.gstatic.com/s/rubikburned/v1/Jqzk5TmOVOqQHihKqPpscqniHQuaCY5ZSg.ttf,"WARN spacing/tightness: Overall tightness: Looseness -1.90 is at the 2nd percentile of Display fonts (median +0.04, robust z -3.6)."
Rubik Dirt,Display,,INFO,standard,-0.051,11.3,21.6,5.6,0.581,0.664,90,90,2026-10-08-0604-1115,RubikDirt-Regular.ttf,https://fonts.gstatic.com/s/rubikdirt/v2/DtVmJxC7WLEj1uIXEWAdulwm6gDXvwE.ttf,
Rubik Distressed,Display,,INFO,standard,0.024,12.8,21.9,8.6,0.684,0.663,85,80,2026-10-08-0604-1115,RubikDistressed-Regular.ttf,https://fonts.gstatic.com/s/rubikdistressed/v1/GFDxWBdsmnqAVqjtUsZf2dcrQ2ldcWAhatVBaGM.ttf,
Rubik Doodle Shadow,Display,,INFO,tight,-6,16.9,20.7,23.8,0.674,0.795,,,2026-10-08-0604-1115,RubikDoodleShadow-Regular.ttf,https://fonts.gstatic.com/s/rubikdoodleshadow/v1/rP2bp3im_k8G_wTVdvvMdHqmXTR3lEaLyKuZ3KOY7Gw.ttf,
Rubik Doodle Triangles,Display,,INFO,tight,-1.636,11.2,17,6.6,0.702,0.696,91,90,2026-10-08-0604-1115,RubikDoodleTriangles-Regular.ttf,https://fonts.gstatic.com/s/rubikdoodletriangles/v1/esDA301BLOmMKxKspb3g-domRuLPeaSn2bTzdLi_slZxgWE.ttf,
Rubik Gemstones,Display,,INFO,standard,0.024,15.1,20.6,8.2,0.544,0.655,70,80,2026-10-08-0604-1115,RubikGemstones-Regular.ttf,https://fonts.gstatic.com/s/rubikgemstones/v1/zrf90HrL0-_8Xb4DFM2rUkWbOVrOiCnGqi1GMw.ttf,
Rubik Glitch,Display,,INFO,tight,-6,41.1,41.1,33.4,0.43,0.814,,,2026-10-08-0604-1115,RubikGlitch-Regular.ttf,https://fonts.gstatic.com/s/rubikglitch/v2/qkBSXv8b_srFRYQVYrDKh9ZvmC7HONiSFQ.ttf,
Rubik Glitch Pop,Display,,INFO,tight,-1.083,14.2,16,9.7,0.649,0.574,76,80,2026-10-08-0604-1115,RubikGlitchPop-Regular.ttf,https://fonts.gstatic.com/s/rubikglitchpop/v1/tDbX2pGHhFcM0gB3hN2elZLa3G-MOwStSUrV_BE.ttf,
Rubik Iso,Display,,WARN,tight,-2.003,20,26.2,12.9,0.569,0.527,46,70,2026-10-08-0604-1115,RubikIso-Regular.ttf,https://fonts.gstatic.com/s/rubikiso/v2/x3dickHUfr-S4VAI4sABfPACvy_1BA.ttf,"WARN spacing/tightness: Overall tightness: Looseness -2.00 is at the 1st percentile of Display fonts (median +0.04, robust z -3.8)."
Rubik Lines,Display,,INFO,tight,-0.321,11.4,20.9,6.4,0.683,0.572,90,90,2026-10-08-0604-1115,RubikLines-Regular.ttf,https://fonts.gstatic.com/s/rubiklines/v1/_gP81R3vsjYzVW2Y6xFF-GSxYPp7oSNy.ttf,
Rubik Maps,Display,,INFO,standard,-0.088,9.6,17,5.3,0.671,0.603,96,90,2026-10-08-0604-1115,RubikMaps-Regular.ttf,https://fonts.gstatic.com/s/rubikmaps/v1/Gw6_wcjl80TZK9XxtbbejSYUChRqp9k.ttf,
Rubik Marker Hatch,Display,,INFO,loose,0.573,12.9,19.9,7.6,0.633,0.63,84,80,2026-10-08-0604-1115,RubikMarkerHatch-Regular.ttf,https://fonts.gstatic.com/s/rubikmarkerhatch/v1/QldTNSFQsh0B_bFXXWv6LAt-jswapJHQDL4iw0H6zw.ttf,
Rubik Maze,Display,,INFO,tight,-0.877,15.1,20.7,15.2,0.679,0.63,70,80,2026-10-08-0604-1115,RubikMaze-Regular.ttf,https://fonts.gstatic.com/s/rubikmaze/v2/xMQRuF9ZVa2ftiJEavXSAX7inS-bxV4.ttf,
Rubik Microbe,Display,,INFO,tight,-0.377,13.2,19,8.5,0.684,0.649,83,80,2026-10-08-0604-1115,RubikMicrobe-Regular.ttf,https://fonts.gstatic.com/s/rubikmicrobe/v2/UqyWK8oPP3hjw6ANS9rM3PsZcs8aaKgiauE.ttf,
Rubik Mono One,Sans Serif,,SKIP,,,,,,,,,,,RubikMonoOne-Regular.ttf,https://fonts.gstatic.com/s/rubikmonoone/v20/UqyJK8kPP3hjw6ANTdfRk9YSN-8wRqQrc_j9.ttf,"SKIP spacing/monospaced: Skipped: every letter has the same advance width, so the spacing is set by the width, not by sidebearings and kerning."
Rubik Moonrocks,Display,,INFO,standard,0.161,10.5,20.5,5.1,0.708,0.67,93,90,2026-10-08-0604-1115,RubikMoonrocks-Regular.ttf,https://fonts.gstatic.com/s/rubikmoonrocks/v7/845ANMAmAI2VUZMLu_W0M7HqlDHnXcD7JGy1Sw.ttf,
Rubik Pixels,Display,,INFO,loose,0.693,15.4,23.5,10.9,0.666,0.613,69,80,2026-10-08-0604-1115,RubikPixels-Regular.ttf,https://fonts.gstatic.com/s/rubikpixels/v3/SlGXmQOaupkIeSx4CEpB7AdSaBYRagrQrA.ttf,
Rubik Puddles,Display,,INFO,tight,-6,39.9,39.8,23.8,0.338,0.605,,,2026-10-08-0604-1115,RubikPuddles-Regular.ttf,https://fonts.gstatic.com/s/rubikpuddles/v2/1Ptog8bYX_qGnkLkrU5MJsQcJfC0wVMT-aE.ttf,
Rubik Scribble,Display,,WARN,tight,-2.28,12.5,17.6,8.2,0.689,0.657,87,80,2026-10-08-0604-1115,RubikScribble-Regular.ttf,https://fonts.gstatic.com/s/rubikscribble/v1/snfzs0Cp48d67SuHQOpjXLsQpbqbSjORSo9W.ttf,"WARN spacing/tightness: Overall tightness: Looseness -2.28 is at the 1st percentile of Display fonts (median +0.04, robust z -4.3)."
Rubik Spray Paint,Display,,INFO,standard,-0.135,16.8,21,11.4,0.631,0.683,62,70,2026-10-08-0604-1115,RubikSprayPaint-Regular.ttf,https://fonts.gstatic.com/s/rubikspraypaint/v1/WnzhHBAoeBPUDTB4EWR82y6EXWPH-Ro-QoaBZQxP.ttf,
Rubik Storm,Display,,INFO,standard,-0.038,13.5,20.7,7.8,0.634,0.598,81,80,2026-10-08-0604-1115,RubikStorm-Regular.ttf,https://fonts.gstatic.com/s/rubikstorm/v1/eLGYP-_uPgO5Ag7ju9JaouL9T2Xh9NQk.ttf,
Rubik Vinyl,Display,,INFO,tight,-6,31.1,32.4,20.7,0.649,0.717,,,2026-10-08-0604-1115,RubikVinyl-Regular.ttf,https://fonts.gstatic.com/s/rubikvinyl/v1/iJWABXKIfDnIV4mQ5BfjvUXexox2ztOU.ttf,
Rubik Wet Paint,Display,,INFO,loose,0.867,15.1,24,8.6,0.684,0.603,70,80,2026-10-08-0604-1115,RubikWetPaint-Regular.ttf,https://fonts.gstatic.com/s/rubikwetpaint/v2/HTx0L20uMDGHgdULcpTF3Oe4d_-F-zz313DuvQ.ttf,
Ruda,Sans Serif,,INFO,loose,0.232,19.7,26.4,13.8,0.59,0.559,31,70,2026-10-08-0604-1115,Ruda-VariableFont_wght.ttf,https://fonts.gstatic.com/s/ruda/v30/k3kfo8YQJOpFmn8XadbJM0A.ttf,
Rufina,Serif,,INFO,standard,-0.008,16.3,18.6,9.5,0.694,0.856,80,80,2026-10-08-0604-1115,Rufina-Regular.ttf,https://fonts.gstatic.com/s/rufina/v17/Yq6V-LyURyLy-aKyoxRktOdClg.ttf,
Ruge Boogie,Handwriting,,INFO,tight,-0.654,35.8,73.4,22.8,0.824,0.643,53,,2026-10-08-0604-1115,RugeBoogie-Regular.ttf,https://fonts.gstatic.com/s/rugeboogie/v30/JIA3UVFwbHRF_GIWSMhKNROiPzUveSxy.ttf,
Ruluko,Sans Serif,,INFO,loose,0.267,19,,13.2,,,35,70,2026-10-08-0604-1115,Ruluko-Regular.ttf,https://fonts.gstatic.com/s/ruluko/v22/xMQVuFNZVaODtm0pC6WzKX_QmA.ttf,
Rum Raisin,Sans Serif,,INFO,standard,-0.161,7.7,16.1,3.6,0.785,0.8,100,100,2026-10-08-0604-1115,RumRaisin-Regular.ttf,https://fonts.gstatic.com/s/rumraisin/v24/nwpRtKu3Ih8D5avB4h2uJ3-IywA7eMM.ttf,
Ruslan Display,Display,,INFO,loose,0.794,22.4,64.7,15,0.84,0.982,33,70,2026-10-08-0604-1115,RuslanDisplay-Regular.ttf,https://fonts.gstatic.com/s/ruslandisplay/v27/Gw6jwczl81XcIZuckK_e3UpfdzxrldyFvm1n.ttf,
Russo One,Sans Serif,,INFO,standard,-0.137,14.4,22.1,9.1,0.813,0.925,76,80,2026-10-08-0604-1115,RussoOne-Regular.ttf,https://fonts.gstatic.com/s/russoone/v18/Z9XUDmZRWg6M1LvRYsH-yMOInrib9Q.ttf,
Ruthie,Handwriting,,INFO,tight,-6,82.4,99,63.4,0.543,0.576,,,2026-10-08-0604-1115,Ruthie-Regular.ttf,https://fonts.gstatic.com/s/ruthie/v28/gokvH63sGkdqXuU9lD53Q2u_mQ.ttf,
Ruwudu,Serif,Arab,INFO,loose,0.395,22.3,,12.1,,,27,,2026-10-08-0604-1115,Ruwudu-Regular.ttf,https://fonts.gstatic.com/s/ruwudu/v4/syky-y1tj6UzRKfNlQCT9tPdpw.ttf,
Rye,Display,,INFO,standard,-0.113,24.9,,16.7,,,25,70,2026-10-08-0604-1115,Rye-Regular.ttf,https://fonts.gstatic.com/s/rye/v17/r05XGLJT86YDFpTsXOqx4w.ttf,
Sacramento,Handwriting,,INFO,tight,-1.353,55.7,52.5,35.4,0.554,0.73,23,,2026-10-08-0604-1115,Sacramento-Regular.ttf,https://fonts.gstatic.com/s/sacramento/v17/buEzpo6gcdjy0EiZMBUG0CoV_NxLeiw.ttf,
Sahitya,Serif,Deva,INFO,loose,0.344,23,31.4,15.1,0.74,0.711,23,,2026-10-08-0604-1115,Sahitya-Regular.ttf,https://fonts.gstatic.com/s/sahitya/v22/6qLAKZkOuhnuqlJAaScFPywEDnI.ttf,
Sail,Display,,WARN,tight,-0.682,25.1,38.5,47.7,0.506,0.679,24,60,2026-10-08-0604-1115,Sail-Regular.ttf,https://fonts.gstatic.com/s/sail/v17/DPEjYwiBxwYJFBTDADYAbvw.ttf,WARN spacing/glyph-sides: 1 sidebearing is far outside the norms of Display fonts (units per 1000 em against their median): R right -171.
Saira,Sans Serif,,INFO,standard,0.006,16.4,19.2,9.7,0.813,0.782,57,70,2026-10-08-0604-1115,"Saira-VariableFont_wdth,wght.ttf",https://fonts.gstatic.com/s/saira/v23/memwYa2wxmKQyOkgR5IdU6Uf.ttf,
Saira Condensed,Sans Serif,,INFO,standard,0.032,10.4,17.8,5.8,0.715,0.773,94,90,2026-10-08-0604-1115,SairaCondensed-Regular.ttf,https://fonts.gstatic.com/s/sairacondensed/v12/EJROQgErUN8XuHNEtX81i9TmEkrfpeFE-IyCrw.ttf,
Saira Extra Condensed,Sans Serif,,INFO,standard,0.014,8.8,18.4,5,0.684,0.764,98,90,2026-10-08-0604-1115,SairaExtraCondensed-Regular.ttf,https://fonts.gstatic.com/s/sairaextracondensed/v15/-nFiOHYr-vcC7h8MklGBkrvmUG9rbpkisrTT70L11Ct8sw.ttf,
Saira Semi Condensed,Sans Serif,,INFO,standard,0.02,13.5,16.8,7.8,0.692,0.785,82,80,2026-10-08-0604-1115,SairaSemiCondensed-Regular.ttf,https://fonts.gstatic.com/s/sairasemicondensed/v15/U9MD6c-2-nnJkHxyCjRcnMHcWVWV1cWRRU8LYuceqGT-.ttf,
Saira Stencil,Display,,WARN,standard,-0.057,16,19.4,9.2,0.809,0.797,67,80,2026-10-08-0604-1115,"SairaStencil-VariableFont_wdth,wght.ttf",https://fonts.gstatic.com/s/sairastencil/v2/8AtvGsqgM5eNT0-b9cD0X9C_qR_yAzotGZY.ttf,WARN spacing/instances: 1 location of the designspace is spaced far from the norms or from its neighbours: Black (spacing jumps against its neighbours).
Salsa,Display,,INFO,standard,0.011,18,42.8,9.6,0.815,0.959,57,70,2026-10-08-0604-1115,Salsa-Regular.ttf,https://fonts.gstatic.com/s/salsa/v23/gNMKW3FiRpKj-imY8ncKEZez.ttf,
Sanchez,Serif,,INFO,standard,0.084,25.4,19.1,15.9,0.622,0.447,12,60,2026-10-08-0604-1115,Sanchez-Regular.ttf,https://fonts.gstatic.com/s/sanchez/v17/Ycm2sZJORluHnXbITm5b_BwE1l0.ttf,
Sancreek,Display,,INFO,standard,0.063,16.4,,12,,,65,70,2026-10-08-0604-1115,Sancreek-Regular.ttf,https://fonts.gstatic.com/s/sancreek/v27/pxiHypAnsdxUm159X7D-XV9NEe-K.ttf,
Sankofa Display,Sans Serif,,INFO,tight,-0.757,22.4,20.9,13.7,0.618,0.688,17,60,2026-10-08-0604-1115,SankofaDisplay-Regular.ttf,https://fonts.gstatic.com/s/sankofadisplay/v2/Ktk1ALSRd4LucUDghJ2rTqXOoh33F6mZVY9Y5w.ttf,
Sansation,Sans Serif,,INFO,standard,-0.222,19.4,,10.6,,,32,70,2026-10-08-0604-1115,Sansation-Regular.ttf,https://fonts.gstatic.com/s/sansation/v1/LYjAdGPjnEg8DNA0z01grXArXN7HWQ.ttf,
Sansita,Sans Serif,,INFO,standard,0.034,16.6,47.2,10.1,0.577,0.893,55,70,2026-10-08-0604-1115,Sansita-Regular.ttf,https://fonts.gstatic.com/s/sansita/v12/QldONTRRphEb_-V7HBm7TXFf3qw.ttf,
Sansita Swashed,Display,,INFO,standard,-0.271,27.9,28.4,28.5,0.394,0.535,16,60,2026-10-08-0604-1115,SansitaSwashed-VariableFont_wght.ttf,https://fonts.gstatic.com/s/sansitaswashed/v23/BXRzvFfZifTZgFlDDLgNkBydPKT31beyoRkJIA.ttf,
Sarabun,Sans Serif,Thai,INFO,standard,-0.01,18,23.4,10.2,0.743,0.924,42,,2026-10-08-0604-1115,Sarabun-Regular.ttf,https://fonts.gstatic.com/s/sarabun/v17/DtVjJx26TKEr37c9WBJDnlQN9gk.ttf,
Sarala,Sans Serif,Deva,INFO,standard,-0.018,13.6,24.1,8.4,0.584,0.851,82,,2026-10-08-0604-1115,Sarala-Regular.ttf,https://fonts.gstatic.com/s/sarala/v16/uK_y4riEZv4o1w9RCh0TMv6EXw.ttf,
Sarina,Display,,FAIL,tight,-1.237,109,,74.5,,,0,20,2026-10-08-0604-1115,Sarina-Regular.ttf,https://fonts.gstatic.com/s/sarina/v25/-F6wfjF3ITQwasLhLkDUriBQxw.ttf,"FAIL spacing/evenness: Shape error 109.0 units per 1000 em (gaps that depart from even spacing of these shapes): 100th percentile of Display fonts (median 19.4, robust z +12.1). | FAIL spacing/glyph-sides: 6 sidebearings are far outside the norms of Display fonts (units per 1000 em against their median): p left -194, f left -172, "" left +249, , right +214, ' left +230, . right +187. | WARN spacing/pairs: 1063 pairs are spaced far from how Display fonts usually compare with the model (units per 1000 em, + looser): ep -273, er -222, df -257, ef -274, uf -260, ia -224, so -195, up -262, cp -269, sp -239."
Sarpanch,Sans Serif,Deva,INFO,standard,-0.116,20.2,,11.7,,,28,,2026-10-08-0604-1115,Sarpanch-Regular.ttf,https://fonts.gstatic.com/s/sarpanch/v15/hESy6Xt4NCpRuk6Pzh2ARIrX_20n.ttf,
Sassy Frass,Handwriting,,INFO,tight,-6,49.9,31,40.2,0.558,0.664,,,2026-10-08-0604-1115,SassyFrass-Regular.ttf,https://fonts.gstatic.com/s/sassyfrass/v9/LhWhMVrGOe0FLb97BjhsE99dGNWQg_am.ttf,
Satisfy,Handwriting,,INFO,tight,-6,54.1,50.5,40.4,0.334,0.734,,,2026-10-08-0604-1115,Satisfy-Regular.ttf,https://fonts.gstatic.com/s/satisfy/v22/rP2Hp2yn6lkG50LoOZSCHBeHFl0.ttf,
Savate,Sans Serif,,INFO,tight,-0.362,17.1,23.7,10,0.812,0.68,49,70,2026-10-08-0604-1115,Savate-VariableFont_wght.ttf,https://fonts.gstatic.com/s/savate/v5/QdVXSTgjKAqpnvJXNLjgsQB4kg.ttf,
Sawarabi Gothic,Sans Serif,Jpan,WARN,standard,0.264,44.8,,24.6,,,1,,2026-10-08-0604-1115,SawarabiGothic-Regular.ttf,https://fonts.gstatic.com/s/sawarabigothic/v17/x3d4ckfVaqqa-BEj-I9mE65u3k3NBSk3E2YljQ.ttf,"WARN spacing/evenness: Shape error 44.8 units per 1000 em (gaps that depart from even spacing of these shapes): 99th percentile of Sans Serif fonts (median 17.0, robust z +6.3)."
Sawarabi Mincho,Serif,Jpan,WARN,loose,0.511,43.8,,23.9,,,1,,2026-10-08-0604-1115,SawarabiMincho-Regular.ttf,https://fonts.gstatic.com/s/sawarabimincho/v20/8QIRdiDaitzr7brc8ahpxt6GcIJTLahP46UDUw.ttf,"WARN spacing/evenness: Shape error 43.8 units per 1000 em (gaps that depart from even spacing of these shapes): 99th percentile of Serif fonts (median 19.5, robust z +5.9)."
Scada,Sans Serif,,INFO,loose,0.285,15.5,16.6,11.3,0.809,0.973,69,80,2026-10-08-0604-1115,Scada-Regular.ttf,https://fonts.gstatic.com/s/scada/v16/RLpxK5Pv5qumeWJoxzUobkvv.ttf,
Scheherazade New,Serif,Arab,WARN,standard,0.245,29.6,,16.2,,,5,,2026-10-08-0604-1115,ScheherazadeNew-Regular.ttf,https://fonts.gstatic.com/s/scheherazadenew/v21/4UaZrFhTvxVnHDvUkUiHg8jprP4DCwNsOl4p5Is.ttf,"WARN spacing/glyph-sides: 3 glyph sides are spaced far from the norms of Serif fonts (units per 1000 em against their median): : right +121, : left +95, . right +77."
Schibsted Grotesk,Sans Serif,,INFO,standard,-0.135,12.7,13.6,9.1,0.823,0.418,88,80,2026-10-08-0604-1115,SchibstedGrotesk-VariableFont_wght.ttf,https://fonts.gstatic.com/s/schibstedgrotesk/v7/Jqz55SSPQuCQF3t8uOwiUL-taUTtaq9BYSsBdjFP.ttf,
Schoolbell,Handwriting,,INFO,tight,-0.474,23.2,20.5,15.7,0.462,0.641,80,,2026-10-08-0604-1115,Schoolbell-Regular.ttf,https://fonts.gstatic.com/s/schoolbell/v18/92zQtBZWOrcgoe-fgnJIVxIQ6mRqfiQ.ttf,
Science Gothic,Sans Serif,,WARN,loose,0.419,17.9,19.5,13,0.756,0.289,44,70,2026-10-08-0604-1115,"ScienceGothic-VariableFont_CTRS,slnt,wdth,wght.ttf",https://fonts.gstatic.com/s/sciencegothic/v5/CHy6V-7EH1X7aiQh5jPNDTJnVVokpGVYYYVm.ttf,WARN spacing/instances: 2 locations of the designspace are spaced far from the norms or from their neighbours: Black (spacing jumps against its neighbours); CTRS 0 · slnt 0 · wdth 200 · wght 900 (shape error 35.8).
Scope One,Serif,,INFO,standard,-0.068,16.5,19.6,9.7,0.84,0.777,79,80,2026-10-08-0604-1115,ScopeOne-Regular.ttf,https://fonts.gstatic.com/s/scopeone/v15/WBLnrEXKYFlGHrOKmGD1W0_MJMGxiQ.ttf,
Scoutie Sans,Sans Serif,,INFO,standard,0.033,20.4,20.8,10,0.82,0.444,27,70,2026-10-08-0604-1115,ScoutieSans-VariableFont_wght.ttf,https://fonts.gstatic.com/s/scoutiesans/v1/7Au4p_U0nTyGGVyDCHG3pDctOHMC21go8A.ttf,
Seaweed Script,Display,,INFO,tight,-6,53.5,,53.7,,,,,2026-10-08-0604-1115,SeaweedScript-Regular.ttf,https://fonts.gstatic.com/s/seaweedscript/v17/bx6cNx6Tne2pxOATYE8C_Rsoe0WJ-KcGVbLW.ttf,
Secular One,Sans Serif,Hebr,INFO,loose,0.771,21.3,21,12.8,0.801,0.484,22,,2026-10-08-0604-1115,SecularOne-Regular.ttf,https://fonts.gstatic.com/s/secularone/v14/8QINdiTajsj_87rMuMdKypDlMul7LJpK.ttf,
Sedan,Serif,,INFO,loose,0.408,29,44.4,18.5,0.786,0.728,6,60,2026-10-08-0604-1115,Sedan-Regular.ttf,https://fonts.gstatic.com/s/sedan/v1/Yq6a-L-VVyD6-eOSiTpovf5b.ttf,
Sedan SC,Serif,,WARN,loose,0.408,36.6,47.2,18.5,0.799,0.836,1,40,2026-10-08-0604-1115,SedanSC-Regular.ttf,https://fonts.gstatic.com/s/sedansc/v2/yMJRMIlvYZ3Jn1Y30Dq8fSx5i814.ttf,"WARN spacing/evenness: Shape error 36.6 units per 1000 em (gaps that depart from even spacing of these shapes): 99th percentile of Serif fonts (median 19.5, robust z +4.1)."
Sedgwick Ave,Handwriting,,INFO,tight,-0.196,55.1,66.5,36.6,0.399,0.675,23,,2026-10-08-0604-1115,SedgwickAve-Regular.ttf,https://fonts.gstatic.com/s/sedgwickave/v13/uK_04rKEYuguzAcSYRdWTJq8Xmg1Vcf5JA.ttf,
Sedgwick Ave Display,Handwriting,,INFO,tight,-0.448,26.4,33.5,17.4,0.545,0.61,73,,2026-10-08-0604-1115,SedgwickAveDisplay-Regular.ttf,https://fonts.gstatic.com/s/sedgwickavedisplay/v23/xfuu0XPgU3jZPUoUo3ScvmPi-NapQ8OxM2czd-YnOzUD.ttf,
Sekuya,Display,,WARN,tight,-0.052,36,37,10.4,0.928,0.284,7,60,2026-10-08-0604-1115,Sekuya-Regular.ttf,https://fonts.gstatic.com/s/sekuya/v1/fdN_9suEu39Dg3wk2ipfnF8U4A.ttf,"WARN spacing/pairs: 24 pairs are spaced far from how Display fonts usually compare with the model (units per 1000 em, + looser): p, -428, p. -411, l"" -319, l' -319, av -176, -y -217, f. -285, ay -156, y- -216, ,y -251."
Sen,Sans Serif,,INFO,standard,0.217,22,34.3,13.9,0.88,0.969,20,60,2026-10-08-0604-1115,Sen-VariableFont_wght.ttf,https://fonts.gstatic.com/s/sen/v12/6xKjdSxYI9_Hm_-MImrpLQ.ttf,
Send Flowers,Handwriting,,WARN,tight,-3.716,60.5,64.1,40.4,0.55,0.577,18,,2026-10-08-0604-1115,SendFlowers-Regular.ttf,https://fonts.gstatic.com/s/sendflowers/v7/If2PXTjtZS-0Xqy13uCQSULvxwjjouU1iw.ttf,"WARN spacing/tightness: Overall tightness: Looseness -3.72 is at the 0th percentile of Handwriting fonts (median -0.51, robust z -4.6)."
Sevillana,Display,,WARN,tight,-0.821,32.7,31.4,21.2,0.39,0.538,10,60,2026-10-08-0604-1115,Sevillana-Regular.ttf,https://fonts.gstatic.com/s/sevillana/v25/KFOlCnWFscmDt1Bfiy1vAx05IsDqlA.ttf,"WARN spacing/glyph-sides: 4 glyph sides are spaced far from the norms of Display fonts (units per 1000 em against their median): T right -205, W right -129, V right -126, Y right -128."
Seymour One,Sans Serif,,WARN,loose,1.19,23.3,22.9,15.5,0.647,0.785,13,60,2026-10-08-0604-1115,SeymourOne-Regular.ttf,https://fonts.gstatic.com/s/seymourone/v25/4iCp6Khla9xbjQpoWGGd0myIPYBvgpUI.ttf,"WARN spacing/tightness: Overall tightness: Looseness +1.19 is at the 98th percentile of Sans Serif fonts (median +0.03, robust z +3.9)."
Shadows Into Light,Handwriting,,INFO,standard,-0.154,23.2,,11.9,,,80,,2026-10-08-0604-1115,ShadowsIntoLight-Regular.ttf,https://fonts.gstatic.com/s/shadowsintolight/v22/UqyNK9UOIntux_czAvDQx_ZcHqZXBNQDcsr4xzSMYA.ttf,
Shadows Into Light Two,Handwriting,,INFO,tight,-0.754,26.5,39.6,13.9,0.716,0.773,73,,2026-10-08-0604-1115,ShadowsIntoLightTwo-Regular.ttf,https://fonts.gstatic.com/s/shadowsintolighttwo/v19/4iC86LVlZsRSjQhpWGedwyOoW-0A6_kpsyNmlAvNGLNnIF0.ttf,
Shafarik,Display,Cyrl,INFO,loose,0.226,18.3,,10,,,55,,2026-10-08-0604-1115,Shafarik-Regular.ttf,https://fonts.gstatic.com/s/shafarik/v3/RWmLoKaF7PojpZXlW52sbsHKqLkD.ttf,
Shalimar,Handwriting,,INFO,tight,-0.816,35.1,,22.8,,,55,,2026-10-08-0604-1115,Shalimar-Regular.ttf,https://fonts.gstatic.com/s/shalimar/v9/uU9MCBoE6I6iNWFUvTPx8PCOg0uX.ttf,
Shantell Sans,Display,,INFO,standard,0.305,15.9,15.6,8.7,0.76,0.324,68,80,2026-10-08-0604-1115,"ShantellSans-VariableFont_BNCE,INFM,SPAC,wght.ttf",https://fonts.gstatic.com/s/shantellsans/v13/FeVWS0pCoLIo-lcdY7kjvNoQs250xsQuLFg.ttf,
Shanti,Sans Serif,,INFO,standard,0.077,13.2,13.4,8.5,0.735,0.572,84,80,2026-10-08-0604-1115,Shanti-Regular.ttf,https://fonts.gstatic.com/s/shanti/v25/t5thIREMM4uSDgzgU0ezpKfwzA.ttf,
Share,Sans Serif,,INFO,loose,0.832,13.2,18,8,0.886,0.717,84,80,2026-10-08-0604-1115,Share-Regular.ttf,https://fonts.gstatic.com/s/share/v20/i7dEIFliZjKNF5VNHLq2cV5d.ttf,
Share Tech,Sans Serif,,INFO,loose,0.847,13.8,18,8.3,0.882,0.672,80,80,2026-10-08-0604-1115,ShareTech-Regular.ttf,https://fonts.gstatic.com/s/sharetech/v23/7cHtv4Uyi5K0OeZ7bohUwHoDmTcibrA.ttf,
Share Tech Mono,Monospace,,SKIP,,,,,,,,,,,ShareTechMono-Regular.ttf,https://fonts.gstatic.com/s/sharetechmono/v16/J7aHnp1uDWRBEqV98dVQztYldFc7pAsEIc3Xew.ttf,"SKIP spacing/monospaced: Skipped: every letter has the same advance width, so the spacing is set by the width, not by sidebearings and kerning."
Shippori Antique,Sans Serif,Jpan,INFO,standard,0.194,20.4,,11.7,,,27,,2026-10-08-0604-1115,ShipporiAntique-Regular.ttf,https://fonts.gstatic.com/s/shipporiantique/v11/-F6qfid3KC8pdMyzR0qRyFUht11v8ldPg-IUDNg.ttf,
Shippori Antique B1,Sans Serif,Jpan,INFO,loose,0.244,19.8,,10.9,,,30,,2026-10-08-0604-1115,ShipporiAntiqueB1-Regular.ttf,https://fonts.gstatic.com/s/shipporiantiqueb1/v11/2Eb7L_JwClR7Zl_UAKZ0mUHw3oMKd40grRFCj9-5Y8Y.ttf,
Shippori Mincho,Serif,Jpan,INFO,loose,0.282,25.4,,15.4,,,12,,2026-10-08-0604-1115,ShipporiMincho-Regular.ttf,https://fonts.gstatic.com/s/shipporimincho/v17/VdGGAZweH5EbgHY6YExcZfDoj0BA2_-C7LoS7g.ttf,
Shippori Mincho B1,Serif,Jpan,INFO,loose,0.291,25.3,,15.4,,,12,,2026-10-08-0604-1115,ShipporiMinchoB1-Regular.ttf,https://fonts.gstatic.com/s/shipporiminchob1/v24/wXK2E2wCr44tulPdnn-xbIpJ9RgT9-nyjqBr1lO97Q.ttf,
Shizuru,Display,Hira,INFO,tight,-0.553,28.4,,16.3,,,15,,2026-10-08-0604-1115,Shizuru-Regular.ttf,https://fonts.gstatic.com/s/shizuru/v13/O4ZSFGfvnxFiCA3i30IJlgUTj2A.ttf,
Shojumaru,Display,,INFO,standard,-0.24,20.3,22.3,14.3,0.737,0.878,45,70,2026-10-08-0604-1115,Shojumaru-Regular.ttf,https://fonts.gstatic.com/s/shojumaru/v16/rax_HiWfutkLLnaKCtlMBBJek0vA8A.ttf,
Short Stack,Handwriting,,INFO,loose,0.3,19.3,44.9,11.5,0.967,1,90,,2026-10-08-0604-1115,ShortStack-Regular.ttf,https://fonts.gstatic.com/s/shortstack/v16/bMrzmS2X6p0jZC6EcmPFX-SScX8D0nq6.ttf,
Shrikhand,Display,Gujr,INFO,tight,-6,38.2,37,39.8,0.121,0.595,,,2026-10-08-0604-1115,Shrikhand-Regular.ttf,https://fonts.gstatic.com/s/shrikhand/v17/a8IbNovtLWfR7T7bMJwbBIiQ0zhMtA.ttf,
Siemreap,Sans Serif,,SKIP,,,,,,,,,,,,,SKIP spacing/not-latin: Skipped: the family has no Latin subset (khmer). The check covers fonts with the basic Latin alphabet.
Sigmar,Display,,INFO,standard,0.129,13.9,20.1,7,0.661,0.294,78,80,2026-10-08-0604-1115,Sigmar-Regular.ttf,https://fonts.gstatic.com/s/sigmar/v9/hv-XlzJgIE8a85pUbWY3MTFgVg.ttf,
Sigmar One,Display,,WARN,loose,2.243,10.4,15,6.1,,0.5,94,90,2026-10-08-0604-1115,SigmarOne-Regular.ttf,https://fonts.gstatic.com/s/sigmarone/v20/co3DmWZ8kjZuErj9Ta3dk6Pjp3Di8U0.ttf,"WARN spacing/tightness: Overall tightness: Looseness +2.24 is at the 100th percentile of Display fonts (median +0.04, robust z +4.1)."
Signika,Sans Serif,,INFO,loose,0.362,14.6,19.3,9.3,0.831,0.61,74,80,2026-10-08-0604-1115,"Signika-VariableFont_GRAD,wght.ttf",https://fonts.gstatic.com/s/signika/v29/vEFR2_JTCgwQ5ejvK1YsB3hod0k.ttf,
Signika Negative,Sans Serif,,INFO,loose,0.321,14.5,19.2,9,0.831,0.615,75,80,2026-10-08-0604-1115,SignikaNegative-VariableFont_wght.ttf,https://fonts.gstatic.com/s/signikanegative/v26/E218_cfngu7HiRpPX3ZpNE4kY5zKUvKrrpno9zY.ttf,
Silkscreen,Display,,INFO,loose,1.619,25.8,,19.1,,,20,60,2026-10-08-0604-1115,Silkscreen-Regular.ttf,https://fonts.gstatic.com/s/silkscreen/v6/m8JXjfVPf62XiF7kO-i9ULRvamODxdI.ttf,
Simonetta,Display,,INFO,standard,-0.027,17.3,20.6,9.4,0.61,0.743,60,70,2026-10-08-0604-1115,Simonetta-Regular.ttf,https://fonts.gstatic.com/s/simonetta/v29/x3dickHVYrCU5BU15c4BfPACvy_1BA.ttf,
Single Day,Display,,WARN,loose,1.339,32,,18.6,,,10,60,2026-10-08-0604-1115,SingleDay-Regular.ttf,https://fonts.gstatic.com/s/singleday/v20/LYjHdGDjlEgoAcF95EI5jVoFUNfeQJU.ttf,"WARN spacing/pairs: 25 pairs are spaced far from how Display fonts usually compare with the model (units per 1000 em, + looser): G' +215, !' +246, z' +171, k' +267, i' +211, t' +218, E' +188, c' +190, x' +184, C' +175."
Sintony,Sans Serif,,INFO,standard,0.104,17.3,41.3,12.9,0.565,1,47,70,2026-10-08-0604-1115,Sintony-Regular.ttf,https://fonts.gstatic.com/s/sintony/v17/XoHm2YDqR7-98cVUITQnu98ojjs.ttf,
Sirin Stencil,Display,,INFO,standard,0.063,19.2,,9.7,,,51,70,2026-10-08-0604-1115,SirinStencil-Regular.ttf,https://fonts.gstatic.com/s/sirinstencil/v27/mem4YaWwznmLx-lzGfN7MdRydchGBq6al6o.ttf,
Sirivennela,Sans Serif,Telu,WARN,tight,-1.05,45.9,,30.8,,,1,,2026-10-08-0604-1115,Sirivennela-Regular.ttf,https://fonts.gstatic.com/s/sirivennela/v2/kmK5Zq0oHhbAYX-X6lgptg7YiOFDtqtf.ttf,"WARN spacing/tightness: Overall tightness: Looseness -1.05 is at the 0th percentile of Sans Serif fonts (median +0.03, robust z -3.6). | WARN spacing/evenness: Shape error 45.9 units per 1000 em (gaps that depart from even spacing of these shapes): 99th percentile of Sans Serif fonts (median 17.0, robust z +6.5). | WARN spacing/glyph-sides: 28 glyph sides are spaced far from the norms of Sans Serif fonts (units per 1000 em against their median): s right +102, Q left +90, p right +75, b right +75, o right +73, n left -73, k left -74, m left -73. | WARN spacing/pairs: 129 pairs are spaced far from how Sans Serif fonts usually compare with the model (units per 1000 em, + looser): sQ +182, jQ +158, vQ +160, ""f -180, sG +152, wQ +160, Cf -214, qQ +148, yQ +160, bQ +154."
Six Caps,Sans Serif,,INFO,loose,0.429,7.9,3.4,4.6,,1,99,100,2026-10-08-0604-1115,SixCaps-Regular.ttf,https://fonts.gstatic.com/s/sixcaps/v23/6ae_4KGrU7VR7bNmabcS9XXaPCop.ttf,
Sixtyfour,Monospace,,SKIP,,,,,,,,,,,"Sixtyfour-Regular-VariableFont_BLED,SCAN.ttf",https://fonts.gstatic.com/s/sixtyfour/v3/OD5BuMCT1numDm3nakX3rEq4DL6w2w.ttf,"SKIP spacing/monospaced: Skipped: every letter has the same advance width, so the spacing is set by the width, not by sidebearings and kerning."
Sixtyfour Convergence,Monospace,,SKIP,,,,,,,,,,,"SixtyfourConvergence-Regular-VariableFont_BLED,SCAN,XELA,YELA.ttf",https://fonts.gstatic.com/s/sixtyfourconvergence/v5/m8JMjepPf7mIglv5K__zM9srGA7wurbybZMFbehGW74OXw.ttf,"SKIP spacing/monospaced: Skipped: every letter has the same advance width, so the spacing is set by the width, not by sidebearings and kerning."
Skranji,Display,,INFO,loose,0.13,14.9,,10.5,,,71,80,2026-10-08-0604-1115,Skranji-Regular.ttf,https://fonts.gstatic.com/s/skranji/v14/OZpDg_dtriVFNerMYzuuklTm3Ek.ttf,
Slabo 13px,Serif,,WARN,loose,0.271,25.8,50,40.7,0.554,0.864,11,60,2026-10-08-0604-1115,Slabo13px-Regular.ttf,https://fonts.gstatic.com/s/slabo13px/v17/11hEGp_azEvXZUdSBzzRcKer2wkYnvI.ttf,"WARN spacing/glyph-sides: 7 glyph sides are spaced far from the norms of Serif fonts (units per 1000 em against their median): S left -65, V left -84, A left -83, j right +63, W left -85, g right +85, Y left -85."
Slabo 27px,Serif,,INFO,loose,0.242,17.6,26,11.3,0.636,0.893,67,80,2026-10-08-0604-1115,Slabo27px-Regular.ttf,https://fonts.gstatic.com/s/slabo27px/v16/mFT0WbgBwKPR_Z4hGN2qsxgJ1EJ7i90.ttf,
Slackey,Display,,INFO,loose,0.165,21.7,26.6,15.7,0.844,0.417,39,70,2026-10-08-0604-1115,Slackey-Regular.ttf,https://fonts.gstatic.com/s/slackey/v29/N0bV2SdQO-5yM0-dKlRaJdbWgdY.ttf,
Slackside One,Handwriting,Hira,INFO,loose,1.342,24,33.4,14.9,0.336,0.72,78,,2026-10-08-0604-1115,SlacksideOne-Regular.ttf,https://fonts.gstatic.com/s/slacksideone/v14/EJRQQgMrXdcGsiBuvnRxodTwVy7VocNB6Iw.ttf,
Smokum,Display,,INFO,standard,0.161,14.4,26,7.4,0.905,0.709,75,80,2026-10-08-0604-1115,Smokum-Regular.ttf,https://fonts.gstatic.com/s/smokum/v30/TK3iWkUbAhopmrdGHjUHte5fKg.ttf,
Smooch,Handwriting,,INFO,tight,-6,73.6,71.8,86.7,0.422,0.596,,,2026-10-08-0604-1115,Smooch-Regular.ttf,https://fonts.gstatic.com/s/smooch/v9/o-0LIps4xW8U1xUBjqp_6hVdYg.ttf,
Smooch Sans,Sans Serif,,INFO,standard,0.069,19.9,21.2,10.7,0.7,0.614,30,70,2026-10-08-0604-1115,SmoochSans-VariableFont_wght.ttf,https://fonts.gstatic.com/s/smoochsans/v15/c4mk1n5uGsXss2LJh1QH6ad91qa3WFv8.ttf,
Smythe,Display,,INFO,standard,-0.111,13.6,13,9.2,0.652,0.536,81,80,2026-10-08-0604-1115,Smythe-Regular.ttf,https://fonts.gstatic.com/s/smythe/v24/MwQ3bhT01--coT1BOLh_uGInjA.ttf,
SN Pro,Sans Serif,,INFO,standard,-0.084,14.4,16.1,7.7,0.749,0.578,76,80,2026-10-08-0604-1115,SNPro-VariableFont_wght.ttf,https://fonts.gstatic.com/s/snpro/v1/NGS1v5zWIAwPIq7RbZ5PuKoY0A.ttf,
Sniglet,Display,,INFO,standard,-0.258,17.6,13.3,10.8,0.821,0.607,59,70,2026-10-08-0604-1115,Sniglet-Regular.ttf,https://fonts.gstatic.com/s/sniglet/v18/cIf9MaFLtkE3UjaJxCmrYGkHgIs.ttf,
Snippet,Sans Serif,,INFO,standard,-0.154,21.1,20.5,11.9,0.82,0.923,24,70,2026-10-08-0604-1115,Snippet-Regular.ttf,https://fonts.gstatic.com/s/snippet/v21/bWt47f7XfQH9Gupu2v_Afcp9QWc.ttf,
Snowburst One,Display,,INFO,loose,0.382,37.8,,23.3,,,6,60,2026-10-08-0604-1115,SnowburstOne-Regular.ttf,https://fonts.gstatic.com/s/snowburstone/v21/MQpS-WezKdujBsXY3B7I-UT7eZ-UPyacPbo.ttf,
Sofadi One,Display,,INFO,standard,-0.104,19.6,28.4,10.2,0.528,0.486,49,70,2026-10-08-0604-1115,SofadiOne-Regular.ttf,https://fonts.gstatic.com/s/sofadione/v22/JIA2UVBxdnVBuElZaMFGcDOIETkmYDU.ttf,
Sofia,Handwriting,,INFO,tight,-1.248,62.6,,42.6,,,15,,2026-10-08-0604-1115,Sofia-Regular.ttf,https://fonts.gstatic.com/s/sofia/v15/8QIHdirahM3j_vu-sowsrqjk.ttf,
Sofia Sans,Sans Serif,,WARN,standard,0.148,13.6,18.6,7.7,0.766,0.518,82,80,2026-10-08-0604-1115,SofiaSans-VariableFont_wght.ttf,https://fonts.gstatic.com/s/sofiasans/v20/Yq6R-LCVXSLy9uPBwlATnOZwkxgtUb8.ttf,WARN spacing/instances: 1 location of the designspace is spaced far from the norms or from its neighbours: wght 1 (min) (shape error 21.9).
Sofia Sans Condensed,Sans Serif,,INFO,standard,0.198,9.9,14.3,5.5,0.75,0.429,96,90,2026-10-08-0604-1115,SofiaSansCondensed-VariableFont_wght.ttf,https://fonts.gstatic.com/s/sofiasanscondensed/v6/r05EGKVS5aVKd567NYXawnFKJaTtoAuLnLcPrNDVemxE.ttf,
Sofia Sans Extra Condensed,Sans Serif,,INFO,loose,0.253,8.3,12.3,4.8,0.721,0.372,99,100,2026-10-08-0604-1115,SofiaSansExtraCondensed-VariableFont_wght.ttf,https://fonts.gstatic.com/s/sofiasansextracondensed/v6/raxoHjafvdAIOju4GcIfJH0i7zi50X3zRtuLNiMS0cSpLE9Ukzek.ttf,
Sofia Sans Semi Condensed,Sans Serif,,WARN,standard,0.142,12.2,16,6.8,0.762,0.443,90,90,2026-10-08-0604-1115,SofiaSansSemiCondensed-VariableFont_wght.ttf,https://fonts.gstatic.com/s/sofiasanssemicondensed/v8/46k9laPnUDrQoNsWDCGXXxYlujh5Wv0nwP4RwxURgWQ-826XvcQ.ttf,WARN spacing/instances: 1 location of the designspace is spaced far from the norms or from its neighbours: wght 1 (min) (shape error 20.0).
Solitreo,Handwriting,Hebr,INFO,standard,0.012,29.2,83.6,21.5,0.086,0.661,68,,2026-10-08-0604-1115,Solitreo-Regular.ttf,https://fonts.gstatic.com/s/solitreo/v2/r05YGLlS5a9KYsyNO8upyDYtStiJ.ttf,
Solway,Serif,,INFO,loose,0.612,15.7,19,9.3,0.798,0.739,86,80,2026-10-08-0604-1115,Solway-Regular.ttf,https://fonts.gstatic.com/s/solway/v19/AMOQz46Cs2uTAOCWgnA9kuYMUg.ttf,
Sometype Mono,Monospace,,SKIP,,,,,,,,,,,SometypeMono-VariableFont_wght.ttf,https://fonts.gstatic.com/s/sometypemono/v4/70lVu745KGk_R3uxyq0WrROhGpOrQEdC7m8.ttf,"SKIP spacing/monospaced: Skipped: every letter has the same advance width, so the spacing is set by the width, not by sidebearings and kerning."
Song Myung,Serif,Kore,INFO,loose,0.427,17.8,,11.5,,,64,,2026-10-08-0604-1115,SongMyung-Regular.ttf,https://fonts.gstatic.com/s/songmyung/v23/1cX2aUDWAJH5-EIC7DIhr1GqhcitzeM.ttf,
Sono,Sans Serif,,SKIP,,,,,,,,,,,"Sono-VariableFont_MONO,wght.ttf",https://fonts.gstatic.com/s/sono/v12/aFTb7PNiY3U2EKzdohWxGYU.ttf,"SKIP spacing/monospaced: Skipped: every letter has the same advance width, so the spacing is set by the width, not by sidebearings and kerning."
Sonsie One,Display,,FAIL,standard,-0.794,70.8,,57,,,1,40,2026-10-08-0604-1115,SonsieOne-Regular.ttf,https://fonts.gstatic.com/s/sonsieone/v22/PbymFmP_EAnPqbKaoc18YVu80lbp8JM.ttf,"FAIL spacing/evenness: Shape error 70.8 units per 1000 em (gaps that depart from even spacing of these shapes): 99th percentile of Display fonts (median 19.4, robust z +6.9). | FAIL spacing/glyph-sides: 2 sidebearings are far outside the norms of Display fonts (units per 1000 em against their median): o right -176, w right -183. | WARN spacing/pairs: 329 pairs are spaced far from how Display fonts usually compare with the model (units per 1000 em, + looser): os -193, oz -181, oP -185, og -170, om -159, or -158, cR -158, us -131, sP -153, op -166."
Sora,Sans Serif,,INFO,standard,-0.05,14.2,18.6,8.5,0.705,0.701,77,80,2026-10-08-0604-1115,Sora-VariableFont_wght.ttf,https://fonts.gstatic.com/s/sora/v17/xMQbuFFYT72X_QIjD4e2OX8.ttf,
Sorts Mill Goudy,Serif,,INFO,standard,0.136,14.2,17.5,8.7,0.814,0.655,92,90,2026-10-08-0604-1115,SortsMillGoudy-Regular.ttf,https://fonts.gstatic.com/s/sortsmillgoudy/v16/Qw3GZR9MED_6PSuS_50nEaVrfzgEXH0OjpM75PE.ttf,
Sour Gummy,Sans Serif,,WARN,tight,-0.162,23.9,20.8,16.6,0.686,0.129,12,60,2026-10-08-0604-1115,"SourGummy-VariableFont_wdth,wght.ttf",https://fonts.gstatic.com/s/sourgummy/v3/8AtsGs2gPYuNDii97MjjHLn5jRfZHzM.ttf,WARN spacing/instances: 1 location of the designspace is spaced far from the norms or from its neighbours: wdth 125 (max) (shape error 37.1).
Source Code Pro,Monospace,,SKIP,,,,,,,,,,,SourceCodePro-VariableFont_wght.ttf,https://fonts.gstatic.com/s/sourcecodepro/v32/HI_SiYsKILxRpg3hIP6sJ7fM7PqVOuHXvMY3xw.ttf,"SKIP spacing/monospaced: Skipped: every letter has the same advance width, so the spacing is set by the width, not by sidebearings and kerning."
Source Sans 3,Sans Serif,,INFO,standard,0.144,16.2,22.4,10.4,0.616,0.715,59,70,2026-10-08-0604-1115,SourceSans3-VariableFont_wght.ttf,https://fonts.gstatic.com/s/sourcesans3/v20/nwpStKy2OAdR1K-IwhWudF-R7wgQZMrc9HY.ttf,
Source Serif 4,Serif,,INFO,loose,0.325,17.8,18.4,12.4,0.824,0.704,64,70,2026-10-08-0604-1115,"SourceSerif4-VariableFont_opsz,wght.ttf",https://fonts.gstatic.com/s/sourceserif4/v15/vEFI2_tTDB4M7-auWDN0ahZJW2gc-NaXXq7H.ttf,
Space Grotesk,Sans Serif,,INFO,standard,-0.125,16,18.5,9,0.705,0.837,62,70,2026-10-08-0604-1115,SpaceGrotesk-VariableFont_wght.ttf,https://fonts.gstatic.com/s/spacegrotesk/v22/V8mDoQDjQSkFtoMM3T6r8E7mDbZyCts0DqQ.ttf,
Space Mono,Monospace,,SKIP,,,,,,,,,,,SpaceMono-Regular.ttf,https://fonts.gstatic.com/s/spacemono/v17/i7dPIFZifjKcF5UAWdDRUEZ2RFq7AwU.ttf,"SKIP spacing/monospaced: Skipped: every letter has the same advance width, so the spacing is set by the width, not by sidebearings and kerning."
Special Elite,Display,,INFO,standard,0.017,13.1,18.8,8,0.722,0.969,83,80,2026-10-08-0604-1115,SpecialElite-Regular.ttf,https://fonts.gstatic.com/s/specialelite/v20/XLYgIZbkc4JPUL5CVArUVL0nhncESXFtUsM.ttf,
Special Gothic,Sans Serif,,WARN,tight,-0.271,11.1,15.2,6.1,0.793,0.637,93,90,2026-10-08-0604-1115,"SpecialGothic-VariableFont_wdth,wght.ttf",https://fonts.gstatic.com/s/specialgothic/v3/1q2fY5WcG0Fg_v0fHc8BvIZ252ThVIGpgnxL.ttf,WARN spacing/instances: 1 location of the designspace is spaced far from the norms or from its neighbours: wdth 125 (max) (shape error 17.3).
Special Gothic Condensed One,Sans Serif,,INFO,standard,0.195,8,12.1,4,0.712,0.571,99,100,2026-10-08-0604-1115,SpecialGothicCondensedOne-Regular.ttf,https://fonts.gstatic.com/s/specialgothiccondensedone/v2/R70Njzwei_mJM7OsFDzX7EL9NBO6IPvd-Avolzh49w7PUZt_5YtxbX8.ttf,
Special Gothic Expanded One,Sans Serif,,INFO,tight,-0.222,13.3,22.8,5.7,0.856,0.791,83,80,2026-10-08-0604-1115,SpecialGothicExpandedOne-Regular.ttf,https://fonts.gstatic.com/s/specialgothicexpandedone/v2/IurO6Zxk74-YaYk1r3HOet4g75ENmBxUmOK61tA0Iu5gn5t-KhUVvQ.ttf,
Spectral,Serif,Latn,INFO,loose,0.658,20.8,19.4,14.4,0.669,0.562,35,70,2026-10-08-0604-1115,Spectral-Regular.ttf,https://fonts.gstatic.com/s/spectral/v15/rnCr-xNNww_2s0amA-M-mHnOSOuk.ttf,
Spectral SC,Serif,Latn,INFO,loose,0.658,17.8,17.3,14.4,0.799,0.612,64,70,2026-10-08-0604-1115,SpectralSC-Regular.ttf,https://fonts.gstatic.com/s/spectralsc/v15/KtkpALCRZonmalTgyPmRfvWi6WDfFpuc.ttf,
Spicy Rice,Display,,INFO,standard,0,13.7,17.4,7.8,0.681,0.599,80,80,2026-10-08-0604-1115,SpicyRice-Regular.ttf,https://fonts.gstatic.com/s/spicyrice/v28/uK_24rSEd-Uqwk4jY1RyGv-2WkowRcc.ttf,
Spinnaker,Sans Serif,,INFO,standard,0.195,22.3,,11.8,,,17,60,2026-10-08-0604-1115,Spinnaker-Regular.ttf,https://fonts.gstatic.com/s/spinnaker/v21/w8gYH2oyX-I0_rvR6Hmn3HwLqOqSBg.ttf,
Spirax,Display,,INFO,tight,-0.451,18.1,20.5,12,0.737,0.583,56,70,2026-10-08-0604-1115,Spirax-Regular.ttf,https://fonts.gstatic.com/s/spirax/v22/buE3poKgYNLy0F3cXktt-Csn-Q.ttf,
Splash,Handwriting,,INFO,tight,-6,105.9,134.4,93,0.445,0.422,,,2026-10-08-0604-1115,Splash-Regular.ttf,https://fonts.gstatic.com/s/splash/v8/KtksAL2RZoDkbU6hpPPGNdS6wg.ttf,
Spline Sans,Sans Serif,,INFO,standard,0.091,16.8,17.8,10.3,0.845,0.299,52,70,2026-10-08-0604-1115,SplineSans-VariableFont_wght.ttf,https://fonts.gstatic.com/s/splinesans/v16/_6_7ED73Uf-2WfU2LzycEYAlkiw_SQ5j.ttf,
Spline Sans Mono,Monospace,,SKIP,,,,,,,,,,,SplineSansMono-VariableFont_wght.ttf,https://fonts.gstatic.com/s/splinesansmono/v13/R70BjzAei_CDNLfgZxrW6wrZOF2Wb5WTmW2a6l0.ttf,"SKIP spacing/monospaced: Skipped: every letter has the same advance width, so the spacing is set by the width, not by sidebearings and kerning."
Squada One,Display,,INFO,loose,1.084,12.5,,8.2,,,87,80,2026-10-08-0604-1115,SquadaOne-Regular.ttf,https://fonts.gstatic.com/s/squadaone/v20/BCasqZ8XsOrx4mcOk6MtWaA8WDBkHgs.ttf,
Square Peg,Handwriting,,INFO,standard,-0.47,32.5,48.1,26.2,0.618,0.728,58,,2026-10-08-0604-1115,SquarePeg-Regular.ttf,https://fonts.gstatic.com/s/squarepeg/v7/y83eW48Nzw6ZlUHc-phrBDHrHHfrFPE.ttf,
Sree Krushnadevaraya,Serif,Telu,INFO,loose,0.365,25.9,,15.9,,,11,,2026-10-08-0604-1115,SreeKrushnadevaraya-Regular.ttf,https://fonts.gstatic.com/s/sreekrushnadevaraya/v23/R70FjzQeifmPepmyQQjQ9kvwMkWYPfTA_EWb2FhQuXir.ttf,
Sriracha,Handwriting,Thai,INFO,standard,-0.363,29.2,51,22.2,0.787,0.969,68,,2026-10-08-0604-1115,Sriracha-Regular.ttf,https://fonts.gstatic.com/s/sriracha/v16/0nkrC9D4IuYBgWcI9ObYRQDioeb0.ttf,
Srisakdi,Display,Thai,WARN,tight,-0.805,38.2,55.5,39.3,0.308,0.659,6,,2026-10-08-0604-1115,Srisakdi-Regular.ttf,https://fonts.gstatic.com/s/srisakdi/v18/yMJRMIlvdpDbkB0A-jq8fSx5i814.ttf,"WARN spacing/glyph-sides: 10 glyph sides are spaced far from the norms of Display fonts (units per 1000 em against their median): S right -93, M right -128, N right -118, C right -99, ’ left +128, ' left +106, E right -100, "" left +108. | WARN spacing/pairs: 84 pairs are spaced far from how Display fonts usually compare with the model (units per 1000 em, + looser): Jf -287, jf -280, df -194, Jj -315, qf -224, uf -197, If -253, Mf -221, lf -196, Ij -284."
Staatliches,Display,,INFO,standard,0.256,10.9,18.5,6,0.746,0.514,91,90,2026-10-08-0604-1115,Staatliches-Regular.ttf,https://fonts.gstatic.com/s/staatliches/v15/HI_OiY8KO6hCsQSoAPmtMbectJG9O9PS.ttf,
Stack Sans Headline,Sans Serif,,INFO,tight,-0.555,17.7,19.3,11.7,0.839,0.323,44,70,2026-10-08-0604-1115,StackSansHeadline-VariableFont_wght.ttf,https://fonts.gstatic.com/s/stacksansheadline/v1/1Ptyg9jZXvmMnkLnuURbaukKZJTyrDV3waClGrw-PTY.ttf,
Stack Sans Notch,Sans Serif,,INFO,tight,-0.536,18,19.5,11.9,0.837,0.329,42,70,2026-10-08-0604-1115,StackSansNotch-VariableFont_wght.ttf,https://fonts.gstatic.com/s/stacksansnotch/v5/TwMV-JcVXlQd3ooGEx9EbUzgioTr_h0bZJL-1a8.ttf,
Stack Sans Text,Sans Serif,,INFO,standard,-0.145,18.8,20.3,12.9,0.834,0.327,37,70,2026-10-08-0604-1115,StackSansText-VariableFont_wght.ttf,https://fonts.gstatic.com/s/stacksanstext/v1/kJErBuAJ-Q0hiGPmzHEu345X1JJXDba5BY95mQ.ttf,
Stalemate,Handwriting,,INFO,tight,-6,71,100.5,51.1,0.311,0.578,,,2026-10-08-0604-1115,Stalemate-Regular.ttf,https://fonts.gstatic.com/s/stalemate/v24/taiIGmZ_EJq97-UfkZRpuqSs8ZQpaQ.ttf,
Stalinist One,Display,,INFO,standard,-0.153,26.9,84.5,18.5,0.76,0.833,18,60,2026-10-08-0604-1115,StalinistOne-Regular.ttf,https://fonts.gstatic.com/s/stalinistone/v58/MQpS-WezM9W4Dd7D3B7I-UT7eZ-UPyacPbo.ttf,
Stardos Stencil,Display,,INFO,standard,0.003,21.2,44.2,13.6,0.595,0.95,40,70,2026-10-08-0604-1115,StardosStencil-Regular.ttf,https://fonts.gstatic.com/s/stardosstencil/v15/X7n94bcuGPC8hrvEOHXOgaKCc2TR71R3tiSx0g.ttf,
Stick,Sans Serif,Jpan,INFO,loose,0.27,22.7,38.5,13.9,0.797,0.899,16,,2026-10-08-0604-1115,Stick-Regular.ttf,https://fonts.gstatic.com/s/stick/v21/Qw3TZQpMCyTtJSvfvPVDMPoF.ttf,
Stick No Bills,Sans Serif,,INFO,tight,-0.45,20.4,,10.8,,,27,70,2026-10-08-0604-1115,StickNoBills-VariableFont_wght.ttf,https://fonts.gstatic.com/s/sticknobills/v17/bWth7ffXZwHuAa9Uld-oEK4QKkZo1w-1YxiC.ttf,
Stint Ultra Condensed,Serif,,INFO,standard,0.118,11.6,15,6.2,0.864,0.843,100,100,2026-10-08-0604-1115,StintUltraCondensed-Regular.ttf,https://fonts.gstatic.com/s/stintultracondensed/v25/-W_gXIrsVjjeyEnPC45qD2NoFPtBE0xCh2A-qhUO2cNvdg.ttf,
Stint Ultra Expanded,Serif,,INFO,tight,-0.404,30.3,29.7,17.4,0.813,0.882,5,50,2026-10-08-0604-1115,StintUltraExpanded-Regular.ttf,https://fonts.gstatic.com/s/stintultraexpanded/v24/CSRg4yNNh-GbW3o3JkwoDcdvMKMf0oBAd0qoATQkWwam.ttf,
STIX Two Math,Serif,,INFO,standard,0.108,20.1,25.6,12,0.784,0.799,45,70,2026-10-08-0604-1115,STIXTwoMath-Regular.ttf,https://fonts.gstatic.com/s/stixtwomath/v12/pONg1hwwL_6M9EkZySr_yteUi1rADEcF1pY.ttf,
STIX Two Text,Serif,,INFO,standard,0.099,20.2,25,12.4,0.785,0.799,43,70,2026-10-08-0604-1115,STIXTwoText-VariableFont_wght.ttf,https://fonts.gstatic.com/s/stixtwotext/v18/YA9Vr02F12Xkf5whdwKf11l0l7mGiv_Q7dA.ttf,
Stoke,Serif,,INFO,loose,0.362,31,,22.1,,,4,50,2026-10-08-0604-1115,Stoke-Regular.ttf,https://fonts.gstatic.com/s/stoke/v26/z7NadRb7aTMfKONpfihK1YTV.ttf,
Story Script,Sans Serif,,INFO,tight,-6,41.1,42.6,42.3,-0.023,0.843,,,2026-10-08-0604-1115,StoryScript-Regular.ttf,https://fonts.gstatic.com/s/storyscript/v3/mem5YaSw02SQ0OlzDuR8Isk-VeJoCqeDjg.ttf,
Strait,Sans Serif,,INFO,loose,0.623,17.4,21,11.7,0.724,0.953,46,70,2026-10-08-0604-1115,Strait-Regular.ttf,https://fonts.gstatic.com/s/strait/v19/DtViJxy6WaEr1LZzeDhtkl0U7w.ttf,
Strichpunkt Sans,Sans Serif,,WARN,standard,-0.103,10.9,12.9,6.4,0.849,0.636,93,90,2026-10-08-0604-1115,"StrichpunktSans-VariableFont_wdth,wght.ttf",https://fonts.gstatic.com/s/strichpunktsans/v1/Jqz45SWPVfqQFmB4qOZpY-2RfE_tIY9rTycIbyg.ttf,WARN spacing/instances: 1 location of the designspace is spaced far from the norms or from its neighbours: wdth 200 (max) (shape error 16.5).
Style Script,Handwriting,,WARN,tight,-1.867,46.9,42.8,31.6,-0.272,0.254,35,,2026-10-08-0604-1115,StyleScript-Regular.ttf,https://fonts.gstatic.com/s/stylescript/v13/vm8xdRX3SV7Z0aPa88xzW5npeFT76NZnMw.ttf,"WARN spacing/pairs: 18 pairs are spaced far from how Handwriting fonts usually compare with the model (units per 1000 em, + looser): Qp -375, Qg -284, Qz -288, Qa -224, Qc -216, Qy -325, Qi -228, Qj -449, QL -287, Qo -213."
Stylish,Sans Serif,Kore,INFO,loose,0.683,13.3,,7.3,,,83,,2026-10-08-0604-1115,Stylish-Regular.ttf,https://fonts.gstatic.com/s/stylish/v26/m8JSjfhPYriQkk7-fo35dLxEdmo.ttf,
Sue Ellen Francisco,Handwriting,,INFO,loose,0.439,22.7,,13.2,,,83,,2026-10-08-0604-1115,SueEllenFrancisco-Regular.ttf,https://fonts.gstatic.com/s/sueellenfrancisco/v22/wXK3E20CsoJ9j1DDkjHcQ5ZL8xRaxru9ropF2lqk9H4.ttf,
Suez One,Serif,Hebr,INFO,loose,0.579,15.7,16.2,10.1,0.805,0.382,86,,2026-10-08-0604-1115,SuezOne-Regular.ttf,https://fonts.gstatic.com/s/suezone/v15/taiJGmd_EZ6rqscQgNFJkIqg-I0w.ttf,
Sulphur Point,Sans Serif,,INFO,tight,-0.452,27.9,20.9,19.9,0.755,0.595,5,50,2026-10-08-0604-1115,SulphurPoint-Regular.ttf,https://fonts.gstatic.com/s/sulphurpoint/v16/RLp5K5vv8KaycDcazWFPBj2aRfkSu6EuTHo.ttf,
Sumana,Serif,Deva,INFO,standard,-0.072,18.5,39.6,10.1,,1,58,,2026-10-08-0604-1115,Sumana-Regular.ttf,https://fonts.gstatic.com/s/sumana/v12/4UaDrE5TqRBjGj-G8Bji76zR4w.ttf,
Sunflower,Sans Serif,Hang,INFO,standard,-0.212,15.4,,7.8,,,70,,2026-10-08-0604-1115,Sunflower-Light.ttf,https://fonts.gstatic.com/s/sunflower/v19/RWmPoKeF8fUjqIj7Vc-06MfiqYsGBGBzCw.ttf,
Sunshiney,Handwriting,,INFO,tight,-1.705,32.8,34.6,27.3,0.518,0.6,58,,2026-10-08-0604-1115,Sunshiney-Regular.ttf,https://fonts.gstatic.com/s/sunshiney/v24/LDIwapGTLBwsS-wT4vcgE8moUePWkg.ttf,
Supermercado One,Display,,INFO,loose,1.51,35.8,,23.7,,,8,60,2026-10-08-0604-1115,SupermercadoOne-Regular.ttf,https://fonts.gstatic.com/s/supermercadoone/v29/OpNXnpQWg8jc_xps_Gi14kVVEXOn60b3MClBRTs.ttf,
Sura,Serif,Deva,INFO,standard,0.117,18.3,24.9,10.8,0.818,0.906,61,,2026-10-08-0604-1115,Sura-Regular.ttf,https://fonts.gstatic.com/s/sura/v21/SZc23FL5PbyzFf5UWzXtjUM.ttf,
Suranna,Serif,Telu,INFO,tight,-0.353,16.4,,8.8,,,80,,2026-10-08-0604-1115,Suranna-Regular.ttf,https://fonts.gstatic.com/s/suranna/v15/gokuH6ztGkFjWe58tBRZT2KmgP0.ttf,
Suravaram,Serif,Telu,INFO,standard,0.121,14.1,,8.5,,,92,,2026-10-08-0604-1115,Suravaram-Regular.ttf,https://fonts.gstatic.com/s/suravaram/v23/_gP61R_usiY7SCym4xIAi261Qv9roQ.ttf,
SUSE,Sans Serif,,INFO,standard,-0.089,11.8,13.1,7,0.855,0.559,92,90,2026-10-08-0604-1115,SUSE-VariableFont_wght.ttf,https://fonts.gstatic.com/s/suse/v4/MwQ5bhb078Wt6VhLPJp6qGI.ttf,
SUSE Mono,Sans Serif,,SKIP,,,,,,,,,,,SUSEMono-VariableFont_wght.ttf,https://fonts.gstatic.com/s/susemono/v1/y83ZW4wN6yi9x2mTxJIsJBvFEH7yDQ.ttf,"SKIP spacing/monospaced: Skipped: every letter has the same advance width, so the spacing is set by the width, not by sidebearings and kerning."
Suwannaphum,Serif,Khmr,INFO,loose,0.259,15.7,18.8,8.2,0.819,0.825,86,,2026-10-08-0604-1115,Suwannaphum-Regular.ttf,https://fonts.gstatic.com/s/suwannaphum/v33/jAnCgHV7GtDvc8jbe8hXXIWl_8C0Wg2V.ttf,
Swanky and Moo Moo,Handwriting,,INFO,tight,-0.625,27.4,,14.1,,,71,,2026-10-08-0604-1115,SwankyandMooMoo-Regular.ttf,https://fonts.gstatic.com/s/swankyandmoomoo/v24/flUlRrKz24IuWVI_WJYTYcqbEsMUZ3kUtbPkR64SYQ.ttf,
Syncopate,Sans Serif,,WARN,tight,-0.65,42,28.3,26.8,0.845,0.939,1,40,2026-10-08-0604-1115,Syncopate-Regular.ttf,https://fonts.gstatic.com/s/syncopate/v24/pe0sMIuPIYBCpEV5eFdyAv2-C99ycg.ttf,"WARN spacing/evenness: Shape error 42.0 units per 1000 em (gaps that depart from even spacing of these shapes): 99th percentile of Sans Serif fonts (median 17.0, robust z +5.6)."
Syne,Sans Serif,,INFO,standard,-0.039,18.6,23,10.1,0.737,0.844,39,70,2026-10-08-0604-1115,Syne-VariableFont_wght.ttf,https://fonts.gstatic.com/s/syne/v24/8vIH7w4qzmVxq2dB9Uz_DEc.ttf,
Syne Mono,Monospace,,SKIP,,,,,,,,,,,SyneMono-Regular.ttf,https://fonts.gstatic.com/s/synemono/v16/K2FzfZNHj_FHBmRbFvHzIqCkDyvqZA.ttf,"SKIP spacing/monospaced: Skipped: every letter has the same advance width, so the spacing is set by the width, not by sidebearings and kerning."
Syne Tactile,Display,,WARN,standard,0.015,37.1,36.3,24.4,0.23,0.613,7,60,2026-10-08-0604-1115,SyneTactile-Regular.ttf,https://fonts.gstatic.com/s/synetactile/v16/11hGGpna2UTQKjMCVzjAPMKh3ysdjvKU8Q.ttf,"WARN spacing/pairs: 23 pairs are spaced far from how Display fonts usually compare with the model (units per 1000 em, + looser): Qy -918, Zy -958, Zf -744, Zg -678, Qf -670, Qz -575, Qg -635, Zp -585, Qp -544, Zq -509."
Tac One,Sans Serif,,INFO,standard,0.079,10.1,10.2,7.6,0.627,0.124,95,90,2026-10-08-0604-1115,TacOne-Regular.ttf,https://fonts.gstatic.com/s/tacone/v5/ahcZv8Cj3zw7qDr8fO4hU-FwnU0.ttf,
Tagesschrift,Display,,INFO,loose,0.449,25.5,37,16.4,0.8,0.812,22,60,2026-10-08-0604-1115,Tagesschrift-Regular.ttf,https://fonts.gstatic.com/s/tagesschrift/v2/pe0pMI6IOYlEuEZ7ZEA7ZKOaA_Rue1UwVg.ttf,
Tai Heritage Pro,Serif,Tavt,INFO,standard,0.27,33.9,,18.7,,,3,,2026-10-08-0604-1115,TaiHeritagePro-Regular.ttf,https://fonts.gstatic.com/s/taiheritagepro/v9/sZlfdQid-zgaNiNIYcUzJMU3IYyNoHxSENxuLuE.ttf,
Tajawal,Sans Serif,Arab,INFO,standard,0.132,18.3,21.2,11.2,0.704,0.749,40,,2026-10-08-0604-1115,Tajawal-Regular.ttf,https://fonts.gstatic.com/s/tajawal/v12/Iura6YBj_oCad4k1rzaLCr5IlLA.ttf,
Tangerine,Handwriting,,INFO,tight,-2.456,45.7,,48.4,,,37,,2026-10-08-0604-1115,Tangerine-Regular.ttf,https://fonts.gstatic.com/s/tangerine/v18/IurY6Y5j_oScZZow4VOBDpxNhLBQ4Q.ttf,
Tapestry,Handwriting,,INFO,tight,-1.231,47.6,45.1,35.9,0.304,0.777,34,,2026-10-08-0604-1115,Tapestry-Regular.ttf,https://fonts.gstatic.com/s/tapestry/v6/SlGTmQecrosEYXhaGBIkqnB6aSQU.ttf,
Taprom,Display,Khmr,INFO,tight,-6,52.6,68.8,52.4,0.302,0.825,,,2026-10-08-0604-1115,Taprom-Regular.ttf,https://fonts.gstatic.com/s/taprom/v29/UcCn3F82JHycULbFQyk3-0kvHg.ttf,
TASA Explorer,Sans Serif,,INFO,standard,-0.013,14.7,14.1,10.9,0.791,0.421,73,80,2026-10-08-0604-1115,TASAExplorer-VariableFont_wght.ttf,https://fonts.gstatic.com/s/tasaexplorer/v2/K2F3fZdAt8xjBmxMCPK8UO_SJyrYYWOMluQ.ttf,
TASA Orbiter,Sans Serif,,INFO,standard,-0.058,12.8,14,8.4,0.843,0.49,87,80,2026-10-08-0604-1115,TASAOrbiter-VariableFont_wght.ttf,https://fonts.gstatic.com/s/tasaorbiter/v2/3XFtErw3860rsdSUVZx78hPGRdbY1P1Sbg.ttf,
Tauri,Sans Serif,,INFO,loose,0.754,28.1,,17.8,,,5,50,2026-10-08-0604-1115,Tauri-Regular.ttf,https://fonts.gstatic.com/s/tauri/v20/TwMA-IISS0AM3IpVWHU_TBqO.ttf,
Taviraj,Serif,Thai,INFO,standard,-0.132,17.2,23.4,9.2,0.646,0.934,71,,2026-10-08-0604-1115,Taviraj-Regular.ttf,https://fonts.gstatic.com/s/taviraj/v15/ahcZv8Cj3ylylTXzfO4hU-FwnU0.ttf,
Teachers,Sans Serif,,INFO,standard,0.031,23.8,25.5,12.5,0.769,0.703,12,60,2026-10-08-0604-1115,Teachers-VariableFont_wght.ttf,https://fonts.gstatic.com/s/teachers/v6/H4ckBXKVncXVmUGsgSY6wr-wg763.ttf,
Teko,Sans Serif,Deva,INFO,loose,0.578,12.8,,8.6,,,87,,2026-10-08-0604-1115,Teko-VariableFont_wght.ttf,https://fonts.gstatic.com/s/teko/v23/LYjNdG7kmE0gTaR3pCtBtVs.ttf,
Tektur,Display,,INFO,tight,-0.756,21.9,22.8,13.8,0.762,0.78,37,70,2026-10-08-0604-1115,"Tektur-VariableFont_wdth,wght.ttf",https://fonts.gstatic.com/s/tektur/v6/XoHn2YHtS7q969kNAR4Jt9Yxlw.ttf,
Telex,Sans Serif,,INFO,standard,0.025,16.2,17.8,9.9,0.775,0.98,59,70,2026-10-08-0604-1115,Telex-Regular.ttf,https://fonts.gstatic.com/s/telex/v20/ieVw2Y1fKWmIO9fTB1piKFIf.ttf,
Tenali Ramakrishna,Sans Serif,Telu,INFO,standard,0.088,16.6,,10.5,,,55,,2026-10-08-0604-1115,TenaliRamakrishna-Regular.ttf,https://fonts.gstatic.com/s/tenaliramakrishna/v14/raxgHj6Yt9gAN3LLKs0BZVMo8jmwn1-8KJXqUFFvtA.ttf,
Tenor Sans,Sans Serif,,INFO,standard,0.105,24.6,69.3,14.6,0.83,1,11,60,2026-10-08-0604-1115,TenorSans-Regular.ttf,https://fonts.gstatic.com/s/tenorsans/v21/bx6ANxqUneKx06UkIXISr3JyC22IyqI.ttf,
Text Me One,Sans Serif,,INFO,tight,-0.422,32.2,,22.2,,,3,50,2026-10-08-0604-1115,TextMeOne-Regular.ttf,https://fonts.gstatic.com/s/textmeone/v26/i7dOIFdlayuLUvgoFvHQFWZcalayGhyV.ttf,
Texturina,Serif,,INFO,loose,0.343,18.7,25.6,11.6,0.774,0.702,55,70,2026-10-08-0604-1115,"Texturina-VariableFont_opsz,wght.ttf",https://fonts.gstatic.com/s/texturina/v32/c4mi1nxpEtL3pXiAulRJmq159KOnWA.ttf,
Thasadith,Sans Serif,Thai,INFO,tight,-0.486,22,25.7,12,0.65,0.915,20,,2026-10-08-0604-1115,Thasadith-Regular.ttf,https://fonts.gstatic.com/s/thasadith/v13/mtG44_1TIqPYrd_f5R1YsEkU0CWuFw.ttf,
The Girl Next Door,Handwriting,,INFO,tight,-0.301,30.8,,17.9,,,63,,2026-10-08-0604-1115,TheGirlNextDoor-Regular.ttf,https://fonts.gstatic.com/s/thegirlnextdoor/v25/pe0zMJCIMIsBjFxqYBIcZ6_OI5oFHCYIV7t7w6bE2A.ttf,
The Nautigal,Handwriting,,INFO,tight,-6,76.6,99.4,71.7,0.033,0.533,,,2026-10-08-0604-1115,TheNautigal-Regular.ttf,https://fonts.gstatic.com/s/thenautigal/v8/VdGZAZ8ZH51Lvng9fQV2bfKr5wVk09Se5Q.ttf,
Tienne,Serif,,INFO,loose,0.187,20.7,40.8,12,0.959,1,37,70,2026-10-08-0604-1115,Tienne-Regular.ttf,https://fonts.gstatic.com/s/tienne/v21/AYCKpX7pe9YCRP0LkEPHSFNyxw.ttf,
TikTok Sans,Sans Serif,,WARN,tight,-0.275,13,14.5,9.5,0.742,0.48,86,80,2026-10-08-0604-1115,"TikTokSans-VariableFont_opsz,slnt,wdth,wght.ttf",https://fonts.gstatic.com/s/tiktoksans/v8/70lXu7g-Lm8OXGnh_Ow1sV3OEJeJRVdC.ttf,WARN spacing/instances: 2 locations of the designspace are spaced far from the norms or from their neighbours: wdth 150 (max) (shape error 23.4); opsz 12 · wdth 150 · wght 300 · slnt 0 (shape error 30.9).
Tillana,Display,Deva,WARN,standard,-0.108,35.6,,28.6,,,8,,2026-10-08-0604-1115,Tillana-Regular.ttf,https://fonts.gstatic.com/s/tillana/v15/VuJxdNvf35P4qJ1OeKbXOIFneRo.ttf,"WARN spacing/glyph-sides: 5 glyph sides are spaced far from the norms of Display fonts (units per 1000 em against their median): J right -86, ’ left +123, ( left +141, Y left +109, ' right -90."
Tilt Neon,Display,,INFO,standard,0.105,19,21.8,11.2,0.591,0.508,52,70,2026-10-08-0604-1115,"TiltNeon-Regular-VariableFont_XROT,YROT.ttf",https://fonts.gstatic.com/s/tiltneon/v12/E21l_d7gguXdwD9LEFYsUwVUAuu3cw.ttf,
Tilt Prism,Display,,INFO,tight,-1.019,17.5,18.4,9.6,0.683,0.364,59,70,2026-10-08-0604-1115,"TiltPrism-Regular-VariableFont_XROT,YROT.ttf",https://fonts.gstatic.com/s/tiltprism/v16/5h1fiZgyPHoZ3YikNzWGZ2yQCUZIv3A.ttf,
Tilt Warp,Display,,WARN,loose,0.652,15.4,21.6,9.7,0.696,0.638,69,80,2026-10-08-0604-1115,"TiltWarp-Regular-VariableFont_XROT,YROT.ttf",https://fonts.gstatic.com/s/tiltwarp/v18/AlZy_zVDs5XpmO7yn3whdXf4XB0Tow.ttf,WARN spacing/instances: 2 locations of the designspace are spaced far from the norms or from their neighbours: XROT -45 (min) (shape error 24.4); XROT 45 (max) (shape error 25.4).
Timmana,Sans Serif,Telu,INFO,loose,0.52,22.7,,11,,,16,,2026-10-08-0604-1115,Timmana-Regular.ttf,https://fonts.gstatic.com/s/timmana/v14/6xKvdShfL9yK-rvpCmvbKHwJUOM.ttf,
Tinos,Serif,,INFO,standard,0.102,18.3,35.9,10,0.789,0.959,61,70,2026-10-08-0604-1115,Tinos-Regular.ttf,https://fonts.gstatic.com/s/tinos/v26/buE4poGnedXvwgX8dGVh8TI-.ttf,
Tiny5,Sans Serif,,WARN,loose,1.163,20.6,,64.5,,,26,60,2026-10-08-0604-1115,Tiny5-Regular.ttf,https://fonts.gstatic.com/s/tiny5/v3/KFOpCnmCvdGT7hw-z0hHAi88.ttf,"WARN spacing/tightness: Overall tightness: Looseness +1.16 is at the 98th percentile of Sans Serif fonts (median +0.03, robust z +3.8). | WARN spacing/glyph-sides: 61 glyph sides are spaced far from the norms of Sans Serif fonts (units per 1000 em against their median): s right +79, p right +83, b right +83, o right +82, U left -84, e right +76, I left -96, M left -93."
Tiro Bangla,Serif,Beng,INFO,standard,0.02,23.9,32.1,14.1,0.81,0.876,18,,2026-10-08-0604-1115,TiroBangla-Regular.ttf,https://fonts.gstatic.com/s/tirobangla/v8/IFSgHe1Tm95E3O8b5i2V8MG9-UPeuz4i.ttf,
Tiro Devanagari Hindi,Serif,Deva,INFO,standard,0.02,23.9,32.1,14.1,0.81,0.876,18,,2026-10-08-0604-1115,TiroDevanagariHindi-Regular.ttf,https://fonts.gstatic.com/s/tirodevanagarihindi/v7/55xyezN7P8T4e0_CfIJrwdodg9HoYw0i-M9fSOkOfG0Y3A.ttf,
Tiro Devanagari Marathi,Serif,Deva,INFO,standard,0.02,24,32.2,14.1,0.792,0.877,17,,2026-10-08-0604-1115,TiroDevanagariMarathi-Regular.ttf,https://fonts.gstatic.com/s/tirodevanagarimarathi/v7/fC1xPZBSZHrRhS3rd4M0MAPNJUHl4znXCxAkotDrDJYM2lAZ.ttf,
Tiro Devanagari Sanskrit,Serif,Deva,INFO,standard,0.02,23.9,32.1,14.1,0.81,0.876,18,,2026-10-08-0604-1115,TiroDevanagariSanskrit-Regular.ttf,https://fonts.gstatic.com/s/tirodevanagarisanskrit/v7/MCoAzBbr09vVUgVBM8FWu_yZdZkhkg-I0nUlb59pEoEqgtOh0w.ttf,
Tiro Gurmukhi,Serif,Guru,INFO,standard,0.02,23.9,32.1,14.1,0.81,0.876,18,,2026-10-08-0604-1115,TiroGurmukhi-Regular.ttf,https://fonts.gstatic.com/s/tirogurmukhi/v8/x3dmckXSYq-Uqjc048JUF7Jvly7HAQsyA2Y.ttf,
Tiro Kannada,Serif,Knda,INFO,standard,0.02,23.9,32.1,14.1,0.81,0.876,18,,2026-10-08-0604-1115,TiroKannada-Regular.ttf,https://fonts.gstatic.com/s/tirokannada/v6/CSR44ztKmvqaDxEDJFY7CIYKSPl6tOU9Eg.ttf,
Tiro Tamil,Serif,Taml,INFO,standard,0.02,23.9,32.1,14.1,0.81,0.876,18,,2026-10-08-0604-1115,TiroTamil-Regular.ttf,https://fonts.gstatic.com/s/tirotamil/v11/m8JXjfVIf7OT22n3M-S_ULRvamODxdI.ttf,
Tiro Telugu,Serif,Telu,INFO,standard,0.02,23.9,32.1,14.1,0.81,0.876,18,,2026-10-08-0604-1115,TiroTelugu-Regular.ttf,https://fonts.gstatic.com/s/tirotelugu/v7/aFTQ7PxlZWk2EPiSymjXdKSNQqn0X0BO.ttf,
Tirra,Sans Serif,Tfng,INFO,standard,0.129,16.9,,10.7,,,52,,2026-10-08-0604-1115,Tirra-Regular.ttf,https://fonts.gstatic.com/s/tirra/v2/WBLrrEnNakREGrPF3AHdWn3J.ttf,
Titan One,Display,,INFO,loose,0.405,8.8,34,4.4,0.883,0.662,99,100,2026-10-08-0604-1115,TitanOne-Regular.ttf,https://fonts.gstatic.com/s/titanone/v17/mFTzWbsGxbbS_J5cQcjykzIn2Etikg.ttf,
Titillium Web,Sans Serif,,INFO,standard,-0.21,12.9,17.1,7.8,0.609,0.751,87,80,2026-10-08-0604-1115,TitilliumWeb-Regular.ttf,https://fonts.gstatic.com/s/titilliumweb/v19/NaPecZTIAOhVxoMyOr9n_E7fRMTsDIRSfr0.ttf,
Tomorrow,Sans Serif,,INFO,standard,-0.15,19.5,17.4,11.5,0.801,0.626,32,70,2026-10-08-0604-1115,Tomorrow-Regular.ttf,https://fonts.gstatic.com/s/tomorrow/v19/WBLmrETNbFtZCeGqgSXVcWHALdio.ttf,
Tourney,Display,,INFO,tight,-0.685,23.1,18.5,14.7,0.824,0.694,30,70,2026-10-08-0604-1115,"Tourney-VariableFont_wdth,wght.ttf",https://fonts.gstatic.com/s/tourney/v16/AlZw_ztDtYzv1tzqzQwrcVX9TB0.ttf,
Trade Winds,Display,,INFO,tight,-6,65.6,,54.7,,,,,2026-10-08-0604-1115,TradeWinds-Regular.ttf,https://fonts.gstatic.com/s/tradewinds/v18/AYCPpXPpYNIIT7h8-QenM3Jq7PKP5Z_G.ttf,
Train One,Display,Jpan,INFO,tight,-0.386,21.9,,12.1,,,37,,2026-10-08-0604-1115,TrainOne-Regular.ttf,https://fonts.gstatic.com/s/trainone/v17/gyB-hwkiNtc6KnxUVjWHOqbZRY7JVQ.ttf,
Triodion,Display,Cyrl,INFO,standard,0.074,21,,11.7,,,41,,2026-10-08-0604-1115,Triodion-Regular.ttf,https://fonts.gstatic.com/s/triodion/v3/IFSnHe5TgMVEmMQV5mr5u-W10l_X.ttf,
Trirong,Serif,Thai,INFO,standard,-0.158,18.8,21.9,11.4,0.73,0.981,55,,2026-10-08-0604-1115,Trirong-Regular.ttf,https://fonts.gstatic.com/s/trirong/v17/7r3GqXNgp8wxdOdOr4wi2aZg-ug.ttf,
Trispace,Sans Serif,,FAIL,loose,1.502,54.1,57.3,35.5,0.479,0.702,0,20,2026-10-08-0604-1115,"Trispace-VariableFont_wdth,wght.ttf",https://fonts.gstatic.com/s/trispace/v27/Yq6X-LKSQC3o56Lxxh5gluJSlggt.ttf,"WARN spacing/tightness: Overall tightness: Looseness +1.50 is at the 100th percentile of Sans Serif fonts (median +0.03, robust z +5.0). | FAIL spacing/evenness: Shape error 54.1 units per 1000 em (gaps that depart from even spacing of these shapes): 100th percentile of Sans Serif fonts (median 17.0, robust z +8.3). | WARN spacing/glyph-sides: 11 glyph sides are spaced far from the norms of Sans Serif fonts (units per 1000 em against their median): m left -75, O left -63, Q left -63, : right +98, . right +86, O right -61, ' left +102, ( left +139. | WARN spacing/pairs: 83 pairs are spaced far from how Sans Serif fonts usually compare with the model (units per 1000 em, + looser): Om -138, fm -156, mO -124, Sm -105, mQ -124, Gm -133, Wi -127, Qm -136, :r +138, mG -107. | WARN spacing/instances: 3 locations of the designspace are spaced far from the norms or from their neighbours: ExtraBold (spacing jumps against its neighbours); wdth 75 (min) (spacing jumps against its neighbours); wdth 125 (max) (shape error 101.1)."
Trocchi,Serif,,INFO,standard,-0.091,23.2,32,10.3,0.688,0.858,21,60,2026-10-08-0604-1115,Trocchi-Regular.ttf,https://fonts.gstatic.com/s/trocchi/v19/qWcqB6WkuIDxDZLcDrtUvMeTYD0.ttf,
Trochut,Display,,INFO,standard,0.155,17,32.8,9.3,0.715,0.955,61,70,2026-10-08-0604-1115,Trochut-Regular.ttf,https://fonts.gstatic.com/s/trochut/v24/CHyjV-fDDlP9bDIw5nSIfVIPLns.ttf,
Truculenta,Sans Serif,,INFO,loose,0.835,23.2,22.1,14.1,0.775,0.61,14,60,2026-10-08-0604-1115,"Truculenta-VariableFont_opsz,wdth,wght.ttf",https://fonts.gstatic.com/s/truculenta/v27/LhWgMVvBKusVIfNYGi1-QP93NtmZmu8.ttf,
Trykker,Serif,,INFO,loose,0.266,25.3,129,15.1,0.964,1,12,60,2026-10-08-0604-1115,Trykker-Regular.ttf,https://fonts.gstatic.com/s/trykker/v22/KtktALyWZJXudUPzhNnoOd2j22U.ttf,
Tsukimi Rounded,Sans Serif,Hira,WARN,standard,0.224,36.8,22.1,21.4,0.652,0.844,2,,2026-10-08-0604-1115,TsukimiRounded-Regular.ttf,https://fonts.gstatic.com/s/tsukimirounded/v14/sJoc3LJNksWZO0LvnZwkF3HtoB7tPXMOP5gP1A.ttf,"WARN spacing/evenness: Shape error 36.8 units per 1000 em (gaps that depart from even spacing of these shapes): 98th percentile of Sans Serif fonts (median 17.0, robust z +4.5)."
Tuffy,Sans Serif,,INFO,standard,-0.172,25.5,25.7,14.1,0.848,0.857,9,60,2026-10-08-0604-1115,Tuffy-Regular.ttf,https://fonts.gstatic.com/s/tuffy/v1/1q2IY56bHkJl7rxzF4xmyfYe.ttf,
Tulpen One,Display,,INFO,tight,-0.319,7.9,14,4.8,0.435,0.621,100,100,2026-10-08-0604-1115,TulpenOne-Regular.ttf,https://fonts.gstatic.com/s/tulpenone/v26/dFa6ZfeC474skLgesc0CWj0w_HyIRlE.ttf,
Turret Road,Display,,INFO,tight,-0.866,34.1,30.4,22.3,0.746,0.755,9,60,2026-10-08-0604-1115,TurretRoad-Regular.ttf,https://fonts.gstatic.com/s/turretroad/v11/pxiAypMgpcBFjE84Zv-fE3tFOvODSVFF.ttf,
Twinkle Star,Handwriting,,INFO,tight,-0.865,36.2,30.8,23.1,0.226,0.493,51,,2026-10-08-0604-1115,TwinkleStar-Regular.ttf,https://fonts.gstatic.com/s/twinklestar/v8/pe0pMI6IL4dPoFl9LGEmY6WaA_Rue1UwVg.ttf,
Ubuntu,Sans Serif,,INFO,standard,0.068,13.7,15.4,8.7,0.837,0.734,81,80,2026-10-08-0604-1115,Ubuntu-Regular.ttf,https://fonts.gstatic.com/s/ubuntu/v21/4iCs6KVjbNBYlgo6eAT3v02QFg.ttf,
Ubuntu Condensed,Sans Serif,,INFO,loose,0.666,15.6,18.3,11.5,0.767,0.606,68,80,2026-10-08-0604-1115,UbuntuCondensed-Regular.ttf,https://fonts.gstatic.com/s/ubuntucondensed/v17/u-4k0rCzjgs5J7oXnJcM_0kACGMtf-fVqvHoJXw.ttf,
Ubuntu Mono,Monospace,,SKIP,,,,,,,,,,,UbuntuMono-Regular.ttf,https://fonts.gstatic.com/s/ubuntumono/v19/KFOjCneDtsqEr0keqCMhbBc9AMX6lJBP.ttf,"SKIP spacing/monospaced: Skipped: every letter has the same advance width, so the spacing is set by the width, not by sidebearings and kerning."
Ubuntu Sans,Sans Serif,,INFO,standard,-0.064,14.2,17,9.1,0.805,0.654,77,80,2026-10-08-0604-1115,"UbuntuSans-VariableFont_wdth,wght.ttf",https://fonts.gstatic.com/s/ubuntusans/v4/co3CmWd6mSRtB7_9UaLWwIPJiXzr6FTJ.ttf,
Ubuntu Sans Mono,Monospace,,SKIP,,,,,,,,,,,UbuntuSansMono-VariableFont_wght.ttf,https://fonts.gstatic.com/s/ubuntusansmono/v3/jVyR7mzgBHrR5yE7ZyRg0QRJMKI41g3CfRXxWZQ.ttf,"SKIP spacing/monospaced: Skipped: every letter has the same advance width, so the spacing is set by the width, not by sidebearings and kerning."
Uchen,Serif,Tibt,INFO,standard,0.004,21.3,,11.3,,,33,,2026-10-08-0604-1115,Uchen-Regular.ttf,https://fonts.gstatic.com/s/uchen/v11/nKKZ-GokGZ1baIaSEQGodLxA.ttf,
Ultra,Serif,,INFO,loose,0.539,18.4,15,11,0.887,0.822,59,70,2026-10-08-0604-1115,Ultra-Regular.ttf,https://fonts.gstatic.com/s/ultra/v25/zOLy4prXmrtY-tT6yLOD6NxF.ttf,
Unbounded,Sans Serif,,INFO,tight,-0.592,14.2,18,8.1,0.839,0.711,77,80,2026-10-08-0604-1115,Unbounded-VariableFont_wght.ttf,https://fonts.gstatic.com/s/unbounded/v12/Yq6W-LOTXCb04q32xlpAvMxenxE0SA.ttf,
Uncial Antiqua,Display,,INFO,standard,-0.212,15.4,18.9,8.7,0.726,0.878,69,80,2026-10-08-0604-1115,UncialAntiqua-Regular.ttf,https://fonts.gstatic.com/s/uncialantiqua/v22/N0bM2S5WOex4OUbESzoESK-i-PfRS5VBBSSF.ttf,
Underdog,Display,,INFO,standard,0.062,19.6,22,12.2,0.59,0.819,49,70,2026-10-08-0604-1115,Underdog-Regular.ttf,https://fonts.gstatic.com/s/underdog/v24/CHygV-jCElj7diMroVSiU14GN2Il.ttf,
Unica One,Display,,INFO,loose,0.869,14.1,42.8,9.4,0.048,0.886,77,80,2026-10-08-0604-1115,UnicaOne-Regular.ttf,https://fonts.gstatic.com/s/unicaone/v20/DPEuYwWHyAYGVTSmalshdtffuEY7FA.ttf,
UnifrakturCook,Display,,WARN,standard,0.063,19.9,68.2,7,0.168,0.417,47,60,2026-10-08-0604-1115,UnifrakturCook-Bold.ttf,https://fonts.gstatic.com/s/unifrakturcook/v25/IurA6Yli8YOdcoky-0PTTdkm56n05Uw13ILXs-h6.ttf,"WARN spacing/pairs: 66 pairs are spaced far from how Display fonts usually compare with the model (units per 1000 em, + looser): Qz -410, Qp -398, Qg -413, Qf -403, Qq -360, QZ -405, Qh -324, Qy -406, QY -412, QA -407."
UnifrakturMaguntia,Display,,INFO,standard,-0.094,16.6,,10,,,64,70,2026-10-08-0604-1115,UnifrakturMaguntia-Regular.ttf,https://fonts.gstatic.com/s/unifrakturmaguntia/v22/WWXPlieVYwiGNomYU-ciRLRvEmK7oaVun2xNNgNa1A.ttf,
Unkempt,Display,,WARN,tight,-1.844,42.4,33.8,30,0.339,0.849,4,50,2026-10-08-0604-1115,Unkempt-Regular.ttf,https://fonts.gstatic.com/s/unkempt/v22/2EbnL-Z2DFZue0DSSYYf8z2Yt_c.ttf,"WARN spacing/glyph-sides: 5 glyph sides are spaced far from the norms of Display fonts (units per 1000 em against their median): W left -154, V left -140, Y left -151, W right -118, Y right -148. | WARN spacing/pairs: 62 pairs are spaced far from how Display fonts usually compare with the model (units per 1000 em, + looser): YI -246, YR -247, YN -242, YH -215, NY -234, YW -341, WW -309, YF -212, WR -216, WN -231."
Unlock,Display,,INFO,loose,0.27,20.2,35,14.9,0.564,0.813,45,70,2026-10-08-0604-1115,Unlock-Regular.ttf,https://fonts.gstatic.com/s/unlock/v28/7Au-p_8ykD-cDl7GKAjSwkUVOQ.ttf,
Unna,Serif,,INFO,standard,-0.026,16.9,25.2,11,0.838,0.899,75,80,2026-10-08-0604-1115,Unna-Regular.ttf,https://fonts.gstatic.com/s/unna/v25/AYCEpXzofN0NCpgBlGHCWFM.ttf,
UoqMunThenKhung,Serif,Hant,INFO,loose,0.366,31.3,,19.6,,,4,,2026-10-08-0604-1115,UoqMunThenKhung-Regular.ttf,https://fonts.gstatic.com/s/uoqmunthenkhung/v4/Y4GTYa1nVTQLt-D5LoLChg5aJjIjwLL9Th8YYA.ttf,
Updock,Handwriting,,INFO,tight,-6,60.3,60.1,39.2,0.519,0.599,,,2026-10-08-0604-1115,Updock-Regular.ttf,https://fonts.gstatic.com/s/updock/v7/nuF4D_3dVZ70UI9SjLK3602XBw.ttf,
Urbanist,Sans Serif,,INFO,tight,-0.361,25.8,21.3,17.2,0.721,0.354,8,60,2026-10-08-0604-1115,Urbanist-VariableFont_wght.ttf,https://fonts.gstatic.com/s/urbanist/v18/L0x-DF02iFML4hGCyPqiZyxEimK3.ttf,
Valley Sans,Sans Serif,,INFO,standard,-0.033,16.9,18.1,10.7,0.712,0.318,52,70,2026-10-08-0604-1115,ValleySans-VariableFont_wght.ttf,https://fonts.gstatic.com/s/valleysans/v2/rax5Hieas9oNPmLLK80CdxhasU7Q8Cad.ttf,
Vampiro One,Display,,INFO,tight,-6,73.5,,39.2,,,,,2026-10-08-0604-1115,VampiroOne-Regular.ttf,https://fonts.gstatic.com/s/vampiroone/v19/gokqH6DoDl5yXvJytFsdLkqnsvhIor3K.ttf,
Varela,Sans Serif,,INFO,standard,-0.105,17,,8.5,,,50,70,2026-10-08-0604-1115,Varela-Regular.ttf,https://fonts.gstatic.com/s/varela/v17/DPEtYwqExx0AWHXJBBQFfvzDsQ.ttf,
Varela Round,Sans Serif,,INFO,standard,-0.107,16,18.8,7.7,0.678,0.468,62,70,2026-10-08-0604-1115,VarelaRound-Regular.ttf,https://fonts.gstatic.com/s/varelaround/v21/w8gdH283Tvk__Lua32TysjIvoMGOD9gxZw.ttf,
Varta,Sans Serif,,INFO,standard,0.097,15.9,19.1,10.3,0.739,0.673,64,70,2026-10-08-0604-1115,Varta-VariableFont_wght.ttf,https://fonts.gstatic.com/s/varta/v25/Qw3TZQpJHj_6LyvfvPVDMPoF.ttf,
Vast Shadow,Serif,,INFO,standard,0.113,24.2,,17.7,,,17,60,2026-10-08-0604-1115,VastShadow-Regular.ttf,https://fonts.gstatic.com/s/vastshadow/v21/pe0qMImKOZ1V62ZwbVY9dfe6Kdpickwp.ttf,
Vazirmatn,Sans Serif,Arab,INFO,standard,0.098,14.3,18.6,7.1,0.69,0.861,77,,2026-10-08-0604-1115,Vazirmatn-VariableFont_wght.ttf,https://fonts.gstatic.com/s/vazirmatn/v16/Dxxo8j6PP2D_kU2muijVGs-XAmn4eg.ttf,
Vend Sans,Sans Serif,,INFO,tight,-0.1,16.4,16.2,10.1,0.738,0.317,57,70,2026-10-08-0604-1115,VendSans-VariableFont_wght.ttf,https://fonts.gstatic.com/s/vendsans/v1/E21l_d7ijufNwCJPEUssUwVUAuu3cw.ttf,
Vesper Libre,Serif,Deva,INFO,loose,0.218,20.1,30.9,12.3,0.509,0.863,45,,2026-10-08-0604-1115,VesperLibre-Regular.ttf,https://fonts.gstatic.com/s/vesperlibre/v21/bx6CNxyWnf-uxPdXDHUD_Rd4D0-N2qIWVQ.ttf,
Viaoda Libre,Display,,INFO,tight,-0.442,24.3,24,14.9,0.738,0.676,26,70,2026-10-08-0604-1115,ViaodaLibre-Regular.ttf,https://fonts.gstatic.com/s/viaodalibre/v20/vEFW2_lWCgoR6OKuRz9kcRVJb2IY2tOHXg.ttf,
Vibes,Display,Arab,WARN,tight,-1.335,36,,22.8,,,7,,2026-10-08-0604-1115,Vibes-Regular.ttf,https://fonts.gstatic.com/s/vibes/v16/QdVYSTsmIB6tmbd3HpbsuBlh.ttf,"WARN spacing/pairs: 21 pairs are spaced far from how Display fonts usually compare with the model (units per 1000 em, + looser): t: +182, :w -175, :t -167, :h -181, :r -182, :m -180, :f -168, :z -148, :n -180, :l -185."
Vibur,Handwriting,,INFO,standard,-0.112,62.4,61.9,42.6,0.592,0.699,15,,2026-10-08-0604-1115,Vibur-Regular.ttf,https://fonts.gstatic.com/s/vibur/v24/DPEiYwmEzw0QRjTpLjoJd-Xa.ttf,
Victor Mono,Monospace,,SKIP,,,,,,,,,,,VictorMono-VariableFont_wght.ttf,https://fonts.gstatic.com/s/victormono/v5/Yq6Q-LGQWyfv-LGy7lEO08ZavRQkSKZH.ttf,"SKIP spacing/monospaced: Skipped: every letter has the same advance width, so the spacing is set by the width, not by sidebearings and kerning."
Vidaloka,Serif,,INFO,standard,0.069,13.1,15.9,8.9,0.746,0.821,95,90,2026-10-08-0604-1115,Vidaloka-Regular.ttf,https://fonts.gstatic.com/s/vidaloka/v19/7cHrv4c3ipenMKlEass8yn4hnCci.ttf,
Viga,Sans Serif,,INFO,loose,0.623,19.2,,12.8,,,33,70,2026-10-08-0604-1115,Viga-Regular.ttf,https://fonts.gstatic.com/s/viga/v15/xMQbuFFdSaiX_QIjD4e2OX8.ttf,
Vina Sans,Display,,INFO,loose,1.63,14.7,13.2,7.1,0.761,0.163,73,80,2026-10-08-0604-1115,VinaSans-Regular.ttf,https://fonts.gstatic.com/s/vinasans/v8/m8JQjfZKf6-d2273MP7zcJ5BZmqa3A.ttf,
Voces,Sans Serif,,INFO,standard,0.036,16.8,22.9,10.9,0.851,0.84,52,70,2026-10-08-0604-1115,Voces-Regular.ttf,https://fonts.gstatic.com/s/voces/v24/-F6_fjJyLyU8d4PBBG7YpzlJ.ttf,
Volkhov,Serif,,INFO,loose,0.364,15.6,17.9,10.4,0.712,0.894,87,80,2026-10-08-0604-1115,Volkhov-Regular.ttf,https://fonts.gstatic.com/s/volkhov/v18/SlGQmQieoJcKemNeQTIOhHxzcD0.ttf,
Vollkorn,Serif,,INFO,loose,0.651,21.9,32.6,11.7,0.741,0.742,29,70,2026-10-08-0604-1115,Vollkorn-VariableFont_wght.ttf,https://fonts.gstatic.com/s/vollkorn/v30/0yb9GDoxxrvAnPhYGykuYkw2rQg1.ttf,
Vollkorn SC,Serif,,INFO,loose,0.819,27,42.9,16.6,0.542,0.691,9,60,2026-10-08-0604-1115,VollkornSC-Regular.ttf,https://fonts.gstatic.com/s/vollkornsc/v12/j8_v6-zQ3rXpceZj9cqnVhF5NH-iSq_E.ttf,
Voltaire,Sans Serif,,INFO,loose,0.853,15.5,15.4,13.9,0.585,0.25,69,80,2026-10-08-0604-1115,Voltaire-Regular.ttf,https://fonts.gstatic.com/s/voltaire/v23/1Pttg8PcRfSblAvGvQooYKVnBOif.ttf,
VT323,Monospace,,SKIP,,,,,,,,,,,VT323-Regular.ttf,https://fonts.gstatic.com/s/vt323/v18/pxiKyp0ihIEF2hsYHpT2dkNE.ttf,"SKIP spacing/monospaced: Skipped: every letter has the same advance width, so the spacing is set by the width, not by sidebearings and kerning."
Vujahday Script,Handwriting,,INFO,tight,-6,85.9,70.4,81.3,0.432,0.922,,,2026-10-08-0604-1115,VujahdayScript-Regular.ttf,https://fonts.gstatic.com/s/vujahdayscript/v10/RWmQoKGA8fEkrIPtSZ3_J7er2dUiDEtvAlaMKw.ttf,
Waiting for the Sunrise,Handwriting,,INFO,tight,-0.51,29.5,,15.7,,,65,,2026-10-08-0604-1115,WaitingfortheSunrise-Regular.ttf,https://fonts.gstatic.com/s/waitingforthesunrise/v23/WBL1rFvOYl9CEv2i1mO6KUW8RKWJ2zoXoz5JsYZQ9h_ZYk5J.ttf,
Wallpoet,Display,,INFO,standard,-0.014,29.5,44.1,15,0.632,0.247,13,60,2026-10-08-0604-1115,Wallpoet-Regular.ttf,https://fonts.gstatic.com/s/wallpoet/v21/f0X10em2_8RnXVVdUNbu7cXP8L8G.ttf,
Walter Turncoat,Handwriting,,INFO,tight,-0.619,20.5,16.3,14.5,0.712,0.79,88,,2026-10-08-0604-1115,WalterTurncoat-Regular.ttf,https://fonts.gstatic.com/s/walterturncoat/v24/snfys0Gs98ln43n0d-14ULoToe67YB2dQ5ZPqQ.ttf,
Warnes,Display,,INFO,tight,-6,71,56.3,128.7,0.655,0.154,,,2026-10-08-0604-1115,Warnes-Regular.ttf,https://fonts.gstatic.com/s/warnes/v29/pONn1hc0GsW6sW5OpiC2o6Lkqg.ttf,
Water Brush,Handwriting,,INFO,tight,-6,68.6,114.6,64.4,0.344,0.506,,,2026-10-08-0604-1115,WaterBrush-Regular.ttf,https://fonts.gstatic.com/s/waterbrush/v6/AYCPpXPqc8cJWLhp4hywKHJq7PKP5Z_G.ttf,
Waterfall,Handwriting,,INFO,tight,-6,55.7,124.9,40.2,0.448,1,,,2026-10-08-0604-1115,Waterfall-Regular.ttf,https://fonts.gstatic.com/s/waterfall/v8/MCoRzAfo293fACdFKcwY2rH8D_EZwA.ttf,
Wavefont,Display,,SKIP,,,,,,,,,,,"Wavefont-VariableFont_ROND,YELA,wght.ttf",https://fonts.gstatic.com/s/wavefont/v20/L0x-DF00m0cP6hefyPqiZyxEimK3.ttf,"SKIP spacing/monospaced: Skipped: every letter has the same advance width, so the spacing is set by the width, not by sidebearings and kerning."
WDXL Lubrifont JP N,Sans Serif,Jpan,INFO,standard,0.241,19.5,,13.2,,,32,,2026-10-08-0604-1115,WDXLLubrifontJPN-Regular.ttf,https://fonts.gstatic.com/s/wdxllubrifontjpn/v3/8At1GtSkFqazDiO949fzWta9_T-SVxJiIZctoLhFRNU.ttf,
WDXL Lubrifont SC,Sans Serif,Hans,WARN,standard,0.408,20.1,,17.9,,,29,,2026-10-08-0604-1115,WDXLLubrifontSC-Regular.ttf,https://fonts.gstatic.com/s/wdxllubrifontsc/v3/gNMeW2VmY6acu0XtugFrduDciOOyfny5mD9ASHz5.ttf,WARN spacing/glyph-sides: 1 sidebearing is far outside the norms of Sans Serif fonts (units per 1000 em against their median): ’ right +549.
WDXL Lubrifont TC,Sans Serif,Hant,INFO,standard,0.241,19.5,,13.2,,,32,,2026-10-08-0604-1115,WDXLLubrifontTC-Regular.ttf,https://fonts.gstatic.com/s/wdxllubrifonttc/v7/nKKN-H4mPq1yJurnWXfJE8svQHonWc_-EqxyqaA8.ttf,
Wellfleet,Serif,,INFO,loose,0.533,18.9,,12.7,,,54,70,2026-10-08-0604-1115,Wellfleet-Regular.ttf,https://fonts.gstatic.com/s/wellfleet/v25/nuF7D_LfQJb3VYgX6eyT42aLDhO2HA.ttf,
Wendy One,Sans Serif,,INFO,loose,0.173,13.2,27.2,8.5,,0.5,84,80,2026-10-08-0604-1115,WendyOne-Regular.ttf,https://fonts.gstatic.com/s/wendyone/v20/2sDcZGJOipXfgfXV5wgDb2-4C7wFZQ.ttf,
Whisper,Handwriting,,INFO,tight,-6,74.3,65.8,72.5,0.536,0.67,,,2026-10-08-0604-1115,Whisper-Regular.ttf,https://fonts.gstatic.com/s/whisper/v7/q5uHsoqtKftx74K9milCBxxdmYU.ttf,
WindSong,Handwriting,,INFO,tight,-6,112.4,110.1,141.4,0.08,0.326,,,2026-10-08-0604-1115,WindSong-Regular.ttf,https://fonts.gstatic.com/s/windsong/v13/KR1WBsyu-P-GFEW57r95HdG6vjH3.ttf,
Winky Rough,Sans Serif,,INFO,standard,0.05,16.3,16.4,12.3,0.726,0.267,58,70,2026-10-08-0604-1115,WinkyRough-VariableFont_wght.ttf,https://fonts.gstatic.com/s/winkyrough/v4/t5tkIRwIMoSXA0WSPBjQxIbo5z3nq4OH.ttf,
Winky Sans,Sans Serif,,INFO,standard,0.01,19.9,38.8,12.7,0.787,0.558,30,70,2026-10-08-0604-1115,WinkySans-VariableFont_wght.ttf,https://fonts.gstatic.com/s/winkysans/v3/ll85K2SDUiG1Hpf2p06bB6oikgYbnRQ.ttf,
Wire One,Sans Serif,,INFO,tight,-0.674,11.1,18.1,6.9,0.587,0.668,93,90,2026-10-08-0604-1115,WireOne-Regular.ttf,https://fonts.gstatic.com/s/wireone/v30/qFdH35Wah5htUhV75WGiWdrCwwcJ.ttf,
Wittgenstein,Serif,,INFO,standard,0.051,28.7,37.2,16.2,0.702,0.599,6,60,2026-10-08-0604-1115,Wittgenstein-VariableFont_wght.ttf,https://fonts.gstatic.com/s/wittgenstein/v4/WBLirEDOakJCHParhXGwMgvoLOqtgE5h0A.ttf,
Wix Madefor Display,Sans Serif,,INFO,tight,-0.282,21.6,24.6,12.8,0.687,0.796,21,60,2026-10-08-0604-1115,WixMadeforDisplay-VariableFont_wght.ttf,https://fonts.gstatic.com/s/wixmadefordisplay/v12/SZcl3EX9IbbyeJ8aOluD52KXgUA_7Ed1OVbkA0VeBNE.ttf,
Wix Madefor Text,Sans Serif,,INFO,standard,0.092,16.6,19.9,8.9,0.725,0.854,55,70,2026-10-08-0604-1115,WixMadeforText-VariableFont_wght.ttf,https://fonts.gstatic.com/s/wixmadefortext/v17/-W_lXI_oSymQ8Qj-Apx3HGN_Hu1RViIb5gwfsj4.ttf,
Work Sans,Sans Serif,,INFO,loose,0.289,14.3,19.2,8.6,0.767,0.633,77,80,2026-10-08-0604-1115,WorkSans-VariableFont_wght.ttf,https://fonts.gstatic.com/s/worksans/v24/QGYsz_wNahGAdqQ43RhPe6rol_lQ4A.ttf,
Workbench,Monospace,,SKIP,,,,,,,,,,,"Workbench-Regular-VariableFont_BLED,SCAN.ttf",https://fonts.gstatic.com/s/workbench/v3/FeVSS05Gp6Et7FcfbPFQ3Z5nm29Gww.ttf,"SKIP spacing/monospaced: Skipped: every letter has the same advance width, so the spacing is set by the width, not by sidebearings and kerning."
Xanh Mono,Monospace,,SKIP,,,,,,,,,,,XanhMono-Regular.ttf,https://fonts.gstatic.com/s/xanhmono/v19/R70YjykVmvKCep-vWhSYmACQXzLhTg.ttf,"SKIP spacing/monospaced: Skipped: every letter has the same advance width, so the spacing is set by the width, not by sidebearings and kerning."
Yaldevi,Sans Serif,Sinh,INFO,standard,-0.154,20.2,23.1,12.6,0.623,0.559,28,,2026-10-08-0604-1115,Yaldevi-VariableFont_wght.ttf,https://fonts.gstatic.com/s/yaldevi/v17/cY9Ffj6VW0NMrDWtFtfgy9HTkak.ttf,
Yanone Kaffeesatz,Sans Serif,,INFO,standard,0.165,12.2,20,5.9,0.84,0.514,90,90,2026-10-08-0604-1115,YanoneKaffeesatz-VariableFont_wght.ttf,https://fonts.gstatic.com/s/yanonekaffeesatz/v34/3y976aknfjLm_3lMKjiMgmUUYBs04b8cFeulHc6N.ttf,
Yantramanav,Sans Serif,Deva,INFO,loose,0.305,23.4,25.6,12.6,0.752,0.869,13,,2026-10-08-0604-1115,Yantramanav-Regular.ttf,https://fonts.gstatic.com/s/yantramanav/v15/flU8Rqu5zY00QEpyWJYWN6f0V-dRCQ41.ttf,
Yarndings 12,Display,,INFO,loose,1.369,21.9,,13.5,,,37,70,2026-10-08-0604-1115,Yarndings12-Regular.ttf,https://fonts.gstatic.com/s/yarndings12/v4/55xreyp2N8T5P2LJbZAlkY9c8ZLMI2VUnQ.ttf,
Yarndings 12 Charted,Display,,INFO,tight,-6,0,,15.4,,,,,2026-10-08-0604-1115,Yarndings12Charted-Regular.ttf,https://fonts.gstatic.com/s/yarndings12charted/v4/eLGDP_DlKhO-DUfeqM4I_vDdJgmIh7hAvvbJ0t-dHaJH.ttf,
Yarndings 20,Display,,INFO,loose,0.727,13.5,,8,,,81,80,2026-10-08-0604-1115,Yarndings20-Regular.ttf,https://fonts.gstatic.com/s/yarndings20/v4/TuGWUVlkUohEQu8l7K8b-vNFB380PMTK1w.ttf,
Yarndings 20 Charted,Display,,INFO,tight,-6,0,,8.8,,,,,2026-10-08-0604-1115,Yarndings20Charted-Regular.ttf,https://fonts.gstatic.com/s/yarndings20charted/v4/QldRNSdbpg0G8vh0W2qxe0l-hcUPtY2VaLQm4UTqz5V9.ttf,
Yatra One,Display,Deva,INFO,loose,0.258,23.5,,13.5,,,29,,2026-10-08-0604-1115,YatraOne-Regular.ttf,https://fonts.gstatic.com/s/yatraone/v16/C8ch4copsHzj8p7NaF0xw1OBbRDvXw.ttf,
Yellowtail,Handwriting,,INFO,tight,-6,68.8,,92.7,,,,,2026-10-08-0604-1115,Yellowtail-Regular.ttf,https://fonts.gstatic.com/s/yellowtail/v25/OZpGg_pnoDtINPfRIlLotlzNwED-b4g.ttf,
Yeon Sung,Display,Kore,INFO,standard,0.129,19.9,,11.2,,,47,,2026-10-08-0604-1115,YeonSung-Regular.ttf,https://fonts.gstatic.com/s/yeonsung/v22/QldMNTpbohAGtsJvUn6xSVNazqx2xg.ttf,
Yeseva One,Display,,INFO,standard,0.135,18.8,24.1,12.3,0.844,0.72,53,70,2026-10-08-0604-1115,YesevaOne-Regular.ttf,https://fonts.gstatic.com/s/yesevaone/v24/OpNJno4ck8vc-xYpwWWxpipfWhXD00c.ttf,
Yesteryear,Handwriting,,INFO,tight,-6,55.5,58.8,44.2,0.442,0.738,,,2026-10-08-0604-1115,Yesteryear-Regular.ttf,https://fonts.gstatic.com/s/yesteryear/v21/dg4g_p78rroaKl8kRKo1r7wHTwonmyw.ttf,
Yomogi,Handwriting,Hira,SKIP,,,,,,,,,,,Yomogi-Regular.ttf,https://fonts.gstatic.com/s/yomogi/v13/VuJwdNrS2ZL7rpoPWIz5NIh-YA.ttf,"SKIP spacing/monospaced: Skipped: every letter has the same advance width, so the spacing is set by the width, not by sidebearings and kerning."
Young Serif,Serif,,INFO,standard,0.072,25,24.8,10.3,0.809,0.622,14,60,2026-10-08-0604-1115,YoungSerif-Regular.ttf,https://fonts.gstatic.com/s/youngserif/v2/3qTpojO2nS2VtkB3KtkQZ2t61EcYaQ7F.ttf,
Yrsa,Serif,,INFO,loose,0.362,13,15.2,7.9,0.689,0.623,95,90,2026-10-08-0604-1115,Yrsa-VariableFont_wght.ttf,https://fonts.gstatic.com/s/yrsa/v25/wlp-gwnQFlxs5QvV-IwQwWc.ttf,
Ysabeau,Sans Serif,,INFO,loose,0.349,18.4,21.9,10.6,0.771,0.763,39,70,2026-10-08-0604-1115,Ysabeau-VariableFont_wght.ttf,https://fonts.gstatic.com/s/ysabeau/v5/kmK9ZqEiBAXLcnuMpD1v0ybZuuQ.ttf,
Ysabeau Infant,Sans Serif,,INFO,loose,0.262,18.8,21.8,11,0.769,0.775,37,70,2026-10-08-0604-1115,YsabeauInfant-VariableFont_wght.ttf,https://fonts.gstatic.com/s/ysabeauinfant/v4/hv-PlzpqOkkV94kBTQVdX1EWI8p_dREcBXxP.ttf,
Ysabeau Office,Sans Serif,,INFO,loose,0.338,18.7,21.8,10.9,0.771,0.763,38,70,2026-10-08-0604-1115,YsabeauOffice-VariableFont_wght.ttf,https://fonts.gstatic.com/s/ysabeauoffice/v4/LDIrapaZKhM9RuQIp8FmdYrPPMLOub458jGL.ttf,
Ysabeau SC,Sans Serif,,WARN,loose,0.277,16.7,18.1,9.2,0.665,0.95,54,70,2026-10-08-0604-1115,YsabeauSC-VariableFont_wght.ttf,https://fonts.gstatic.com/s/ysabeausc/v4/Noa36Uro3JCIKAbW46nMuLl7OCZ4ihE.ttf,WARN spacing/instances: 1 location of the designspace is spaced far from the norms or from its neighbours: wght 1 (min) (shape error 31.0).
Yuji Boku,Serif,Jpan,WARN,loose,1.67,48.5,,31.5,,,1,,2026-10-08-0604-1115,YujiBoku-Regular.ttf,https://fonts.gstatic.com/s/yujiboku/v9/P5sAzZybeNzXsA9xj1Fkjb2r2dgvJA.ttf,"WARN spacing/tightness: Overall tightness: Looseness +1.67 is at the 100th percentile of Serif fonts (median +0.14, robust z +7.1). | WARN spacing/evenness: Shape error 48.5 units per 1000 em (gaps that depart from even spacing of these shapes): 99th percentile of Serif fonts (median 19.5, robust z +7.0). | WARN spacing/glyph-sides: 10 glyph sides are spaced far from the norms of Serif fonts (units per 1000 em against their median): ( left +166, O right -73, ) right +167, M left -81, R left -76, I right +68, . right +95, ’ right +106. | WARN spacing/pairs: 114 pairs are spaced far from how Serif fonts usually compare with the model (units per 1000 em, + looser): .( +265, S( +220, I( +219, ’I +194, )I +208, ;( +232, ,( +261, i( +199, I. +130, d( +187."
Yuji Hentaigana Akari,Handwriting,Hira,INFO,standard,-0.136,46.2,,28.3,,,36,,2026-10-08-0604-1115,YujiHentaiganaAkari-Regular.ttf,https://fonts.gstatic.com/s/yujihentaiganaakari/v15/cY9bfiyVT0VB6QuhWKOrpr6z58lnb_zYFnLIRTzODYALaA.ttf,
Yuji Hentaigana Akebono,Handwriting,Hira,INFO,standard,-0.136,46.2,,28.3,,,36,,2026-10-08-0604-1115,YujiHentaiganaAkebono-Regular.ttf,https://fonts.gstatic.com/s/yujihentaiganaakebono/v16/EJRGQhkhRNwM-RtitGUwh930GU_f5KAlkuL0wQy9NKXRzrrF.ttf,
Yuji Mai,Serif,Jpan,WARN,loose,1.253,38.9,,24.4,,,1,,2026-10-08-0604-1115,YujiMai-Regular.ttf,https://fonts.gstatic.com/s/yujimai/v9/ZgNQjPxdJ7DEHrS0gC38hmHmNpCO.ttf,"WARN spacing/tightness: Overall tightness: Looseness +1.25 is at the 100th percentile of Serif fonts (median +0.14, robust z +5.1). | WARN spacing/evenness: Shape error 38.9 units per 1000 em (gaps that depart from even spacing of these shapes): 99th percentile of Serif fonts (median 19.5, robust z +4.7). | WARN spacing/glyph-sides: 5 glyph sides are spaced far from the norms of Serif fonts (units per 1000 em against their median): ( left +164, ) right +166, . right +88, ’ right +102, , right +83. | WARN spacing/pairs: 57 pairs are spaced far from how Serif fonts usually compare with the model (units per 1000 em, + looser): .( +258, ;( +229, ,( +255, E( +158, y( +174, )( +328, d( +175, ); +232, )L +158, )l +165."
Yuji Syuku,Serif,Jpan,WARN,loose,1.819,34.1,,22.1,,,3,,2026-10-08-0604-1115,YujiSyuku-Regular.ttf,https://fonts.gstatic.com/s/yujisyuku/v9/BngNUXdTV3vO6Lw5ApOPqPfgwqiA-Rk.ttf,"WARN spacing/tightness: Overall tightness: Looseness +1.82 is at the 100th percentile of Serif fonts (median +0.14, robust z +7.7). | WARN spacing/evenness: Shape error 34.1 units per 1000 em (gaps that depart from even spacing of these shapes): 97th percentile of Serif fonts (median 19.5, robust z +3.5). | WARN spacing/glyph-sides: 3 glyph sides are spaced far from the norms of Serif fonts (units per 1000 em against their median): ( left +133, ) right +135, & left +115. | WARN spacing/pairs: 15 pairs are spaced far from how Serif fonts usually compare with the model (units per 1000 em, + looser): )& +248, .( +203, )v +156, )l +151, ,( +200, l& +131, )( +268, &( +213, ;( +172, v( +140."
Yusei Magic,Sans Serif,Jpan,WARN,standard,0.374,42.3,33,23.5,0.799,0.327,1,,2026-10-08-0604-1115,YuseiMagic-Regular.ttf,https://fonts.gstatic.com/s/yuseimagic/v17/yYLt0hbAyuCmoo5wlhPkpjHR-tdfcIT_.ttf,"WARN spacing/evenness: Shape error 42.3 units per 1000 em (gaps that depart from even spacing of these shapes): 99th percentile of Sans Serif fonts (median 17.0, robust z +5.7). | WARN spacing/glyph-sides: 1 sidebearing is far outside the norms of Sans Serif fonts (units per 1000 em against their median): "" right +154. | WARN spacing/pairs: 106 pairs are spaced far from how Sans Serif fonts usually compare with the model (units per 1000 em, + looser): ""f +203, ""Z +212, ""’ +352, ""( +323, ""x +187, ""t +204, ""X +211, )’ +348, j’ +209, ""l +178."
Yuyu,Handwriting,,INFO,loose,1.692,25.8,40.1,16.6,0.83,0.5,75,,2026-10-08-0604-1115,Yuyu-Regular.ttf,https://fonts.gstatic.com/s/yuyu/v2/cY9Kfj2VT1Zd6UPuMt_L19g.ttf,
Yuyu Short,Handwriting,,INFO,loose,0.823,29.3,30.5,19.1,0.929,0.515,68,,2026-10-08-0604-1115,YuyuShort-Regular.ttf,https://fonts.gstatic.com/s/yuyushort/v2/LDI3apKZLAsqA9YV6Px0M-OGXerPi7s.ttf,
Zain,Sans Serif,Arab,INFO,standard,0.02,19.2,23,10.9,0.749,0.694,33,,2026-10-08-0604-1115,Zain-Regular.ttf,https://fonts.gstatic.com/s/zain/v4/syk8-y9lm7soANLHkSKW5tM.ttf,
Zalando Sans,Sans Serif,,WARN,standard,0.011,17.6,19.7,10,0.82,0.8,45,70,2026-10-08-0604-1115,"ZalandoSans-VariableFont_wdth,wght.ttf",https://fonts.gstatic.com/s/zalandosans/v3/FwZc7-Asy1Em_lq_aK3hpr-LpWm6_K7bkA.ttf,WARN spacing/instances: 1 location of the designspace is spaced far from the norms or from its neighbours: wdth 125 (max) (shape error 27.6).
Zalando Sans Expanded,Sans Serif,,INFO,tight,-0.691,27.6,27,17.7,0.806,0.767,6,60,2026-10-08-0604-1115,ZalandoSansExpanded-VariableFont_wght.ttf,https://fonts.gstatic.com/s/zalandosansexpanded/v3/JTUJjJci8Cy470GaeFwsix1hi3aTmrgRwU-Dq0Y6QX5Mog.ttf,
Zalando Sans SemiExpanded,Sans Serif,,INFO,tight,-0.32,21.2,21.5,12.7,0.824,0.729,23,60,2026-10-08-0604-1115,ZalandoSansSemiExpanded-VariableFont_wght.ttf,https://fonts.gstatic.com/s/zalandosanssemiexpanded/v3/6qLSKYcHuh3msE9OaXROVVclRRa-ClZSEipa2hrE1xaBdpd7fjg.ttf,
ZCOOL KuaiLe,Sans Serif,Hans,WARN,tight,-0.253,36.3,,22.7,,,2,,2026-10-08-0604-1115,ZCOOLKuaiLe-Regular.ttf,https://fonts.gstatic.com/s/zcoolkuaile/v22/tssqApdaRQokwFjFJjvM6h2WpozzoXhC2g.ttf,"WARN spacing/evenness: Shape error 36.3 units per 1000 em (gaps that depart from even spacing of these shapes): 98th percentile of Sans Serif fonts (median 17.0, robust z +4.3)."
ZCOOL QingKe HuangYou,Sans Serif,Hans,WARN,loose,0.468,29.6,,18.6,,,4,,2026-10-08-0604-1115,ZCOOLQingKeHuangYou-Regular.ttf,https://fonts.gstatic.com/s/zcoolqingkehuangyou/v16/2Eb5L_R5IXJEWhD3AOhSvFC554MOOahI4mRIi_28c8bHWA.ttf,"WARN spacing/glyph-sides: 1 sidebearing is far outside the norms of Sans Serif fonts (units per 1000 em against their median): ’ right +550. | WARN spacing/pairs: 66 pairs are spaced far from how Sans Serif fonts usually compare with the model (units per 1000 em, + looser): ’v +557, ’x +538, ’w +560, ’i +563, ’S +540, ’t +558, ’I +527, ’h +546, ’X +553, ’l +544."
ZCOOL XiaoWei,Sans Serif,Hans,INFO,standard,0.138,27.6,28.9,14.3,0.791,0.798,6,,2026-10-08-0604-1115,ZCOOLXiaoWei-Regular.ttf,https://fonts.gstatic.com/s/zcoolxiaowei/v15/i7dMIFFrTRywPpUVX9_RJyM1YFKQHwyVd3U.ttf,
Zen Antique,Serif,Jpan,INFO,standard,0.23,20.4,26.1,10.1,0.762,0.793,40,,2026-10-08-0604-1115,ZenAntique-Regular.ttf,https://fonts.gstatic.com/s/zenantique/v15/AYCPpXPnd91Ma_Zf-Ri2JXJq7PKP5Z_G.ttf,
Zen Antique Soft,Serif,Jpan,INFO,standard,0.231,20.4,26.1,10.1,0.761,0.791,40,,2026-10-08-0604-1115,ZenAntiqueSoft-Regular.ttf,https://fonts.gstatic.com/s/zenantiquesoft/v15/DtV4JwqzSL1q_KwnEWMc_3xfgW6ihwBmkui5HNg.ttf,
Zen Dots,Display,,INFO,tight,-0.564,19.9,21.4,10.8,0.888,0.836,47,70,2026-10-08-0604-1115,ZenDots-Regular.ttf,https://fonts.gstatic.com/s/zendots/v14/XRXX3ICfm00IGoesQeaETM_FcCIG.ttf,
Zen Kaku Gothic Antique,Sans Serif,Jpan,INFO,standard,-0.016,21.7,24,11.7,0.775,0.836,21,,2026-10-08-0604-1115,ZenKakuGothicAntique-Regular.ttf,https://fonts.gstatic.com/s/zenkakugothicantique/v19/6qLQKYkHvh-nlUpKPAdoVFBtfxDzIn1eCzpB21-g3RKjc4d7.ttf,
Zen Kaku Gothic New,Sans Serif,Jpan,INFO,standard,-0.016,21.7,24,11.7,0.775,0.836,21,,2026-10-08-0604-1115,ZenKakuGothicNew-Regular.ttf,https://fonts.gstatic.com/s/zenkakugothicnew/v19/gNMYW2drQpDw0GjzrVNFf_valaDBcznOkjtiTWz5UGA.ttf,
Zen Kurenaido,Sans Serif,Jpan,INFO,standard,0.259,25.5,29.5,13.8,0.762,0.562,9,,2026-10-08-0604-1115,ZenKurenaido-Regular.ttf,https://fonts.gstatic.com/s/zenkurenaido/v20/3XFsEr0515BK2u6UUptu_gWJZfz22PRLd0U.ttf,
Zen Loop,Display,,INFO,standard,0.015,17.6,17.7,10.4,0.809,0.694,59,70,2026-10-08-0604-1115,ZenLoop-Regular.ttf,https://fonts.gstatic.com/s/zenloop/v11/h0GrssK16UsnJwHsEK9zqwzX5vOG.ttf,
Zen Maru Gothic,Sans Serif,Jpan,INFO,standard,-0.011,22.8,23.7,13.3,0.748,0.792,16,,2026-10-08-0604-1115,ZenMaruGothic-Regular.ttf,https://fonts.gstatic.com/s/zenmarugothic/v20/o-0SIpIxzW5b-RxT-6A8jWAtCp-k7UJmNLGG9A.ttf,
Zen Old Mincho,Serif,Jpan,INFO,standard,0.212,22.2,26.1,11,0.799,0.727,27,,2026-10-08-0604-1115,ZenOldMincho-Regular.ttf,https://fonts.gstatic.com/s/zenoldmincho/v14/tss0ApVaYytLwxTqcxfMyBveyYb3g31S2s8p.ttf,
Zen Tokyo Zoo,Display,,INFO,tight,-0.551,18.1,13.5,10.3,0.886,0.63,56,70,2026-10-08-0604-1115,ZenTokyoZoo-Regular.ttf,https://fonts.gstatic.com/s/zentokyozoo/v8/NGSyv5ffC0J_BK6aFNtr6sRv8a1uRWe9amg.ttf,
Zeyada,Handwriting,,INFO,tight,-0.735,31.8,,18.3,,,60,,2026-10-08-0604-1115,Zeyada-Regular.ttf,https://fonts.gstatic.com/s/zeyada/v22/11hAGpPTxVPUbgZDNGatWKaZ3g.ttf,
Zhi Mang Xing,Handwriting,Hans,INFO,tight,-0.981,27.8,30.4,19.2,0.667,0.553,70,,2026-10-08-0604-1115,ZhiMangXing-Regular.ttf,https://fonts.gstatic.com/s/zhimangxing/v19/f0Xw0ey79sErYFtWQ9a2rq-g0actfektIJ0.ttf,
Zilla Slab,Serif,,INFO,standard,0.017,12.2,14.3,7.9,0.764,0.84,99,100,2026-10-08-0604-1115,ZillaSlab-Regular.ttf,https://fonts.gstatic.com/s/zillaslab/v12/dFa6ZfeM_74wlPZtksIFWj0w_HyIRlE.ttf,
Zilla Slab Highlight,Serif,,INFO,tight,-6,0.3,,0.1,,,,,2026-10-08-0604-1115,ZillaSlabHighlight-Regular.ttf,https://fonts.gstatic.com/s/zillaslabhighlight/v21/gNMbW2BrTpK8-inLtBJgMMfbm6uNVDvRxhtIY2DwSXlM.ttf,
